S no,AICTE Id,Institute Name,State,District,Institute Type,Program,University/Board,Level,Name of the Course,Approved Intake,Seats for NRI Quota
1,1-9319586590,G.PULLA REDDY ENGINEERING COLLEGE,Andhra Pradesh,KURNOOL,Private-Self Financing,ENGINEERING AND TECHNOLOGY,"Jawaharlal Nehru Technological University, Anantapur",UNDER GRADUATE,COMPUTER SCIENCE AND ENGINEERING,180,9
2,1-9319586590,G.PULLA REDDY ENGINEERING COLLEGE,Andhra Pradesh,KURNOOL,Private-Self Financing,ENGINEERING AND TECHNOLOGY,"Jawaharlal Nehru Technological University, Anantapur",UNDER GRADUATE,ELECTRONICS COMMUNICATION ENGG,180,9
3,1-9319586590,G.PULLA REDDY ENGINEERING COLLEGE,Andhra Pradesh,KURNOOL,Private-Self Financing,ENGINEERING AND TECHNOLOGY,"Jawaharlal Nehru Technological University, Anantapur",UNDER GRADUATE,ELECTRICAL AND ELECTRONICS ENGINEERING,120,6
4,1-9319586590,G.PULLA REDDY ENGINEERING COLLEGE,Andhra Pradesh,KURNOOL,Private-Self Financing,ENGINEERING AND TECHNOLOGY,"Jawaharlal Nehru Technological University, Anantapur",UNDER GRADUATE,MECHANICAL ENGINEERING,120,6
5,1-9319586590,G.PULLA REDDY ENGINEERING COLLEGE,Andhra Pradesh,KURNOOL,Private-Self Financing,ENGINEERING AND TECHNOLOGY,"Jawaharlal Nehru Technological University, Anantapur",UNDER GRADUATE,CIVIL ENGINEERING,120,6
6,1-9319586590,G.PULLA REDDY ENGINEERING COLLEGE,Andhra Pradesh,KURNOOL,Private-Self Financing,ENGINEERING AND TECHNOLOGY,"Jawaharlal Nehru Technological University, Anantapur",UNDER GRADUATE,COMPUTER SCIENCE AND TECHNOLOGY,60,3
7,1-9319586590,G.PULLA REDDY ENGINEERING COLLEGE,Andhra Pradesh,KURNOOL,Private-Self Financing,ENGINEERING AND TECHNOLOGY,"Jawaharlal Nehru Technological University, Anantapur",UNDER GRADUATE,COMPUTER SCIENCE AND BUSINESS SYSTEM,60,3
8,1-9319586590,G.PULLA REDDY ENGINEERING COLLEGE,Andhra Pradesh,KURNOOL,Private-Self Financing,ENGINEERING AND TECHNOLOGY,"Jawaharlal Nehru Technological University, Anantapur",UNDER GRADUATE,COMPUTER SCIENCE ENGINEERING ARTIFICIAL INTELLIGENCE AND MACHINE LEARNING,60,3
9,1-9319586590,G.PULLA REDDY ENGINEERING COLLEGE,Andhra Pradesh,KURNOOL,Private-Self Financing,ENGINEERING AND TECHNOLOGY,"Jawaharlal Nehru Technological University, Anantapur",UNDER GRADUATE,COMPUTER SCIENCE ENGINEERING DATA SCIENCE,60,3
10,1-9319490326,GANDHI INSTITUTE OF TECHNOLOGY AND MANAGEMENT GITAM VISAKHAPATNAM,Andhra Pradesh,VISAKHAPATNAM,Deemed to be University(Pvt),MANAGEMENT,"Gandhi Institute of Technology and Management (GITAM), Visakhapatnam",POST GRADUATE,MBA,240,12
11,1-9319490326,GANDHI INSTITUTE OF TECHNOLOGY AND MANAGEMENT GITAM VISAKHAPATNAM,Andhra Pradesh,VISAKHAPATNAM,Deemed to be University(Pvt),COMPUTER APPLICATIONS,"Gandhi Institute of Technology and Management (GITAM), Visakhapatnam",POST GRADUATE,MASTER OF COMPUTER APPLICATIONS,60,3
12,1-9319490326,GANDHI INSTITUTE OF TECHNOLOGY AND MANAGEMENT GITAM VISAKHAPATNAM,Andhra Pradesh,VISAKHAPATNAM,Deemed to be University(Pvt),PHARMACY,"Gandhi Institute of Technology and Management (GITAM), Visakhapatnam",UNDER GRADUATE,PHARMACY,100,5
13,1-9319490326,GANDHI INSTITUTE OF TECHNOLOGY AND MANAGEMENT GITAM VISAKHAPATNAM,Andhra Pradesh,VISAKHAPATNAM,Deemed to be University(Pvt),PLANNING,"Gandhi Institute of Technology and Management (GITAM), Visakhapatnam",UNDER GRADUATE,ARCHITECTURE,80,4
14,1-9319490326,GANDHI INSTITUTE OF TECHNOLOGY AND MANAGEMENT GITAM VISAKHAPATNAM,Andhra Pradesh,VISAKHAPATNAM,Deemed to be University(Pvt),ENGINEERING AND TECHNOLOGY,"Gandhi Institute of Technology and Management (GITAM), Visakhapatnam",UNDER GRADUATE,COMPUTER SCIENCE AND ENGINEERING,1020,51
15,1-9319490326,GANDHI INSTITUTE OF TECHNOLOGY AND MANAGEMENT GITAM VISAKHAPATNAM,Andhra Pradesh,VISAKHAPATNAM,Deemed to be University(Pvt),ENGINEERING AND TECHNOLOGY,"Gandhi Institute of Technology and Management (GITAM), Visakhapatnam",UNDER GRADUATE,BIOTECHNOLOGY,60,3
16,1-9319490326,GANDHI INSTITUTE OF TECHNOLOGY AND MANAGEMENT GITAM VISAKHAPATNAM,Andhra Pradesh,VISAKHAPATNAM,Deemed to be University(Pvt),ENGINEERING AND TECHNOLOGY,"Gandhi Institute of Technology and Management (GITAM), Visakhapatnam",UNDER GRADUATE,CIVIL ENGINEERING,30,2
17,1-9319490326,GANDHI INSTITUTE OF TECHNOLOGY AND MANAGEMENT GITAM VISAKHAPATNAM,Andhra Pradesh,VISAKHAPATNAM,Deemed to be University(Pvt),ENGINEERING AND TECHNOLOGY,"Gandhi Institute of Technology and Management (GITAM), Visakhapatnam",UNDER GRADUATE,ELECTRONICS AND COMMUNICATIONS ENGINEERING,180,9
18,1-9319490326,GANDHI INSTITUTE OF TECHNOLOGY AND MANAGEMENT GITAM VISAKHAPATNAM,Andhra Pradesh,VISAKHAPATNAM,Deemed to be University(Pvt),ENGINEERING AND TECHNOLOGY,"Gandhi Institute of Technology and Management (GITAM), Visakhapatnam",UNDER GRADUATE,ELECTRICAL AND ELECTRONICS ENGINEERING,30,2
19,1-9319490326,GANDHI INSTITUTE OF TECHNOLOGY AND MANAGEMENT GITAM VISAKHAPATNAM,Andhra Pradesh,VISAKHAPATNAM,Deemed to be University(Pvt),ENGINEERING AND TECHNOLOGY,"Gandhi Institute of Technology and Management (GITAM), Visakhapatnam",UNDER GRADUATE,MECHANICAL ENGINEERING,60,3
20,1-9319490326,GANDHI INSTITUTE OF TECHNOLOGY AND MANAGEMENT GITAM VISAKHAPATNAM,Andhra Pradesh,VISAKHAPATNAM,Deemed to be University(Pvt),ENGINEERING AND TECHNOLOGY,"Gandhi Institute of Technology and Management (GITAM), Visakhapatnam",POST GRADUATE,FOOD PROCESSING TECHNOLOGY,12,1
21,1-9319490326,GANDHI INSTITUTE OF TECHNOLOGY AND MANAGEMENT GITAM VISAKHAPATNAM,Andhra Pradesh,VISAKHAPATNAM,Deemed to be University(Pvt),ENGINEERING AND TECHNOLOGY,"Gandhi Institute of Technology and Management (GITAM), Visakhapatnam",POST GRADUATE,CYBER FORENSICS AND INFORMATION SECURITY,12,1
22,1-9319490326,GANDHI INSTITUTE OF TECHNOLOGY AND MANAGEMENT GITAM VISAKHAPATNAM,Andhra Pradesh,VISAKHAPATNAM,Deemed to be University(Pvt),ENGINEERING AND TECHNOLOGY,"Gandhi Institute of Technology and Management (GITAM), Visakhapatnam",POST GRADUATE,DATA SCIENCE,18,1
23,1-9319490326,GANDHI INSTITUTE OF TECHNOLOGY AND MANAGEMENT GITAM VISAKHAPATNAM,Andhra Pradesh,VISAKHAPATNAM,Deemed to be University(Pvt),ENGINEERING AND TECHNOLOGY,"Gandhi Institute of Technology and Management (GITAM), Visakhapatnam",POST GRADUATE,STRUCTURAL ENGINEERING,12,1
24,1-9319490326,GANDHI INSTITUTE OF TECHNOLOGY AND MANAGEMENT GITAM VISAKHAPATNAM,Andhra Pradesh,VISAKHAPATNAM,Deemed to be University(Pvt),ENGINEERING AND TECHNOLOGY,"Gandhi Institute of Technology and Management (GITAM), Visakhapatnam",POST GRADUATE,MACHINE DESIGN,12,1
25,1-9319490326,GANDHI INSTITUTE OF TECHNOLOGY AND MANAGEMENT GITAM VISAKHAPATNAM,Andhra Pradesh,VISAKHAPATNAM,Deemed to be University(Pvt),ENGINEERING AND TECHNOLOGY,"Gandhi Institute of Technology and Management (GITAM), Visakhapatnam",POST GRADUATE,VLSI DESIGN,12,1
26,1-9319490326,GANDHI INSTITUTE OF TECHNOLOGY AND MANAGEMENT GITAM VISAKHAPATNAM,Andhra Pradesh,VISAKHAPATNAM,Deemed to be University(Pvt),ENGINEERING AND TECHNOLOGY,"Gandhi Institute of Technology and Management (GITAM), Visakhapatnam",POST GRADUATE,POWER SYSTEM AND AUTOMATION,6,0
27,1-9319490326,GANDHI INSTITUTE OF TECHNOLOGY AND MANAGEMENT GITAM VISAKHAPATNAM,Andhra Pradesh,VISAKHAPATNAM,Deemed to be University(Pvt),PLANNING,"Gandhi Institute of Technology and Management (GITAM), Visakhapatnam",POST GRADUATE,SUSTAINABLE ARCHITECTURE,20,1
28,1-9319490326,GANDHI INSTITUTE OF TECHNOLOGY AND MANAGEMENT GITAM VISAKHAPATNAM,Andhra Pradesh,VISAKHAPATNAM,Deemed to be University(Pvt),PHARMACY,"Gandhi Institute of Technology and Management (GITAM), Visakhapatnam",POST GRADUATE,PHARMACEUTICS,15,1
29,1-9319490326,GANDHI INSTITUTE OF TECHNOLOGY AND MANAGEMENT GITAM VISAKHAPATNAM,Andhra Pradesh,VISAKHAPATNAM,Deemed to be University(Pvt),PHARMACY,"Gandhi Institute of Technology and Management (GITAM), Visakhapatnam",POST GRADUATE,PHARMACEUTICAL ANALYSIS,15,1
30,1-9319490326,GANDHI INSTITUTE OF TECHNOLOGY AND MANAGEMENT GITAM VISAKHAPATNAM,Andhra Pradesh,VISAKHAPATNAM,Deemed to be University(Pvt),PHARMACY,"Gandhi Institute of Technology and Management (GITAM), Visakhapatnam",POST GRADUATE,PHARMACOLOGY,12,1
31,1-9319490326,GANDHI INSTITUTE OF TECHNOLOGY AND MANAGEMENT GITAM VISAKHAPATNAM,Andhra Pradesh,VISAKHAPATNAM,Deemed to be University(Pvt),PHARMACY,"Gandhi Institute of Technology and Management (GITAM), Visakhapatnam",POST GRADUATE,PHARMACEUTICAL CHEMISTRY,15,1
32,1-9319490326,GANDHI INSTITUTE OF TECHNOLOGY AND MANAGEMENT GITAM VISAKHAPATNAM,Andhra Pradesh,VISAKHAPATNAM,Deemed to be University(Pvt),MANAGEMENT,"Gandhi Institute of Technology and Management (GITAM), Visakhapatnam",POST GRADUATE,MBAINTERNATIONAL BUSINESS,60,3
33,1-9319490326,GANDHI INSTITUTE OF TECHNOLOGY AND MANAGEMENT GITAM VISAKHAPATNAM,Andhra Pradesh,VISAKHAPATNAM,Deemed to be University(Pvt),ENGINEERING AND TECHNOLOGY,"Gandhi Institute of Technology and Management (GITAM), Visakhapatnam",UNDER GRADUATE,COMPUTER SCIENCE AND BUSINESS SYSTEM,60,3
34,1-9319490326,GANDHI INSTITUTE OF TECHNOLOGY AND MANAGEMENT GITAM VISAKHAPATNAM,Andhra Pradesh,VISAKHAPATNAM,Deemed to be University(Pvt),ENGINEERING AND TECHNOLOGY,"Gandhi Institute of Technology and Management (GITAM), Visakhapatnam",POST GRADUATE,COMPUTER SCIENCE AND ENGINEERING,12,1
35,1-9319490326,GANDHI INSTITUTE OF TECHNOLOGY AND MANAGEMENT GITAM VISAKHAPATNAM,Andhra Pradesh,VISAKHAPATNAM,Deemed to be University(Pvt),ENGINEERING AND TECHNOLOGY,"Gandhi Institute of Technology and Management (GITAM), Visakhapatnam",POST GRADUATE,MANUFACTURING TECHNOLOGY AUTOMATION,12,1
36,1-9319490326,GANDHI INSTITUTE OF TECHNOLOGY AND MANAGEMENT GITAM VISAKHAPATNAM,Andhra Pradesh,VISAKHAPATNAM,Deemed to be University(Pvt),MANAGEMENT,"Gandhi Institute of Technology and Management (GITAM), Visakhapatnam",POST GRADUATE,MBABUSINESS ANALYTICS,30,2
37,1-9319490326,GANDHI INSTITUTE OF TECHNOLOGY AND MANAGEMENT GITAM VISAKHAPATNAM,Andhra Pradesh,VISAKHAPATNAM,Deemed to be University(Pvt),MANAGEMENT,"Gandhi Institute of Technology and Management (GITAM), Visakhapatnam",POST GRADUATE,MBAHEALTH CARE AND HOSPITAL MANAGEMENT,30,2
38,1-9319490326,GANDHI INSTITUTE OF TECHNOLOGY AND MANAGEMENT GITAM VISAKHAPATNAM,Andhra Pradesh,VISAKHAPATNAM,Deemed to be University(Pvt),PHARMACY,"Gandhi Institute of Technology and Management (GITAM), Visakhapatnam",POST GRADUATE,PHARMACEUTICAL QUALITY ASSURANCE,9,0
39,1-9319490326,GANDHI INSTITUTE OF TECHNOLOGY AND MANAGEMENT GITAM VISAKHAPATNAM,Andhra Pradesh,VISAKHAPATNAM,Deemed to be University(Pvt),ENGINEERING AND TECHNOLOGY,"Gandhi Institute of Technology and Management (GITAM), Visakhapatnam",UNDER GRADUATE,COMPUTER SCIENCE AND ENGINEERINGARTIFICIAL INTELLIGENCE AND MACHINE LEARNING,180,9
40,1-9319490326,GANDHI INSTITUTE OF TECHNOLOGY AND MANAGEMENT GITAM VISAKHAPATNAM,Andhra Pradesh,VISAKHAPATNAM,Deemed to be University(Pvt),ENGINEERING AND TECHNOLOGY,"Gandhi Institute of Technology and Management (GITAM), Visakhapatnam",UNDER GRADUATE,COMPUTER SCIENCE AND ENGINEERING IOT,60,3
41,1-9319490326,GANDHI INSTITUTE OF TECHNOLOGY AND MANAGEMENT GITAM VISAKHAPATNAM,Andhra Pradesh,VISAKHAPATNAM,Deemed to be University(Pvt),ENGINEERING AND TECHNOLOGY,"Gandhi Institute of Technology and Management (GITAM), Visakhapatnam",UNDER GRADUATE,COMPUTER SCIENCE AND ENGINEERING CYBER SECURITY,120,6
42,1-9319490326,GANDHI INSTITUTE OF TECHNOLOGY AND MANAGEMENT GITAM VISAKHAPATNAM,Andhra Pradesh,VISAKHAPATNAM,Deemed to be University(Pvt),ENGINEERING AND TECHNOLOGY,"Gandhi Institute of Technology and Management (GITAM), Visakhapatnam",UNDER GRADUATE,COMPUTER SCIENCE AND ENGINEERING DATA SCIENCE,120,6
43,1-9322625846,GAYATRI VIDYA PARISHAD COLLEGE OF ENGINEERING,Andhra Pradesh,VISHAKHAPATNAM,Private-Self Financing,ENGINEERING AND TECHNOLOGY,"Jawaharlal Nehru Technological University, Kakinada",UNDER GRADUATE,CHEMICAL ENGINEERING,60,3
44,1-9322625846,GAYATRI VIDYA PARISHAD COLLEGE OF ENGINEERING,Andhra Pradesh,VISHAKHAPATNAM,Private-Self Financing,ENGINEERING AND TECHNOLOGY,"Jawaharlal Nehru Technological University, Kakinada",UNDER GRADUATE,CIVIL ENGINEERING,120,6
45,1-9322625846,GAYATRI VIDYA PARISHAD COLLEGE OF ENGINEERING,Andhra Pradesh,VISHAKHAPATNAM,Private-Self Financing,ENGINEERING AND TECHNOLOGY,"Jawaharlal Nehru Technological University, Kakinada",UNDER GRADUATE,COMPUTER SCIENCE AND ENGINEERING,240,12
46,1-9322625846,GAYATRI VIDYA PARISHAD COLLEGE OF ENGINEERING,Andhra Pradesh,VISHAKHAPATNAM,Private-Self Financing,ENGINEERING AND TECHNOLOGY,"Jawaharlal Nehru Technological University, Kakinada",UNDER GRADUATE,MECHANICAL ENGINEERING,120,6
47,1-9322625846,GAYATRI VIDYA PARISHAD COLLEGE OF ENGINEERING,Andhra Pradesh,VISHAKHAPATNAM,Private-Self Financing,ENGINEERING AND TECHNOLOGY,"Jawaharlal Nehru Technological University, Kakinada",UNDER GRADUATE,ELECTRONICS COMMUNICATION ENGG,240,12
48,1-9322625846,GAYATRI VIDYA PARISHAD COLLEGE OF ENGINEERING,Andhra Pradesh,VISHAKHAPATNAM,Private-Self Financing,ENGINEERING AND TECHNOLOGY,"Jawaharlal Nehru Technological University, Kakinada",UNDER GRADUATE,INFORMATION TECHNOLOGY,60,3
49,1-9322625846,GAYATRI VIDYA PARISHAD COLLEGE OF ENGINEERING,Andhra Pradesh,VISHAKHAPATNAM,Private-Self Financing,ENGINEERING AND TECHNOLOGY,"Jawaharlal Nehru Technological University, Kakinada",UNDER GRADUATE,ELECTRICAL AND ELECTRONICS ENGINEERING,120,6
50,1-9322625846,GAYATRI VIDYA PARISHAD COLLEGE OF ENGINEERING,Andhra Pradesh,VISHAKHAPATNAM,Private-Self Financing,ENGINEERING AND TECHNOLOGY,"Jawaharlal Nehru Technological University, Kakinada",POST GRADUATE,COMPUTER SCIENCE AND ENGINEERING,18,1
51,1-9322625846,GAYATRI VIDYA PARISHAD COLLEGE OF ENGINEERING,Andhra Pradesh,VISHAKHAPATNAM,Private-Self Financing,ENGINEERING AND TECHNOLOGY,"Jawaharlal Nehru Technological University, Kakinada",POST GRADUATE,INFRASTRUCTURE ENGINEERING AND MANAGEMENT,18,1
52,1-9322625846,GAYATRI VIDYA PARISHAD COLLEGE OF ENGINEERING,Andhra Pradesh,VISHAKHAPATNAM,Private-Self Financing,ENGINEERING AND TECHNOLOGY,"Jawaharlal Nehru Technological University, Kakinada",POST GRADUATE,STRUCTURAL ENGINEERING,18,1
53,1-9322625846,GAYATRI VIDYA PARISHAD COLLEGE OF ENGINEERING,Andhra Pradesh,VISHAKHAPATNAM,Private-Self Financing,COMPUTER APPLICATIONS,"Jawaharlal Nehru Technological University, Kakinada",POST GRADUATE,MASTERS IN COMPUTER APPLICATIONS,60,3
54,1-9322625846,GAYATRI VIDYA PARISHAD COLLEGE OF ENGINEERING,Andhra Pradesh,VISHAKHAPATNAM,Private-Self Financing,ENGINEERING AND TECHNOLOGY,"Jawaharlal Nehru Technological University, Kakinada",POST GRADUATE,CAD CAM,18,1
55,1-9322625846,GAYATRI VIDYA PARISHAD COLLEGE OF ENGINEERING,Andhra Pradesh,VISHAKHAPATNAM,Private-Self Financing,ENGINEERING AND TECHNOLOGY,"Jawaharlal Nehru Technological University, Kakinada",POST GRADUATE,POWER SYSTEM AND CONTROL AUTOMATION,18,1
56,1-9322625846,GAYATRI VIDYA PARISHAD COLLEGE OF ENGINEERING,Andhra Pradesh,VISHAKHAPATNAM,Private-Self Financing,ENGINEERING AND TECHNOLOGY,"Jawaharlal Nehru Technological University, Kakinada",POST GRADUATE,VLSI DESIGN AND EMBEDDED SYSTEMS,18,1
57,1-9322625846,GAYATRI VIDYA PARISHAD COLLEGE OF ENGINEERING,Andhra Pradesh,VISHAKHAPATNAM,Private-Self Financing,ENGINEERING AND TECHNOLOGY,"Jawaharlal Nehru Technological University, Kakinada",POST GRADUATE,COMMUNICATION ENGINEERING AND SIGNAL PROCESSING,18,1
58,1-9322625846,GAYATRI VIDYA PARISHAD COLLEGE OF ENGINEERING,Andhra Pradesh,VISHAKHAPATNAM,Private-Self Financing,ENGINEERING AND TECHNOLOGY,"Jawaharlal Nehru Technological University, Kakinada",POST GRADUATE,POWER ELECTRONICS AND DRIVES,18,1
59,1-9322625846,GAYATRI VIDYA PARISHAD COLLEGE OF ENGINEERING,Andhra Pradesh,VISHAKHAPATNAM,Private-Self Financing,ENGINEERING AND TECHNOLOGY,"Jawaharlal Nehru Technological University, Kakinada",POST GRADUATE,THERMAL ENGINEERING,18,1
60,1-9317843310,JNTUA SCHOOL OF MANAGEMENT STUDIES,Andhra Pradesh,ANANTAPUR,Government,MANAGEMENT,"Jawaharlal Nehru Technological University, Anantapur",POST GRADUATE,MBAFIN TECH,60,3
61,1-9318091589,KONERU LAKSHMAIAH EDUCATION FOUNDATION,Andhra Pradesh,GUNTUR,Deemed to be University(Pvt),ENGINEERING AND TECHNOLOGY,"Koneru Lakshmaiah Education Foundation, Guntur Distt.",UNDER GRADUATE,COMPUTER SCIENCE ENGINEERING,1920,96
62,1-9318091589,KONERU LAKSHMAIAH EDUCATION FOUNDATION,Andhra Pradesh,GUNTUR,Deemed to be University(Pvt),ENGINEERING AND TECHNOLOGY,"Koneru Lakshmaiah Education Foundation, Guntur Distt.",UNDER GRADUATE,ELECTRONICS COMMUNICATION ENGG,360,18
63,1-9318091589,KONERU LAKSHMAIAH EDUCATION FOUNDATION,Andhra Pradesh,GUNTUR,Deemed to be University(Pvt),ENGINEERING AND TECHNOLOGY,"Koneru Lakshmaiah Education Foundation, Guntur Distt.",UNDER GRADUATE,ELECTRICAL AND ELECTRONICS ENGINEERING,60,3
64,1-9318091589,KONERU LAKSHMAIAH EDUCATION FOUNDATION,Andhra Pradesh,GUNTUR,Deemed to be University(Pvt),ENGINEERING AND TECHNOLOGY,"Koneru Lakshmaiah Education Foundation, Guntur Distt.",UNDER GRADUATE,MECHANICAL ENGINEERING,120,6
65,1-9318091589,KONERU LAKSHMAIAH EDUCATION FOUNDATION,Andhra Pradesh,GUNTUR,Deemed to be University(Pvt),ENGINEERING AND TECHNOLOGY,"Koneru Lakshmaiah Education Foundation, Guntur Distt.",UNDER GRADUATE,CIVIL ENGINEERING,60,3
66,1-9318091589,KONERU LAKSHMAIAH EDUCATION FOUNDATION,Andhra Pradesh,GUNTUR,Deemed to be University(Pvt),ENGINEERING AND TECHNOLOGY,"Koneru Lakshmaiah Education Foundation, Guntur Distt.",UNDER GRADUATE,BIOTECHNOLOGY,120,6
67,1-9318091589,KONERU LAKSHMAIAH EDUCATION FOUNDATION,Andhra Pradesh,GUNTUR,Deemed to be University(Pvt),ENGINEERING AND TECHNOLOGY,"Koneru Lakshmaiah Education Foundation, Guntur Distt.",POST GRADUATE,BIOTECHNOLOGY,18,1
68,1-9318091589,KONERU LAKSHMAIAH EDUCATION FOUNDATION,Andhra Pradesh,GUNTUR,Deemed to be University(Pvt),ENGINEERING AND TECHNOLOGY,"Koneru Lakshmaiah Education Foundation, Guntur Distt.",POST GRADUATE,STRUCTURAL ENGINEERING,42,2
69,1-9318091589,KONERU LAKSHMAIAH EDUCATION FOUNDATION,Andhra Pradesh,GUNTUR,Deemed to be University(Pvt),ENGINEERING AND TECHNOLOGY,"Koneru Lakshmaiah Education Foundation, Guntur Distt.",POST GRADUATE,CONSTRUCTION TECHNOLOGY AND MANAGEMENT,30,2
70,1-9318091589,KONERU LAKSHMAIAH EDUCATION FOUNDATION,Andhra Pradesh,GUNTUR,Deemed to be University(Pvt),ENGINEERING AND TECHNOLOGY,"Koneru Lakshmaiah Education Foundation, Guntur Distt.",POST GRADUATE,COMPUTER SCIENCE ENGINEERING,36,2
71,1-9318091589,KONERU LAKSHMAIAH EDUCATION FOUNDATION,Andhra Pradesh,GUNTUR,Deemed to be University(Pvt),ENGINEERING AND TECHNOLOGY,"Koneru Lakshmaiah Education Foundation, Guntur Distt.",POST GRADUATE,COMPUTER SCIENCE AND ENGINEERING DIGITAL FORENSIC CYBERSECURITY,36,2
72,1-9318091589,KONERU LAKSHMAIAH EDUCATION FOUNDATION,Andhra Pradesh,GUNTUR,Deemed to be University(Pvt),ENGINEERING AND TECHNOLOGY,"Koneru Lakshmaiah Education Foundation, Guntur Distt.",POST GRADUATE,VLSI,18,1
73,1-9318091589,KONERU LAKSHMAIAH EDUCATION FOUNDATION,Andhra Pradesh,GUNTUR,Deemed to be University(Pvt),ENGINEERING AND TECHNOLOGY,"Koneru Lakshmaiah Education Foundation, Guntur Distt.",POST GRADUATE,RADAR COMMUNICATION,18,1
74,1-9318091589,KONERU LAKSHMAIAH EDUCATION FOUNDATION,Andhra Pradesh,GUNTUR,Deemed to be University(Pvt),ENGINEERING AND TECHNOLOGY,"Koneru Lakshmaiah Education Foundation, Guntur Distt.",POST GRADUATE,POWER ELECTRONICS AND DRIVES,18,1
75,1-9318091589,KONERU LAKSHMAIAH EDUCATION FOUNDATION,Andhra Pradesh,GUNTUR,Deemed to be University(Pvt),ENGINEERING AND TECHNOLOGY,"Koneru Lakshmaiah Education Foundation, Guntur Distt.",POST GRADUATE,POWER SYSTEMS,18,1
76,1-9318091589,KONERU LAKSHMAIAH EDUCATION FOUNDATION,Andhra Pradesh,GUNTUR,Deemed to be University(Pvt),ENGINEERING AND TECHNOLOGY,"Koneru Lakshmaiah Education Foundation, Guntur Distt.",POST GRADUATE,THERMAL ENGINEERING,18,1
77,1-9318091589,KONERU LAKSHMAIAH EDUCATION FOUNDATION,Andhra Pradesh,GUNTUR,Deemed to be University(Pvt),PLANNING,"Koneru Lakshmaiah Education Foundation, Guntur Distt.",UNDER GRADUATE,ARCHITECTURE,40,2
78,1-9318091589,KONERU LAKSHMAIAH EDUCATION FOUNDATION,Andhra Pradesh,GUNTUR,Deemed to be University(Pvt),PHARMACY,"Koneru Lakshmaiah Education Foundation, Guntur Distt.",UNDER GRADUATE,PHARMACY,100,5
79,1-9318091589,KONERU LAKSHMAIAH EDUCATION FOUNDATION,Andhra Pradesh,GUNTUR,Deemed to be University(Pvt),MANAGEMENT,"Koneru Lakshmaiah Education Foundation, Guntur Distt.",POST GRADUATE,MBA,300,15
80,1-9318091589,KONERU LAKSHMAIAH EDUCATION FOUNDATION,Andhra Pradesh,GUNTUR,Deemed to be University(Pvt),ENGINEERING AND TECHNOLOGY,"Koneru Lakshmaiah Education Foundation, Guntur Distt.",POST GRADUATE,MACHINE DESIGN,18,1
81,1-9318091589,KONERU LAKSHMAIAH EDUCATION FOUNDATION,Andhra Pradesh,GUNTUR,Deemed to be University(Pvt),DESIGN,"Koneru Lakshmaiah Education Foundation, Guntur Distt.",UNDER GRADUATE,DESIGN,30,2
82,1-9318091589,KONERU LAKSHMAIAH EDUCATION FOUNDATION,Andhra Pradesh,GUNTUR,Deemed to be University(Pvt),ENGINEERING AND TECHNOLOGY,"Koneru Lakshmaiah Education Foundation, Guntur Distt.",UNDER GRADUATE,ARTIFICIAL INTELLIGENCE AND DATA SCIENCE,180,9
83,1-9318091589,KONERU LAKSHMAIAH EDUCATION FOUNDATION,Andhra Pradesh,GUNTUR,Deemed to be University(Pvt),ENGINEERING AND TECHNOLOGY,"Koneru Lakshmaiah Education Foundation, Guntur Distt.",UNDER GRADUATE,COMPUTER SCIENCE AND INFORMATION TECHNOLOGY,120,6
84,1-9318091589,KONERU LAKSHMAIAH EDUCATION FOUNDATION,Andhra Pradesh,GUNTUR,Deemed to be University(Pvt),PHARMACY,"Koneru Lakshmaiah Education Foundation, Guntur Distt.",POST GRADUATE,PHARM.D.,30,2
85,1-9318091589,KONERU LAKSHMAIAH EDUCATION FOUNDATION,Andhra Pradesh,GUNTUR,Deemed to be University(Pvt),PHARMACY,"Koneru Lakshmaiah Education Foundation, Guntur Distt.",POST GRADUATE,MASTERS OF PHARMACY MANAGEMENT,15,1
86,1-9318091589,KONERU LAKSHMAIAH EDUCATION FOUNDATION,Andhra Pradesh,GUNTUR,Deemed to be University(Pvt),ENGINEERING AND TECHNOLOGY,"Koneru Lakshmaiah Education Foundation, Guntur Distt.",POST GRADUATE,GEOTECHNICAL ENGINEERING,18,1
87,1-9318091589,KONERU LAKSHMAIAH EDUCATION FOUNDATION,Andhra Pradesh,GUNTUR,Deemed to be University(Pvt),COMPUTER APPLICATIONS,"Koneru Lakshmaiah Education Foundation, Guntur Distt.",POST GRADUATE,MASTER OF COMPUTER APPLICATIONS,60,3
88,1-9318091589,KONERU LAKSHMAIAH EDUCATION FOUNDATION,Andhra Pradesh,GUNTUR,Deemed to be University(Pvt),ENGINEERING AND TECHNOLOGY,"Koneru Lakshmaiah Education Foundation, Guntur Distt.",UNDER GRADUATE,ELECTRONICS AND COMPUTER SCIENCE,60,3
89,1-9318091589,KONERU LAKSHMAIAH EDUCATION FOUNDATION,Andhra Pradesh,GUNTUR,Deemed to be University(Pvt),ENGINEERING AND TECHNOLOGY,"Koneru Lakshmaiah Education Foundation, Guntur Distt.",UNDER GRADUATE,INTERNET OF THINGS,60,3
90,1-9318091589,KONERU LAKSHMAIAH EDUCATION FOUNDATION,Andhra Pradesh,GUNTUR,Deemed to be University(Pvt),ENGINEERING AND TECHNOLOGY,"Koneru Lakshmaiah Education Foundation, Guntur Distt.",POST GRADUATE,ARTIFICIAL INTELLIGENCE AND DATA SCIENCE,18,1
91,1-9318091589,KONERU LAKSHMAIAH EDUCATION FOUNDATION,Andhra Pradesh,GUNTUR,Deemed to be University(Pvt),ENGINEERING AND TECHNOLOGY,"Koneru Lakshmaiah Education Foundation, Guntur Distt.",POST GRADUATE,INTERNET OF THINGS,18,1
92,1-9318091589,KONERU LAKSHMAIAH EDUCATION FOUNDATION,Andhra Pradesh,GUNTUR,Deemed to be University(Pvt),ENGINEERING AND TECHNOLOGY,"Koneru Lakshmaiah Education Foundation, Guntur Distt.",POST GRADUATE,ROBOTICS AND AUTOMATION,18,1
93,1-9322018878,SAGI RAMAKRISHNAM RAJU ENGINEERING COLLEGE,Andhra Pradesh,WEST GODAVARI,Private-Self Financing,ENGINEERING AND TECHNOLOGY,"Jawaharlal Nehru Technological University, Kakinada",UNDER GRADUATE,MECHANICAL ENGINEERING,240,12
94,1-9322018878,SAGI RAMAKRISHNAM RAJU ENGINEERING COLLEGE,Andhra Pradesh,WEST GODAVARI,Private-Self Financing,ENGINEERING AND TECHNOLOGY,"Jawaharlal Nehru Technological University, Kakinada",UNDER GRADUATE,ELECTRONICS AND COMMUNICATIONS ENGINEERING,240,12
95,1-9322018878,SAGI RAMAKRISHNAM RAJU ENGINEERING COLLEGE,Andhra Pradesh,WEST GODAVARI,Private-Self Financing,ENGINEERING AND TECHNOLOGY,"Jawaharlal Nehru Technological University, Kakinada",UNDER GRADUATE,ELECTRICAL AND ELECTRONICS ENGINEERING,180,9
96,1-9322018878,SAGI RAMAKRISHNAM RAJU ENGINEERING COLLEGE,Andhra Pradesh,WEST GODAVARI,Private-Self Financing,ENGINEERING AND TECHNOLOGY,"Jawaharlal Nehru Technological University, Kakinada",UNDER GRADUATE,COMPUTER SCIENCE AND ENGINEERING,300,15
97,1-9322018878,SAGI RAMAKRISHNAM RAJU ENGINEERING COLLEGE,Andhra Pradesh,WEST GODAVARI,Private-Self Financing,ENGINEERING AND TECHNOLOGY,"Jawaharlal Nehru Technological University, Kakinada",UNDER GRADUATE,INFORMATION TECHNOLOGY,180,9
98,1-9322018878,SAGI RAMAKRISHNAM RAJU ENGINEERING COLLEGE,Andhra Pradesh,WEST GODAVARI,Private-Self Financing,ENGINEERING AND TECHNOLOGY,"Jawaharlal Nehru Technological University, Kakinada",POST GRADUATE,CAD CAM,18,1
99,1-9322018878,SAGI RAMAKRISHNAM RAJU ENGINEERING COLLEGE,Andhra Pradesh,WEST GODAVARI,Private-Self Financing,ENGINEERING AND TECHNOLOGY,"Jawaharlal Nehru Technological University, Kakinada",POST GRADUATE,STRUCTURAL ENGINEERING,18,1
100,1-9322018878,SAGI RAMAKRISHNAM RAJU ENGINEERING COLLEGE,Andhra Pradesh,WEST GODAVARI,Private-Self Financing,ENGINEERING AND TECHNOLOGY,"Jawaharlal Nehru Technological University, Kakinada",POST GRADUATE,COMMUNICATION SYSTEMS,18,1
101,1-9322018878,SAGI RAMAKRISHNAM RAJU ENGINEERING COLLEGE,Andhra Pradesh,WEST GODAVARI,Private-Self Financing,ENGINEERING AND TECHNOLOGY,"Jawaharlal Nehru Technological University, Kakinada",POST GRADUATE,COMPUTER SCIENCE AND TECHNOLOGY,18,1
102,1-9322018878,SAGI RAMAKRISHNAM RAJU ENGINEERING COLLEGE,Andhra Pradesh,WEST GODAVARI,Private-Self Financing,ENGINEERING AND TECHNOLOGY,"Jawaharlal Nehru Technological University, Kakinada",POST GRADUATE,INFORMATION TECHNOLOGY,18,1
103,1-9322018878,SAGI RAMAKRISHNAM RAJU ENGINEERING COLLEGE,Andhra Pradesh,WEST GODAVARI,Private-Self Financing,ENGINEERING AND TECHNOLOGY,"Jawaharlal Nehru Technological University, Kakinada",POST GRADUATE,POWER SYSTEMS AND AUTOMATION,18,1
104,1-9322018878,SAGI RAMAKRISHNAM RAJU ENGINEERING COLLEGE,Andhra Pradesh,WEST GODAVARI,Private-Self Financing,ENGINEERING AND TECHNOLOGY,"Jawaharlal Nehru Technological University, Kakinada",UNDER GRADUATE,CIVIL ENGINEERING,240,12
105,1-9322018878,SAGI RAMAKRISHNAM RAJU ENGINEERING COLLEGE,Andhra Pradesh,WEST GODAVARI,Private-Self Financing,ENGINEERING AND TECHNOLOGY,"Jawaharlal Nehru Technological University, Kakinada",UNDER GRADUATE,ARTIFICIAL INTELLIGENCE AND DATA SCIENCE,180,9
106,1-9322018878,SAGI RAMAKRISHNAM RAJU ENGINEERING COLLEGE,Andhra Pradesh,WEST GODAVARI,Private-Self Financing,ENGINEERING AND TECHNOLOGY,"Jawaharlal Nehru Technological University, Kakinada",UNDER GRADUATE,COMPUTER SCIENCE AND BUSINESS SYSTEM,60,3
107,1-9322018878,SAGI RAMAKRISHNAM RAJU ENGINEERING COLLEGE,Andhra Pradesh,WEST GODAVARI,Private-Self Financing,ENGINEERING AND TECHNOLOGY,"Jawaharlal Nehru Technological University, Kakinada",UNDER GRADUATE,ARTIFICIAL INTELLIGENCE AND MACHINE LEARNING,60,3
108,1-9322018878,SAGI RAMAKRISHNAM RAJU ENGINEERING COLLEGE,Andhra Pradesh,WEST GODAVARI,Private-Self Financing,ENGINEERING AND TECHNOLOGY,"Jawaharlal Nehru Technological University, Kakinada",UNDER GRADUATE,COMPUTER SCIENCE AND DESIGN,60,3
109,1-9322787140,RSR RUNGTA COLLEGE OF ENGINEERING TECHNOLOGY,Chhattisgarh,DURG,Private-Self Financing,ENGINEERING AND TECHNOLOGY,"Chhattisgarh Swami Vivekanand Technical University, Bhilai",DIPLOMA,CIVIL ENGINEERING,60,3
110,1-9322787140,RSR RUNGTA COLLEGE OF ENGINEERING TECHNOLOGY,Chhattisgarh,DURG,Private-Self Financing,ENGINEERING AND TECHNOLOGY,"Chhattisgarh Swami Vivekanand Technical University, Bhilai",UNDER GRADUATE,MECHANICAL ENGINEERING,120,6
111,1-9322787140,RSR RUNGTA COLLEGE OF ENGINEERING TECHNOLOGY,Chhattisgarh,DURG,Private-Self Financing,ENGINEERING AND TECHNOLOGY,"Chhattisgarh Swami Vivekanand Technical University, Bhilai",UNDER GRADUATE,CIVIL ENGINEERING,120,6
112,1-9322787140,RSR RUNGTA COLLEGE OF ENGINEERING TECHNOLOGY,Chhattisgarh,DURG,Private-Self Financing,COMPUTER APPLICATIONS,"Chhattisgarh Swami Vivekanand Technical University, Bhilai",POST GRADUATE,MASTERS IN COMPUTER APPLICATIONS,48,2
113,1-9322787140,RSR RUNGTA COLLEGE OF ENGINEERING TECHNOLOGY,Chhattisgarh,DURG,Private-Self Financing,ENGINEERING AND TECHNOLOGY,"Chhattisgarh Swami Vivekanand Technical University, Bhilai",POST GRADUATE,COMPUTER SCIENCE AND ENGINEERING,19,1
114,1-9322787140,RSR RUNGTA COLLEGE OF ENGINEERING TECHNOLOGY,Chhattisgarh,DURG,Private-Self Financing,ENGINEERING AND TECHNOLOGY,"Chhattisgarh Swami Vivekanand Technical University, Bhilai",UNDER GRADUATE,COMPUTER SCIENCE AND ENGINEERING,120,6
115,1-9322787140,RSR RUNGTA COLLEGE OF ENGINEERING TECHNOLOGY,Chhattisgarh,DURG,Private-Self Financing,ENGINEERING AND TECHNOLOGY,"Chhattisgarh Swami Vivekanand Technical University, Bhilai",UNDER GRADUATE,ELECTRONICS AND TELECOMMUNICATIONS ENGINEERING,30,2
116,1-9322787140,RSR RUNGTA COLLEGE OF ENGINEERING TECHNOLOGY,Chhattisgarh,DURG,Private-Self Financing,ENGINEERING AND TECHNOLOGY,"Chhattisgarh Swami Vivekanand Technical University, Bhilai",UNDER GRADUATE,ELECTRICAL ENGINEERING,60,3
117,1-9322787140,RSR RUNGTA COLLEGE OF ENGINEERING TECHNOLOGY,Chhattisgarh,DURG,Private-Self Financing,ENGINEERING AND TECHNOLOGY,"Chhattisgarh Swami Vivekanand Technical University, Bhilai",POST GRADUATE,STRUCTURAL ENGINEERING,30,2
118,1-9322787140,RSR RUNGTA COLLEGE OF ENGINEERING TECHNOLOGY,Chhattisgarh,DURG,Private-Self Financing,ENGINEERING AND TECHNOLOGY,"Chhattisgarh Swami Vivekanand Technical University, Bhilai",POST GRADUATE,POWER SYSTEM AND CONTROL,30,2
119,1-9322787140,RSR RUNGTA COLLEGE OF ENGINEERING TECHNOLOGY,Chhattisgarh,DURG,Private-Self Financing,ENGINEERING AND TECHNOLOGY,"Chhattisgarh Swami Vivekanand Technical University, Bhilai",DIPLOMA,ELECTRICAL ENGINEERING,120,6
120,1-9322787140,RSR RUNGTA COLLEGE OF ENGINEERING TECHNOLOGY,Chhattisgarh,DURG,Private-Self Financing,ENGINEERING AND TECHNOLOGY,"Chhattisgarh Swami Vivekanand Technical University, Bhilai",DIPLOMA,MECHANICAL ENGINEERING,120,6
121,1-9322787140,RSR RUNGTA COLLEGE OF ENGINEERING TECHNOLOGY,Chhattisgarh,DURG,Private-Self Financing,MANAGEMENT,"Chhattisgarh Swami Vivekanand Technical University, Bhilai",POST GRADUATE,MBA,120,6
122,1-9322787140,RSR RUNGTA COLLEGE OF ENGINEERING TECHNOLOGY,Chhattisgarh,DURG,Private-Self Financing,ENGINEERING AND TECHNOLOGY,"Chhattisgarh Swami Vivekanand Technical University, Bhilai",POST GRADUATE,MECHANICAL ENGINEERING PRODUCTION,30,2
123,1-9322787140,RSR RUNGTA COLLEGE OF ENGINEERING TECHNOLOGY,Chhattisgarh,DURG,Private-Self Financing,ENGINEERING AND TECHNOLOGY,"Chhattisgarh Swami Vivekanand Technical University, Bhilai",UNDER GRADUATE,ARTIFICIAL INTELLIGENCE AND MACHINE LEARNING,60,3
124,1-9322787140,RSR RUNGTA COLLEGE OF ENGINEERING TECHNOLOGY,Chhattisgarh,DURG,Private-Self Financing,ENGINEERING AND TECHNOLOGY,"Chhattisgarh Swami Vivekanand Technical University, Bhilai",POST GRADUATE,ARTIFICIAL INTELLIGENCE AND MACHINE LEARNING,30,2
125,1-9322787140,RSR RUNGTA COLLEGE OF ENGINEERING TECHNOLOGY,Chhattisgarh,DURG,Private-Self Financing,ENGINEERING AND TECHNOLOGY,"Chhattisgarh Swami Vivekanand Technical University, Bhilai",DIPLOMA,ARTIFICIAL INTELLIGENCE AI AND MACHINE LEARNING,60,3
126,1-9318802442,NETAJI SUBHAS UNIVERSITY OF TECHNOLOGY,Delhi,SOUTH WEST DELHI,Government,ENGINEERING AND TECHNOLOGY,NETAJI SUBHAS UNIVERSITY OF TECHNOLOGY,UNDER GRADUATE,COMPUTER SCIENCE AND ENGINEERING ARTIFICIAL INTELLIGENCE,60,3
127,1-9318802442,NETAJI SUBHAS UNIVERSITY OF TECHNOLOGY,Delhi,SOUTH WEST DELHI,Government,ENGINEERING AND TECHNOLOGY,NETAJI SUBHAS UNIVERSITY OF TECHNOLOGY,UNDER GRADUATE,MATHEMATICS AND COMPUTING,60,3
128,1-9318802442,NETAJI SUBHAS UNIVERSITY OF TECHNOLOGY,Delhi,SOUTH WEST DELHI,Government,ENGINEERING AND TECHNOLOGY,NETAJI SUBHAS UNIVERSITY OF TECHNOLOGY,UNDER GRADUATE,ELECTRICAL ENGINEERING,120,6
129,1-9318802442,NETAJI SUBHAS UNIVERSITY OF TECHNOLOGY,Delhi,SOUTH WEST DELHI,Government,ENGINEERING AND TECHNOLOGY,NETAJI SUBHAS UNIVERSITY OF TECHNOLOGY,UNDER GRADUATE,COMPUTER SCIENCE AND ENGINEERING DATA SCIENCE,60,3
130,1-9351222301,GOA COLLEGE OF ENGINEERING GOVERNMENT OF GOA,Goa,NORTH GOA,Government,ENGINEERING AND TECHNOLOGY,"Goa University, Goa",UNDER GRADUATE,CIVIL ENGINEERING,60,3
131,1-9351222301,GOA COLLEGE OF ENGINEERING GOVERNMENT OF GOA,Goa,NORTH GOA,Government,ENGINEERING AND TECHNOLOGY,"Goa University, Goa",UNDER GRADUATE,MECHANICAL ENGINEERING,60,3
132,1-9351222301,GOA COLLEGE OF ENGINEERING GOVERNMENT OF GOA,Goa,NORTH GOA,Government,ENGINEERING AND TECHNOLOGY,"Goa University, Goa",UNDER GRADUATE,ELECTRICAL AND ELECTRONICS ENGINEERING,60,3
133,1-9351222301,GOA COLLEGE OF ENGINEERING GOVERNMENT OF GOA,Goa,NORTH GOA,Government,ENGINEERING AND TECHNOLOGY,"Goa University, Goa",UNDER GRADUATE,ELECTRONICS TELE-COMMUNICATION ENGINEERING,60,3
134,1-9351222301,GOA COLLEGE OF ENGINEERING GOVERNMENT OF GOA,Goa,NORTH GOA,Government,ENGINEERING AND TECHNOLOGY,"Goa University, Goa",UNDER GRADUATE,COMPUTER ENGINEERING,60,3
135,1-9351222301,GOA COLLEGE OF ENGINEERING GOVERNMENT OF GOA,Goa,NORTH GOA,Government,ENGINEERING AND TECHNOLOGY,"Goa University, Goa",UNDER GRADUATE,INFORMATION TECHNOLOGY,60,3
136,1-9351222301,GOA COLLEGE OF ENGINEERING GOVERNMENT OF GOA,Goa,NORTH GOA,Government,ENGINEERING AND TECHNOLOGY,"Goa University, Goa",UNDER GRADUATE,MINING ENGINEERING,60,3
137,1-9317890711,INSTITUTE OF RURAL MANAGEMENT ANAND,Gujarat,ANAND,Private-Self Financing,MANAGEMENT,None,POST GRADUATE DIPLOMA,PGDMRURAL MANAGEMENT,240,12
138,1-9318844140,KRISHNA SCHOOL OF EMERGING TECHNOLOGY AND APPLIED RESEARCH,Gujarat,VADODARA,Private-Self Financing,ENGINEERING AND TECHNOLOGY,Drs. Kiran and Pallavi Patel Global University (KPGU),UNDER GRADUATE,COMPUTER SCIENCE AND ENGINEERING,180,9
139,1-9318844140,KRISHNA SCHOOL OF EMERGING TECHNOLOGY AND APPLIED RESEARCH,Gujarat,VADODARA,Private-Self Financing,ENGINEERING AND TECHNOLOGY,Drs. Kiran and Pallavi Patel Global University (KPGU),UNDER GRADUATE,MECHANICAL ENGINEERING,60,3
140,1-9318844140,KRISHNA SCHOOL OF EMERGING TECHNOLOGY AND APPLIED RESEARCH,Gujarat,VADODARA,Private-Self Financing,ENGINEERING AND TECHNOLOGY,Drs. Kiran and Pallavi Patel Global University (KPGU),UNDER GRADUATE,ELECTRICAL ENGINEERING,60,3
141,1-9318844140,KRISHNA SCHOOL OF EMERGING TECHNOLOGY AND APPLIED RESEARCH,Gujarat,VADODARA,Private-Self Financing,ENGINEERING AND TECHNOLOGY,Drs. Kiran and Pallavi Patel Global University (KPGU),UNDER GRADUATE,CIVIL ENGINEERING,60,3
142,1-9318844140,KRISHNA SCHOOL OF EMERGING TECHNOLOGY AND APPLIED RESEARCH,Gujarat,VADODARA,Private-Self Financing,ENGINEERING AND TECHNOLOGY,Drs. Kiran and Pallavi Patel Global University (KPGU),UNDER GRADUATE,INFORMATION TECHNOLOGY,60,3
143,1-9318844140,KRISHNA SCHOOL OF EMERGING TECHNOLOGY AND APPLIED RESEARCH,Gujarat,VADODARA,Private-Self Financing,ENGINEERING AND TECHNOLOGY,Drs. Kiran and Pallavi Patel Global University (KPGU),DIPLOMA,ARTIFICIAL INTELLIGENCE AI AND MACHINE LEARNING,60,3
144,1-9318844140,KRISHNA SCHOOL OF EMERGING TECHNOLOGY AND APPLIED RESEARCH,Gujarat,VADODARA,Private-Self Financing,ENGINEERING AND TECHNOLOGY,Drs. Kiran and Pallavi Patel Global University (KPGU),DIPLOMA,CLOUD COMPUTING AND BIG DATA,30,2
145,1-9321011828,KRISHNA SCHOOL OF PHARMACY RESEARCH,Gujarat,VADODARA,Private-Self Financing,PHARMACY,"Gujarat Technological University, Ahmedabad",UNDER GRADUATE,PHARMACY,100,5
146,1-9317876920,L. D. COLLEGE OF ENGINEERING,Gujarat,AHMEDABAD,Government,COMPUTER APPLICATIONS,"Gujarat Technological University, Ahmedabad",POST GRADUATE,MASTERS IN COMPUTER APPLICATIONS,30,2
147,1-9317876920,L. D. COLLEGE OF ENGINEERING,Gujarat,AHMEDABAD,Government,ENGINEERING AND TECHNOLOGY,"Gujarat Technological University, Ahmedabad",POST GRADUATE,MECHANICALI.C. ENGINE AUTOMOBILE ENGINEERING,18,1
148,1-9317876920,L. D. COLLEGE OF ENGINEERING,Gujarat,AHMEDABAD,Government,ENGINEERING AND TECHNOLOGY,"Gujarat Technological University, Ahmedabad",POST GRADUATE,CRYOGENIC ENGINEERING,15,1
149,1-9317876920,L. D. COLLEGE OF ENGINEERING,Gujarat,AHMEDABAD,Government,ENGINEERING AND TECHNOLOGY,"Gujarat Technological University, Ahmedabad",UNDER GRADUATE,MECHANICAL ENGINEERING,240,12
150,1-9317876920,L. D. COLLEGE OF ENGINEERING,Gujarat,AHMEDABAD,Government,ENGINEERING AND TECHNOLOGY,"Gujarat Technological University, Ahmedabad",UNDER GRADUATE,AUTOMOBILE ENGINEERING,60,3
151,1-9317876920,L. D. COLLEGE OF ENGINEERING,Gujarat,AHMEDABAD,Government,ENGINEERING AND TECHNOLOGY,"Gujarat Technological University, Ahmedabad",UNDER GRADUATE,ENVIRONMENTAL ENGINEERING,60,3
152,1-9317876920,L. D. COLLEGE OF ENGINEERING,Gujarat,AHMEDABAD,Government,ENGINEERING AND TECHNOLOGY,"Gujarat Technological University, Ahmedabad",POST GRADUATE,ENVIRONMENTAL MANAGEMENT,18,1
153,1-9317876920,L. D. COLLEGE OF ENGINEERING,Gujarat,AHMEDABAD,Government,ENGINEERING AND TECHNOLOGY,"Gujarat Technological University, Ahmedabad",UNDER GRADUATE,ELECTRONICS COMMUNICATION ENGINEERING,240,12
154,1-9317876920,L. D. COLLEGE OF ENGINEERING,Gujarat,AHMEDABAD,Government,ENGINEERING AND TECHNOLOGY,"Gujarat Technological University, Ahmedabad",UNDER GRADUATE,CIVIL ENGINEERING,240,12
155,1-9317876920,L. D. COLLEGE OF ENGINEERING,Gujarat,AHMEDABAD,Government,ENGINEERING AND TECHNOLOGY,"Gujarat Technological University, Ahmedabad",POST GRADUATE,CIVILWATER RESOURCE ENGINEERING,25,1
156,1-9317876920,L. D. COLLEGE OF ENGINEERING,Gujarat,AHMEDABAD,Government,ENGINEERING AND TECHNOLOGY,"Gujarat Technological University, Ahmedabad",POST GRADUATE,CIVIL ENGINEERING TRANSPORTATION ENGINEERING,18,1
157,1-9317876920,L. D. COLLEGE OF ENGINEERING,Gujarat,AHMEDABAD,Government,ENGINEERING AND TECHNOLOGY,"Gujarat Technological University, Ahmedabad",POST GRADUATE,ELECTRONICS COMMUNICATIONCOMMUNICATION SYSTEM ENGINEERING,36,2
158,1-9317876920,L. D. COLLEGE OF ENGINEERING,Gujarat,AHMEDABAD,Government,ENGINEERING AND TECHNOLOGY,"Gujarat Technological University, Ahmedabad",POST GRADUATE,COMPUTER ENGINEERINGSOFTWARE ENGINEERING,18,1
159,1-9317876920,L. D. COLLEGE OF ENGINEERING,Gujarat,AHMEDABAD,Government,ENGINEERING AND TECHNOLOGY,"Gujarat Technological University, Ahmedabad",UNDER GRADUATE,COMPUTER ENGINEERING,120,6
160,1-9317876920,L. D. COLLEGE OF ENGINEERING,Gujarat,AHMEDABAD,Government,ENGINEERING AND TECHNOLOGY,"Gujarat Technological University, Ahmedabad",UNDER GRADUATE,INFORMATION TECHNOLOGY,120,6
161,1-9317876920,L. D. COLLEGE OF ENGINEERING,Gujarat,AHMEDABAD,Government,ENGINEERING AND TECHNOLOGY,"Gujarat Technological University, Ahmedabad",UNDER GRADUATE,BIOMEDICAL ENGINEERING,60,3
162,1-9317876920,L. D. COLLEGE OF ENGINEERING,Gujarat,AHMEDABAD,Government,ENGINEERING AND TECHNOLOGY,"Gujarat Technological University, Ahmedabad",UNDER GRADUATE,INSTRUMENTATION CONTROL,60,3
163,1-9317876920,L. D. COLLEGE OF ENGINEERING,Gujarat,AHMEDABAD,Government,ENGINEERING AND TECHNOLOGY,"Gujarat Technological University, Ahmedabad",POST GRADUATE,APPLIED INSTRUMENTATION,18,1
164,1-9317876920,L. D. COLLEGE OF ENGINEERING,Gujarat,AHMEDABAD,Government,ENGINEERING AND TECHNOLOGY,"Gujarat Technological University, Ahmedabad",POST GRADUATE,CIVILSTRUCTURAL ENGINEERING,25,1
165,1-9317876920,L. D. COLLEGE OF ENGINEERING,Gujarat,AHMEDABAD,Government,ENGINEERING AND TECHNOLOGY,"Gujarat Technological University, Ahmedabad",POST GRADUATE,INFORMATION TECHNOLOGY,18,1
166,1-9317876920,L. D. COLLEGE OF ENGINEERING,Gujarat,AHMEDABAD,Government,ENGINEERING AND TECHNOLOGY,"Gujarat Technological University, Ahmedabad",UNDER GRADUATE,TEXTILE TECHNOLOGY,60,3
167,1-9317876920,L. D. COLLEGE OF ENGINEERING,Gujarat,AHMEDABAD,Government,ENGINEERING AND TECHNOLOGY,"Gujarat Technological University, Ahmedabad",POST GRADUATE,TEXTILE ENGINEERING,18,1
168,1-9317876920,L. D. COLLEGE OF ENGINEERING,Gujarat,AHMEDABAD,Government,ENGINEERING AND TECHNOLOGY,"Gujarat Technological University, Ahmedabad",UNDER GRADUATE,RUBBER TECHNOLOGY,30,2
169,1-9317876920,L. D. COLLEGE OF ENGINEERING,Gujarat,AHMEDABAD,Government,ENGINEERING AND TECHNOLOGY,"Gujarat Technological University, Ahmedabad",UNDER GRADUATE,PLASTICS TECHNOLOGY,30,2
170,1-9317876920,L. D. COLLEGE OF ENGINEERING,Gujarat,AHMEDABAD,Government,ENGINEERING AND TECHNOLOGY,"Gujarat Technological University, Ahmedabad",UNDER GRADUATE,CHEMICAL ENGINEERING,60,3
171,1-9317876920,L. D. COLLEGE OF ENGINEERING,Gujarat,AHMEDABAD,Government,ENGINEERING AND TECHNOLOGY,"Gujarat Technological University, Ahmedabad",POST GRADUATE,COMPUTER AIDED PROCESS DESIGN,18,1
172,1-9317876920,L. D. COLLEGE OF ENGINEERING,Gujarat,AHMEDABAD,Government,ENGINEERING AND TECHNOLOGY,"Gujarat Technological University, Ahmedabad",POST GRADUATE,ELECTRICAL ENGINEERING,36,2
173,1-9317876920,L. D. COLLEGE OF ENGINEERING,Gujarat,AHMEDABAD,Government,ENGINEERING AND TECHNOLOGY,"Gujarat Technological University, Ahmedabad",UNDER GRADUATE,ELECTRICAL ENGINEERING,240,12
174,1-9317876920,L. D. COLLEGE OF ENGINEERING,Gujarat,AHMEDABAD,Government,ENGINEERING AND TECHNOLOGY,"Gujarat Technological University, Ahmedabad",POST GRADUATE,GEOTECHNICAL ENGINEERING,18,1
175,1-9317876920,L. D. COLLEGE OF ENGINEERING,Gujarat,AHMEDABAD,Government,ENGINEERING AND TECHNOLOGY,"Gujarat Technological University, Ahmedabad",POST GRADUATE,RUBBER TECHNOLOGY,18,1
176,1-9317876920,L. D. COLLEGE OF ENGINEERING,Gujarat,AHMEDABAD,Government,ENGINEERING AND TECHNOLOGY,"Gujarat Technological University, Ahmedabad",POST GRADUATE,COMPUTER AIDED DESIGN AND MANUFACTURE,18,1
177,1-9318299394,SCHOOL OF PETROLEUM TECHNOLOGY,Gujarat,GANDHINAGAR,State Private University,ENGINEERING AND TECHNOLOGY,"Pandit Deendayal Petroleum University, Gujarat",UNDER GRADUATE,PETROCHEMICAL ENGINEERING,60,3
178,1-9318299394,SCHOOL OF PETROLEUM TECHNOLOGY,Gujarat,GANDHINAGAR,State Private University,ENGINEERING AND TECHNOLOGY,"Pandit Deendayal Petroleum University, Gujarat",POST GRADUATE,GEOTECHNICAL AND GEOENVIRONMENTAL ENERGY,18,1
179,1-9321350160,MANAGEMENT DEVELOPMENT INSTITUTE,Haryana,GURGAON,Private-Self Financing,MANAGEMENT,None,POST GRADUATE DIPLOMA,PGDMHUMAN RESOURCE MANAGEMENT,120,6
180,1-9321350160,MANAGEMENT DEVELOPMENT INSTITUTE,Haryana,GURGAON,Private-Self Financing,MANAGEMENT,None,POST GRADUATE DIPLOMA,PGDM,300,15
181,1-9321350160,MANAGEMENT DEVELOPMENT INSTITUTE,Haryana,GURGAON,Private-Self Financing,MANAGEMENT,None,POST GRADUATE DIPLOMA,PGDMINTERNATIONAL BUSINESS,120,6
182,1-9321350160,MANAGEMENT DEVELOPMENT INSTITUTE,Haryana,GURGAON,Private-Self Financing,MANAGEMENT,None,POST GRADUATE DIPLOMA,POST GRADUATE DIPLOMA IN MANAGEMENT BUSINESS MANAGEMENT,60,3
183,1-9327097160,SHRI VISHWAKARMA SKILL UNIVERSITY,Haryana,PALWAL,State Government University,ENGINEERING AND TECHNOLOGY,Shri Vishwakarma Skill University,UNDER GRADUATE,MECHANICAL AND SMART MANUFACTURING,60,3
184,1-9327097160,SHRI VISHWAKARMA SKILL UNIVERSITY,Haryana,PALWAL,State Government University,ENGINEERING AND TECHNOLOGY,Shri Vishwakarma Skill University,POST GRADUATE,ROBOTICS AND AUTOMATION,18,1
185,1-9320461098,SHRI MATA VAISHNO DEVI UNIVERSITY,Jammu and Kashmir,REASI,Govt aided,ENGINEERING AND TECHNOLOGY,None,UNDER GRADUATE,ELECTRONICS COMMUNICATION ENGG,120,6
186,1-9320461098,SHRI MATA VAISHNO DEVI UNIVERSITY,Jammu and Kashmir,REASI,Govt aided,ENGINEERING AND TECHNOLOGY,None,UNDER GRADUATE,MECHANICAL ENGINEERING,60,3
187,1-9320461098,SHRI MATA VAISHNO DEVI UNIVERSITY,Jammu and Kashmir,REASI,Govt aided,ENGINEERING AND TECHNOLOGY,None,POST GRADUATE,MECHANICAL ENGINEERING,18,1
188,1-9320461098,SHRI MATA VAISHNO DEVI UNIVERSITY,Jammu and Kashmir,REASI,Govt aided,MANAGEMENT,None,POST GRADUATE,MBA,120,6
189,1-9320461098,SHRI MATA VAISHNO DEVI UNIVERSITY,Jammu and Kashmir,REASI,Govt aided,ENGINEERING AND TECHNOLOGY,None,POST GRADUATE,COMPUTER SCIENCE ENGINEERING,18,1
190,1-9320461098,SHRI MATA VAISHNO DEVI UNIVERSITY,Jammu and Kashmir,REASI,Govt aided,ENGINEERING AND TECHNOLOGY,None,POST GRADUATE,ELECTRONICS COMMUNICATION ENGG,18,1
191,1-9320461098,SHRI MATA VAISHNO DEVI UNIVERSITY,Jammu and Kashmir,REASI,Govt aided,ENGINEERING AND TECHNOLOGY,None,UNDER GRADUATE,COMPUTER SCIENCE ENGINEERING,60,3
192,1-9321667821,BIRLA INSTITUTE OF TECHNOLOGY,Jharkhand,RANCHI,Private-Self Financing,PHARMACY,"Birla Institute of Technology, Ranchi",UNDER GRADUATE,PHARMACY,60,3
193,1-9321667821,BIRLA INSTITUTE OF TECHNOLOGY,Jharkhand,RANCHI,Private-Self Financing,PHARMACY,"Birla Institute of Technology, Ranchi",POST GRADUATE,PHARMACEUTICS,18,1
194,1-9321667821,BIRLA INSTITUTE OF TECHNOLOGY,Jharkhand,RANCHI,Private-Self Financing,PHARMACY,"Birla Institute of Technology, Ranchi",POST GRADUATE,PHARMACEUTICAL CHEMISTRY,18,1
195,1-9321667821,BIRLA INSTITUTE OF TECHNOLOGY,Jharkhand,RANCHI,Private-Self Financing,PHARMACY,"Birla Institute of Technology, Ranchi",POST GRADUATE,PHARMACOLOGY,18,1
196,1-9321667821,BIRLA INSTITUTE OF TECHNOLOGY,Jharkhand,RANCHI,Private-Self Financing,PHARMACY,"Birla Institute of Technology, Ranchi",POST GRADUATE,PHARMACOGNOSY,18,1
197,1-9321667821,BIRLA INSTITUTE OF TECHNOLOGY,Jharkhand,RANCHI,Private-Self Financing,PLANNING,"Birla Institute of Technology, Ranchi",UNDER GRADUATE,ARCHITECTURE,40,2
198,1-9321667821,BIRLA INSTITUTE OF TECHNOLOGY,Jharkhand,RANCHI,Private-Self Financing,HOTEL MANAGEMENT AND CATERING,"Birla Institute of Technology, Ranchi",UNDER GRADUATE,HOTEL MANAGEMENT AND CATERING TECHNOLOGY,60,3
199,1-9321667821,BIRLA INSTITUTE OF TECHNOLOGY,Jharkhand,RANCHI,Private-Self Financing,PLANNING,"Birla Institute of Technology, Ranchi",POST GRADUATE,URBAN PLANNING,20,1
200,1-9321667821,BIRLA INSTITUTE OF TECHNOLOGY,Jharkhand,RANCHI,Private-Self Financing,ENGINEERING AND TECHNOLOGY,"Birla Institute of Technology, Ranchi",UNDER GRADUATE,ELECTRONICS COMMUNICATION ENGG,120,6
201,1-9321667821,BIRLA INSTITUTE OF TECHNOLOGY,Jharkhand,RANCHI,Private-Self Financing,ENGINEERING AND TECHNOLOGY,"Birla Institute of Technology, Ranchi",POST GRADUATE,INSTRUMENTATION CONTROL ENGINEERING,12,1
202,1-9321667821,BIRLA INSTITUTE OF TECHNOLOGY,Jharkhand,RANCHI,Private-Self Financing,ENGINEERING AND TECHNOLOGY,"Birla Institute of Technology, Ranchi",POST GRADUATE,MICROWAVE ENGINEERING,12,1
203,1-9321667821,BIRLA INSTITUTE OF TECHNOLOGY,Jharkhand,RANCHI,Private-Self Financing,ENGINEERING AND TECHNOLOGY,"Birla Institute of Technology, Ranchi",POST GRADUATE,CONTROL SYSTEMS,12,1
204,1-9321667821,BIRLA INSTITUTE OF TECHNOLOGY,Jharkhand,RANCHI,Private-Self Financing,ENGINEERING AND TECHNOLOGY,"Birla Institute of Technology, Ranchi",POST GRADUATE,POWER SYSTEMS,12,1
205,1-9321667821,BIRLA INSTITUTE OF TECHNOLOGY,Jharkhand,RANCHI,Private-Self Financing,ENGINEERING AND TECHNOLOGY,"Birla Institute of Technology, Ranchi",POST GRADUATE,POWER ELECTRONICS,18,1
206,1-9321667821,BIRLA INSTITUTE OF TECHNOLOGY,Jharkhand,RANCHI,Private-Self Financing,ENGINEERING AND TECHNOLOGY,"Birla Institute of Technology, Ranchi",UNDER GRADUATE,COMPUTER SCIENCE,120,6
207,1-9321667821,BIRLA INSTITUTE OF TECHNOLOGY,Jharkhand,RANCHI,Private-Self Financing,ENGINEERING AND TECHNOLOGY,"Birla Institute of Technology, Ranchi",POST GRADUATE,COMPUTER SCIENCE AND ENGINEERING,16,1
208,1-9321667821,BIRLA INSTITUTE OF TECHNOLOGY,Jharkhand,RANCHI,Private-Self Financing,ENGINEERING AND TECHNOLOGY,"Birla Institute of Technology, Ranchi",UNDER GRADUATE,INFORMATION TECHNOLOGY,60,3
209,1-9321667821,BIRLA INSTITUTE OF TECHNOLOGY,Jharkhand,RANCHI,Private-Self Financing,MANAGEMENT,"Birla Institute of Technology, Ranchi",POST GRADUATE,MBA,120,6
210,1-9321667821,BIRLA INSTITUTE OF TECHNOLOGY,Jharkhand,RANCHI,Private-Self Financing,ENGINEERING AND TECHNOLOGY,"Birla Institute of Technology, Ranchi",UNDER GRADUATE,PRODUCTION AND INDUSTRIAL ENGINEERING,60,3
211,1-9321667821,BIRLA INSTITUTE OF TECHNOLOGY,Jharkhand,RANCHI,Private-Self Financing,ENGINEERING AND TECHNOLOGY,"Birla Institute of Technology, Ranchi",UNDER GRADUATE,BIOTECHNOLOGY,60,3
212,1-9321667821,BIRLA INSTITUTE OF TECHNOLOGY,Jharkhand,RANCHI,Private-Self Financing,ENGINEERING AND TECHNOLOGY,"Birla Institute of Technology, Ranchi",POST GRADUATE,AERO DYNAMIC ENGINEERING,12,1
213,1-9321667821,BIRLA INSTITUTE OF TECHNOLOGY,Jharkhand,RANCHI,Private-Self Financing,ENGINEERING AND TECHNOLOGY,"Birla Institute of Technology, Ranchi",POST GRADUATE,ROCKET PROPULSION,12,1
214,1-9321667821,BIRLA INSTITUTE OF TECHNOLOGY,Jharkhand,RANCHI,Private-Self Financing,ENGINEERING AND TECHNOLOGY,"Birla Institute of Technology, Ranchi",POST GRADUATE,COMPUTER AIDED ANALYSIS AND DESIGN,12,1
215,1-9321667821,BIRLA INSTITUTE OF TECHNOLOGY,Jharkhand,RANCHI,Private-Self Financing,ENGINEERING AND TECHNOLOGY,"Birla Institute of Technology, Ranchi",POST GRADUATE,AUTOMATED MANUFACTURING SYSTEMS,12,1
216,1-9321667821,BIRLA INSTITUTE OF TECHNOLOGY,Jharkhand,RANCHI,Private-Self Financing,ENGINEERING AND TECHNOLOGY,"Birla Institute of Technology, Ranchi",POST GRADUATE,ENVIRONMENTAL SCIENCE AND ENGINEERING,18,1
217,1-9321667821,BIRLA INSTITUTE OF TECHNOLOGY,Jharkhand,RANCHI,Private-Self Financing,COMPUTER APPLICATIONS,"Birla Institute of Technology, Ranchi",POST GRADUATE,MASTERS IN COMPUTER APPLICATIONS,60,3
218,1-9321667821,BIRLA INSTITUTE OF TECHNOLOGY,Jharkhand,RANCHI,Private-Self Financing,ENGINEERING AND TECHNOLOGY,"Birla Institute of Technology, Ranchi",POST GRADUATE,INFORMATION SECURITY,18,1
219,1-9321667821,BIRLA INSTITUTE OF TECHNOLOGY,Jharkhand,RANCHI,Private-Self Financing,ENGINEERING AND TECHNOLOGY,"Birla Institute of Technology, Ranchi",POST GRADUATE,SOIL MECHANICS AND FOUNDATION ENGINEERING,12,1
220,1-9321667821,BIRLA INSTITUTE OF TECHNOLOGY,Jharkhand,RANCHI,Private-Self Financing,ENGINEERING AND TECHNOLOGY,"Birla Institute of Technology, Ranchi",POST GRADUATE,STRUCTURAL ENGINEERING,12,1
221,1-9321667821,BIRLA INSTITUTE OF TECHNOLOGY,Jharkhand,RANCHI,Private-Self Financing,ENGINEERING AND TECHNOLOGY,"Birla Institute of Technology, Ranchi",UNDER GRADUATE,CIVIL ENGINEERING,60,3
222,1-9321667821,BIRLA INSTITUTE OF TECHNOLOGY,Jharkhand,RANCHI,Private-Self Financing,ENGINEERING AND TECHNOLOGY,"Birla Institute of Technology, Ranchi",POST GRADUATE,REMOTE SENSING,18,1
223,1-9321667821,BIRLA INSTITUTE OF TECHNOLOGY,Jharkhand,RANCHI,Private-Self Financing,ENGINEERING AND TECHNOLOGY,"Birla Institute of Technology, Ranchi",UNDER GRADUATE,MECHANICAL ENGINEERING,120,6
224,1-9321667821,BIRLA INSTITUTE OF TECHNOLOGY,Jharkhand,RANCHI,Private-Self Financing,ENGINEERING AND TECHNOLOGY,"Birla Institute of Technology, Ranchi",POST GRADUATE,HEAT POWER ENGINEERING,12,1
225,1-9321667821,BIRLA INSTITUTE OF TECHNOLOGY,Jharkhand,RANCHI,Private-Self Financing,ENGINEERING AND TECHNOLOGY,"Birla Institute of Technology, Ranchi",POST GRADUATE,DESIGN OF MECHANICAL EQUIPMENT,12,1
226,1-9321667821,BIRLA INSTITUTE OF TECHNOLOGY,Jharkhand,RANCHI,Private-Self Financing,ENGINEERING AND TECHNOLOGY,"Birla Institute of Technology, Ranchi",POST GRADUATE,ENERGY TECHNOLOGY,12,1
227,1-9321667821,BIRLA INSTITUTE OF TECHNOLOGY,Jharkhand,RANCHI,Private-Self Financing,ENGINEERING AND TECHNOLOGY,"Birla Institute of Technology, Ranchi",UNDER GRADUATE,ELECTRICAL AND ELECTRONICS ENGINEERING,60,3
228,1-9321667821,BIRLA INSTITUTE OF TECHNOLOGY,Jharkhand,RANCHI,Private-Self Financing,ENGINEERING AND TECHNOLOGY,"Birla Institute of Technology, Ranchi",POST GRADUATE,WIRELESS COMMUNICATIONS,18,1
229,1-9321667821,BIRLA INSTITUTE OF TECHNOLOGY,Jharkhand,RANCHI,Private-Self Financing,ENGINEERING AND TECHNOLOGY,"Birla Institute of Technology, Ranchi",POST GRADUATE,INFORMATION TECHNOLOGY,18,1
230,1-9321667821,BIRLA INSTITUTE OF TECHNOLOGY,Jharkhand,RANCHI,Private-Self Financing,ENGINEERING AND TECHNOLOGY,"Birla Institute of Technology, Ranchi",UNDER GRADUATE,CHEMICAL ENGINEERING,120,6
231,1-9321667821,BIRLA INSTITUTE OF TECHNOLOGY,Jharkhand,RANCHI,Private-Self Financing,PHARMACY,"Birla Institute of Technology, Ranchi",POST GRADUATE,QUALITY ASSURANCE AND PHARM REGULATORY AFFAIRS,18,1
232,1-9321667821,BIRLA INSTITUTE OF TECHNOLOGY,Jharkhand,RANCHI,Private-Self Financing,ENGINEERING AND TECHNOLOGY,"Birla Institute of Technology, Ranchi",POST GRADUATE,BIOTECHNOLOGY,18,1
233,1-9321932120,DR. AMBEDKAR INSTITUTE OF TECHNOLOGY,Karnataka,BANGALORE URBAN,Govt aided,ENGINEERING AND TECHNOLOGY,"Visvesvarayaï¿½Technological University, Belgaum",UNDER GRADUATE,ELECTRICAL AND ELECTRONICS ENGINEERING,60,3
234,1-9321932120,DR. AMBEDKAR INSTITUTE OF TECHNOLOGY,Karnataka,BANGALORE URBAN,Govt aided,ENGINEERING AND TECHNOLOGY,"Visvesvarayaï¿½Technological University, Belgaum",UNDER GRADUATE,ELECTRONICS COMMUNICATION ENGG,180,9
235,1-9321932120,DR. AMBEDKAR INSTITUTE OF TECHNOLOGY,Karnataka,BANGALORE URBAN,Govt aided,ENGINEERING AND TECHNOLOGY,"Visvesvarayaï¿½Technological University, Belgaum",UNDER GRADUATE,INDUSTRIAL ENGINEERING AND MANAGEMENT,30,2
236,1-9321932120,DR. AMBEDKAR INSTITUTE OF TECHNOLOGY,Karnataka,BANGALORE URBAN,Govt aided,ENGINEERING AND TECHNOLOGY,"Visvesvarayaï¿½Technological University, Belgaum",UNDER GRADUATE,ELECTRONICS AND INSTRUMENTATION ENGINEERING,60,3
237,1-9321932120,DR. AMBEDKAR INSTITUTE OF TECHNOLOGY,Karnataka,BANGALORE URBAN,Govt aided,ENGINEERING AND TECHNOLOGY,"Visvesvarayaï¿½Technological University, Belgaum",UNDER GRADUATE,COMPUTER SCIENCE AND ENGINEERING,180,9
238,1-9321932120,DR. AMBEDKAR INSTITUTE OF TECHNOLOGY,Karnataka,BANGALORE URBAN,Govt aided,ENGINEERING AND TECHNOLOGY,"Visvesvarayaï¿½Technological University, Belgaum",UNDER GRADUATE,ELECTRONICS AND TELECOMMUNICATIONS ENGINEERING,60,3
239,1-9321932120,DR. AMBEDKAR INSTITUTE OF TECHNOLOGY,Karnataka,BANGALORE URBAN,Govt aided,ENGINEERING AND TECHNOLOGY,"Visvesvarayaï¿½Technological University, Belgaum",UNDER GRADUATE,INFORMATION SCIENCE AND ENGINEERING,60,3
240,1-9321932120,DR. AMBEDKAR INSTITUTE OF TECHNOLOGY,Karnataka,BANGALORE URBAN,Govt aided,ENGINEERING AND TECHNOLOGY,"Visvesvarayaï¿½Technological University, Belgaum",UNDER GRADUATE,MEDICAL ELECTRONICS,30,2
241,1-9321932120,DR. AMBEDKAR INSTITUTE OF TECHNOLOGY,Karnataka,BANGALORE URBAN,Govt aided,MANAGEMENT,"Visvesvarayaï¿½Technological University, Belgaum",POST GRADUATE,MBA,60,3
242,1-9321932120,DR. AMBEDKAR INSTITUTE OF TECHNOLOGY,Karnataka,BANGALORE URBAN,Govt aided,ENGINEERING AND TECHNOLOGY,"Visvesvarayaï¿½Technological University, Belgaum",UNDER GRADUATE,CIVIL ENGINEERING,120,6
243,1-9321932120,DR. AMBEDKAR INSTITUTE OF TECHNOLOGY,Karnataka,BANGALORE URBAN,Govt aided,ENGINEERING AND TECHNOLOGY,"Visvesvarayaï¿½Technological University, Belgaum",UNDER GRADUATE,MECHANICAL ENGINEERING,120,6
244,1-9321932120,DR. AMBEDKAR INSTITUTE OF TECHNOLOGY,Karnataka,BANGALORE URBAN,Govt aided,ENGINEERING AND TECHNOLOGY,"Visvesvarayaï¿½Technological University, Belgaum",UNDER GRADUATE,AERONAUTICAL ENGINEERING,60,3
245,1-9321514268,GANDHI INSTITUTE OF TECHNOLOGY AND MANAGEMENT GITAM OFF CAMPUS BENGALURU,Karnataka,BANGALORE RURAL,Deemed to be University(Pvt),ENGINEERING AND TECHNOLOGY,"Gandhi Institute of Technology and Management (GITAM), Visakhapatnam",UNDER GRADUATE,CIVIL ENGINEERING,30,2
246,1-9321514268,GANDHI INSTITUTE OF TECHNOLOGY AND MANAGEMENT GITAM OFF CAMPUS BENGALURU,Karnataka,BANGALORE RURAL,Deemed to be University(Pvt),ENGINEERING AND TECHNOLOGY,"Gandhi Institute of Technology and Management (GITAM), Visakhapatnam",UNDER GRADUATE,COMPUTER SCIENCE AND ENGINEERING,420,21
247,1-9321514268,GANDHI INSTITUTE OF TECHNOLOGY AND MANAGEMENT GITAM OFF CAMPUS BENGALURU,Karnataka,BANGALORE RURAL,Deemed to be University(Pvt),ENGINEERING AND TECHNOLOGY,"Gandhi Institute of Technology and Management (GITAM), Visakhapatnam",UNDER GRADUATE,ELECTRONICS AND COMMUNICATIONS ENGINEERING,240,12
248,1-9321514268,GANDHI INSTITUTE OF TECHNOLOGY AND MANAGEMENT GITAM OFF CAMPUS BENGALURU,Karnataka,BANGALORE RURAL,Deemed to be University(Pvt),ENGINEERING AND TECHNOLOGY,"Gandhi Institute of Technology and Management (GITAM), Visakhapatnam",UNDER GRADUATE,ELECTRICAL AND ELECTRONICS ENGINEERING,30,2
249,1-9321514268,GANDHI INSTITUTE OF TECHNOLOGY AND MANAGEMENT GITAM OFF CAMPUS BENGALURU,Karnataka,BANGALORE RURAL,Deemed to be University(Pvt),ENGINEERING AND TECHNOLOGY,"Gandhi Institute of Technology and Management (GITAM), Visakhapatnam",UNDER GRADUATE,MECHANICAL ENGINEERING,60,3
250,1-9321514268,GANDHI INSTITUTE OF TECHNOLOGY AND MANAGEMENT GITAM OFF CAMPUS BENGALURU,Karnataka,BANGALORE RURAL,Deemed to be University(Pvt),ENGINEERING AND TECHNOLOGY,"Gandhi Institute of Technology and Management (GITAM), Visakhapatnam",POST GRADUATE,DATA SCIENCE,6,0
251,1-9321514268,GANDHI INSTITUTE OF TECHNOLOGY AND MANAGEMENT GITAM OFF CAMPUS BENGALURU,Karnataka,BANGALORE RURAL,Deemed to be University(Pvt),ENGINEERING AND TECHNOLOGY,"Gandhi Institute of Technology and Management (GITAM), Visakhapatnam",POST GRADUATE,VLSI DESIGN,6,0
252,1-9321514268,GANDHI INSTITUTE OF TECHNOLOGY AND MANAGEMENT GITAM OFF CAMPUS BENGALURU,Karnataka,BANGALORE RURAL,Deemed to be University(Pvt),MANAGEMENT,"Gandhi Institute of Technology and Management (GITAM), Visakhapatnam",POST GRADUATE,MBA,120,6
253,1-9321514268,GANDHI INSTITUTE OF TECHNOLOGY AND MANAGEMENT GITAM OFF CAMPUS BENGALURU,Karnataka,BANGALORE RURAL,Deemed to be University(Pvt),ENGINEERING AND TECHNOLOGY,"Gandhi Institute of Technology and Management (GITAM), Visakhapatnam",UNDER GRADUATE,COMPUTER SCIENCE AND BUSINESS SYSTEM,60,3
254,1-9321514268,GANDHI INSTITUTE OF TECHNOLOGY AND MANAGEMENT GITAM OFF CAMPUS BENGALURU,Karnataka,BANGALORE RURAL,Deemed to be University(Pvt),ENGINEERING AND TECHNOLOGY,"Gandhi Institute of Technology and Management (GITAM), Visakhapatnam",UNDER GRADUATE,COMPUTER SCIENCE AND ENGINEERING IOT,60,3
255,1-9321514268,GANDHI INSTITUTE OF TECHNOLOGY AND MANAGEMENT GITAM OFF CAMPUS BENGALURU,Karnataka,BANGALORE RURAL,Deemed to be University(Pvt),ENGINEERING AND TECHNOLOGY,"Gandhi Institute of Technology and Management (GITAM), Visakhapatnam",UNDER GRADUATE,COMPUTER SCIENCE AND ENGINEERING CYBER SECURITY,60,3
256,1-9321514268,GANDHI INSTITUTE OF TECHNOLOGY AND MANAGEMENT GITAM OFF CAMPUS BENGALURU,Karnataka,BANGALORE RURAL,Deemed to be University(Pvt),ENGINEERING AND TECHNOLOGY,"Gandhi Institute of Technology and Management (GITAM), Visakhapatnam",UNDER GRADUATE,COMPUTER SCIENCE AND ENGINEERINGARTIFICIAL INTELLIGENCE AND MACHINE LEARNING,180,9
257,1-9321514268,GANDHI INSTITUTE OF TECHNOLOGY AND MANAGEMENT GITAM OFF CAMPUS BENGALURU,Karnataka,BANGALORE RURAL,Deemed to be University(Pvt),ENGINEERING AND TECHNOLOGY,"Gandhi Institute of Technology and Management (GITAM), Visakhapatnam",UNDER GRADUATE,COMPUTER SCIENCE AND ENGINEERING DATA SCIENCE,120,6
258,1-9321111539,INDIAN INSTITUTE OF PLANTATION MANAGEMENT,Karnataka,BANGALORE URBAN,Government,MANAGEMENT,None,POST GRADUATE DIPLOMA,PGDMAGRI BUSINESS MANAGEMENT,90,5
259,1-9321111539,INDIAN INSTITUTE OF PLANTATION MANAGEMENT,Karnataka,BANGALORE URBAN,Government,MANAGEMENT,None,POST GRADUATE DIPLOMA,PGDM,60,3
260,1-9320186522,JAIN DEEMED TO BE UNIVERSITY FACULTY OF ENGINEERING AND TECHNOLOGY,Karnataka,RAMANAGARA,Deemed to be University(Pvt),ENGINEERING AND TECHNOLOGY,"Jain University, Bangalore",UNDER GRADUATE,AEROSPACE ENGINEERING,60,3
261,1-9320186522,JAIN DEEMED TO BE UNIVERSITY FACULTY OF ENGINEERING AND TECHNOLOGY,Karnataka,RAMANAGARA,Deemed to be University(Pvt),ENGINEERING AND TECHNOLOGY,"Jain University, Bangalore",UNDER GRADUATE,AERONAUTICAL ENGINEERING,60,3
262,1-9320186522,JAIN DEEMED TO BE UNIVERSITY FACULTY OF ENGINEERING AND TECHNOLOGY,Karnataka,RAMANAGARA,Deemed to be University(Pvt),ENGINEERING AND TECHNOLOGY,"Jain University, Bangalore",POST GRADUATE,AERO DYNAMIC ENGINEERING,9,0
263,1-9320186522,JAIN DEEMED TO BE UNIVERSITY FACULTY OF ENGINEERING AND TECHNOLOGY,Karnataka,RAMANAGARA,Deemed to be University(Pvt),ENGINEERING AND TECHNOLOGY,"Jain University, Bangalore",POST GRADUATE,AEROSPACE PROPLUSION TECHNOLOGY,9,0
264,1-9320186522,JAIN DEEMED TO BE UNIVERSITY FACULTY OF ENGINEERING AND TECHNOLOGY,Karnataka,RAMANAGARA,Deemed to be University(Pvt),ENGINEERING AND TECHNOLOGY,"Jain University, Bangalore",POST GRADUATE,STRUCTURES AND DESIGN,9,0
265,1-9320186522,JAIN DEEMED TO BE UNIVERSITY FACULTY OF ENGINEERING AND TECHNOLOGY,Karnataka,RAMANAGARA,Deemed to be University(Pvt),ENGINEERING AND TECHNOLOGY,"Jain University, Bangalore",UNDER GRADUATE,MECHANICAL ENGINEERING,60,3
266,1-9320186522,JAIN DEEMED TO BE UNIVERSITY FACULTY OF ENGINEERING AND TECHNOLOGY,Karnataka,RAMANAGARA,Deemed to be University(Pvt),ENGINEERING AND TECHNOLOGY,"Jain University, Bangalore",POST GRADUATE,ENERGY AND ENVIRONMENTAL MANAGEMENT,9,0
267,1-9320186522,JAIN DEEMED TO BE UNIVERSITY FACULTY OF ENGINEERING AND TECHNOLOGY,Karnataka,RAMANAGARA,Deemed to be University(Pvt),ENGINEERING AND TECHNOLOGY,"Jain University, Bangalore",POST GRADUATE,NANO TECHNOLOGY,9,0
268,1-9320186522,JAIN DEEMED TO BE UNIVERSITY FACULTY OF ENGINEERING AND TECHNOLOGY,Karnataka,RAMANAGARA,Deemed to be University(Pvt),ENGINEERING AND TECHNOLOGY,"Jain University, Bangalore",UNDER GRADUATE,CIVIL ENGINEERING,120,6
269,1-9320186522,JAIN DEEMED TO BE UNIVERSITY FACULTY OF ENGINEERING AND TECHNOLOGY,Karnataka,RAMANAGARA,Deemed to be University(Pvt),ENGINEERING AND TECHNOLOGY,"Jain University, Bangalore",POST GRADUATE,CIVIL ENGINEERING - STRUCTURAL ENGINEERING,18,1
270,1-9320186522,JAIN DEEMED TO BE UNIVERSITY FACULTY OF ENGINEERING AND TECHNOLOGY,Karnataka,RAMANAGARA,Deemed to be University(Pvt),ENGINEERING AND TECHNOLOGY,"Jain University, Bangalore",UNDER GRADUATE,ELECTRONICS COMMUNICATION ENGG,60,3
271,1-9320186522,JAIN DEEMED TO BE UNIVERSITY FACULTY OF ENGINEERING AND TECHNOLOGY,Karnataka,RAMANAGARA,Deemed to be University(Pvt),ENGINEERING AND TECHNOLOGY,"Jain University, Bangalore",UNDER GRADUATE,ELECTRICAL AND ELECTRONICS ENGINEERING,60,3
272,1-9320186522,JAIN DEEMED TO BE UNIVERSITY FACULTY OF ENGINEERING AND TECHNOLOGY,Karnataka,RAMANAGARA,Deemed to be University(Pvt),ENGINEERING AND TECHNOLOGY,"Jain University, Bangalore",POST GRADUATE,EMBEDDED SYSTEMS TECHNOLOGIES,9,0
273,1-9320186522,JAIN DEEMED TO BE UNIVERSITY FACULTY OF ENGINEERING AND TECHNOLOGY,Karnataka,RAMANAGARA,Deemed to be University(Pvt),ENGINEERING AND TECHNOLOGY,"Jain University, Bangalore",UNDER GRADUATE,INFORMATION SCIENCE AND ENGINEERING,60,3
274,1-9320186522,JAIN DEEMED TO BE UNIVERSITY FACULTY OF ENGINEERING AND TECHNOLOGY,Karnataka,RAMANAGARA,Deemed to be University(Pvt),ENGINEERING AND TECHNOLOGY,"Jain University, Bangalore",UNDER GRADUATE,COMPUTER SCIENCE AND ENGINEERING,420,21
275,1-9320186522,JAIN DEEMED TO BE UNIVERSITY FACULTY OF ENGINEERING AND TECHNOLOGY,Karnataka,RAMANAGARA,Deemed to be University(Pvt),ENGINEERING AND TECHNOLOGY,"Jain University, Bangalore",POST GRADUATE,CYBER SECURITY,18,1
276,1-9320186522,JAIN DEEMED TO BE UNIVERSITY FACULTY OF ENGINEERING AND TECHNOLOGY,Karnataka,RAMANAGARA,Deemed to be University(Pvt),ENGINEERING AND TECHNOLOGY,"Jain University, Bangalore",POST GRADUATE,DATA SCIENCES,18,1
277,1-9320186522,JAIN DEEMED TO BE UNIVERSITY FACULTY OF ENGINEERING AND TECHNOLOGY,Karnataka,RAMANAGARA,Deemed to be University(Pvt),ENGINEERING AND TECHNOLOGY,"Jain University, Bangalore",POST GRADUATE,ARTIFICIAL INTELLIGENCE,18,1
278,1-9320186522,JAIN DEEMED TO BE UNIVERSITY FACULTY OF ENGINEERING AND TECHNOLOGY,Karnataka,RAMANAGARA,Deemed to be University(Pvt),ENGINEERING AND TECHNOLOGY,"Jain University, Bangalore",POST GRADUATE,COMPUTER SCIENCE ENGINEERING,9,0
279,1-9320186522,JAIN DEEMED TO BE UNIVERSITY FACULTY OF ENGINEERING AND TECHNOLOGY,Karnataka,RAMANAGARA,Deemed to be University(Pvt),ENGINEERING AND TECHNOLOGY,"Jain University, Bangalore",POST GRADUATE,FOOD TECHNOLOGY,30,2
280,1-9320186522,JAIN DEEMED TO BE UNIVERSITY FACULTY OF ENGINEERING AND TECHNOLOGY,Karnataka,RAMANAGARA,Deemed to be University(Pvt),PLANNING,"Jain University, Bangalore",UNDER GRADUATE,ARCHITECTURE,80,4
281,1-9320186522,JAIN DEEMED TO BE UNIVERSITY FACULTY OF ENGINEERING AND TECHNOLOGY,Karnataka,RAMANAGARA,Deemed to be University(Pvt),DESIGN,"Jain University, Bangalore",UNDER GRADUATE,DESIGN,90,5
282,1-9320186522,JAIN DEEMED TO BE UNIVERSITY FACULTY OF ENGINEERING AND TECHNOLOGY,Karnataka,RAMANAGARA,Deemed to be University(Pvt),DESIGN,"Jain University, Bangalore",POST GRADUATE,DESIGN,30,2
283,1-9320186522,JAIN DEEMED TO BE UNIVERSITY FACULTY OF ENGINEERING AND TECHNOLOGY,Karnataka,RAMANAGARA,Deemed to be University(Pvt),ENGINEERING AND TECHNOLOGY,"Jain University, Bangalore",UNDER GRADUATE,COMPUTER SCIENCE AND ENGINEERING DATA SCIENCE,60,3
284,1-9320186522,JAIN DEEMED TO BE UNIVERSITY FACULTY OF ENGINEERING AND TECHNOLOGY,Karnataka,RAMANAGARA,Deemed to be University(Pvt),ENGINEERING AND TECHNOLOGY,"Jain University, Bangalore",UNDER GRADUATE,COMPUTER SCIENCE AND ENGINEERING ARTIFICIAL INTELLIGENCE,60,3
285,1-9320186522,JAIN DEEMED TO BE UNIVERSITY FACULTY OF ENGINEERING AND TECHNOLOGY,Karnataka,RAMANAGARA,Deemed to be University(Pvt),ENGINEERING AND TECHNOLOGY,"Jain University, Bangalore",UNDER GRADUATE,COMPUTER SCIENCE AND ENGINEERING IOT,60,3
286,1-9320186522,JAIN DEEMED TO BE UNIVERSITY FACULTY OF ENGINEERING AND TECHNOLOGY,Karnataka,RAMANAGARA,Deemed to be University(Pvt),ENGINEERING AND TECHNOLOGY,"Jain University, Bangalore",UNDER GRADUATE,COMPUTER ENGINEERINGSOFTWARE ENGINEERING,60,3
287,1-9320186522,JAIN DEEMED TO BE UNIVERSITY FACULTY OF ENGINEERING AND TECHNOLOGY,Karnataka,RAMANAGARA,Deemed to be University(Pvt),ENGINEERING AND TECHNOLOGY,"Jain University, Bangalore",POST GRADUATE,CIVIL ENGINEERING,18,1
288,1-9320186522,JAIN DEEMED TO BE UNIVERSITY FACULTY OF ENGINEERING AND TECHNOLOGY,Karnataka,RAMANAGARA,Deemed to be University(Pvt),ENGINEERING AND TECHNOLOGY,"Jain University, Bangalore",UNDER GRADUATE,COMPUTER SCIENCE AND ENGINEERING CYBER SECURITY,60,3
289,1-9355592259,JAIN DEEMED TO BE UNIVERSITY FACULTY OF MANAGEMENT STUDIES,Karnataka,BANGALORE URBAN,Deemed to be University(Pvt),MANAGEMENT,"Jain University, Bangalore",POST GRADUATE,MBA,1020,51
290,1-9355592647,JAIN DEEMED TO BE UNIVERSITY SCHOOL OF COMPUTER APPLICATIONS AND IT,Karnataka,BANGALORE URBAN,Deemed to be University(Pvt),COMPUTER APPLICATIONS,"Jain University, Bangalore",POST GRADUATE,MASTER OF COMPUTER APPLICATIONS,180,9
291,1-9320491903,KLE TECHNOLOGICAL UNIVERSITY,Karnataka,DHARWAD,State Private University,ENGINEERING AND TECHNOLOGY,KLE Technological University Hubballi,UNDER GRADUATE,CIVIL ENGINEERING,120,6
292,1-9320491903,KLE TECHNOLOGICAL UNIVERSITY,Karnataka,DHARWAD,State Private University,ENGINEERING AND TECHNOLOGY,KLE Technological University Hubballi,UNDER GRADUATE,MECHANICAL ENGINEERING,180,9
293,1-9320491903,KLE TECHNOLOGICAL UNIVERSITY,Karnataka,DHARWAD,State Private University,ENGINEERING AND TECHNOLOGY,KLE Technological University Hubballi,UNDER GRADUATE,COMPUTER SCIENCE AND ENGINEERING,300,15
294,1-9320491903,KLE TECHNOLOGICAL UNIVERSITY,Karnataka,DHARWAD,State Private University,ENGINEERING AND TECHNOLOGY,KLE Technological University Hubballi,UNDER GRADUATE,ELECTRONICS AND COMMUNICATION ENGINEERING,300,15
295,1-9320491903,KLE TECHNOLOGICAL UNIVERSITY,Karnataka,DHARWAD,State Private University,ENGINEERING AND TECHNOLOGY,KLE Technological University Hubballi,UNDER GRADUATE,ELECTRICAL AND ELECTRONICS ENGINEERING,120,6
296,1-9320491903,KLE TECHNOLOGICAL UNIVERSITY,Karnataka,DHARWAD,State Private University,ENGINEERING AND TECHNOLOGY,KLE Technological University Hubballi,UNDER GRADUATE,AUTOMATION AND ROBOTICS,60,3
297,1-9320491903,KLE TECHNOLOGICAL UNIVERSITY,Karnataka,DHARWAD,State Private University,ENGINEERING AND TECHNOLOGY,KLE Technological University Hubballi,UNDER GRADUATE,BIOTECHNOLOGY,60,3
298,1-9320491903,KLE TECHNOLOGICAL UNIVERSITY,Karnataka,DHARWAD,State Private University,PLANNING,KLE Technological University Hubballi,UNDER GRADUATE,ARCHITECTURE,80,4
299,1-9320491903,KLE TECHNOLOGICAL UNIVERSITY,Karnataka,DHARWAD,State Private University,ENGINEERING AND TECHNOLOGY,"KLE Technological University, Hubballi",UNDER GRADUATE,ELECTRONICS AND COMMUNICATION ENGINEERING INDUSTRY INTEGRATED,60,3
300,1-9319071672,M. S. RAMAIAH INSTITUTE OF TECHNOLOGY,Karnataka,BANGALORE URBAN,Private-Self Financing,ENGINEERING AND TECHNOLOGY,"Visvesvarayaï¿½Technological University, Belgaum",UNDER GRADUATE,COMPUTER SCIENCE AND ENGINEERING ARTIFICIAL INTELLIGENCE AND MACHINE LEARNING,60,3
301,1-9526017521,MANIPAL ACADEMY OF HIGHER EDUCATION,Karnataka,UDUPI,Deemed to be University(Pvt),MANAGEMENT,"Manipal Academy of Higher Education, Manipal",POST GRADUATE,MASTER IN BUSINESS ADMINISTRATIONGENERAL MANAGEMENT,120,6
302,1-9526017521,MANIPAL ACADEMY OF HIGHER EDUCATION,Karnataka,UDUPI,Deemed to be University(Pvt),DESIGN,"Manipal Academy of Higher Education, Manipal",UNDER GRADUATE,BACHELOR OF DESIGNINTERIOR DESIGN,60,3
303,1-9526017521,MANIPAL ACADEMY OF HIGHER EDUCATION,Karnataka,UDUPI,Deemed to be University(Pvt),HOTEL MANAGEMENT AND CATERING,"Manipal Academy of Higher Education, Manipal",UNDER GRADUATE,BACHELOR OF HOTEL MANAGEMENT,180,9
304,1-9526017521,MANIPAL ACADEMY OF HIGHER EDUCATION,Karnataka,UDUPI,Deemed to be University(Pvt),HOTEL MANAGEMENT AND CATERING,"Manipal Academy of Higher Education, Manipal",POST GRADUATE,MASTER OF HOTEL MANAGEMENT AND CATERING TECHNOLOGY,30,2
305,1-9570633361,MANIPAL ACADEMY OF HIGHER EDUCATION,Karnataka,UDUPI,Deemed to be University(Pvt),ENGINEERING AND TECHNOLOGY,"Manipal Academy of Higher Education, Manipal",UNDER GRADUATE,COMPUTER SCIENCE AND ENGINEERING,60,3
306,1-9570633361,MANIPAL ACADEMY OF HIGHER EDUCATION,Karnataka,UDUPI,Deemed to be University(Pvt),ENGINEERING AND TECHNOLOGY,"Manipal Academy of Higher Education, Manipal",UNDER GRADUATE,COMPUTER SCIENCE AND ENGINEERING ARTIFICIAL INTELLIGENCE,60,3
307,1-9570633361,MANIPAL ACADEMY OF HIGHER EDUCATION,Karnataka,UDUPI,Deemed to be University(Pvt),ENGINEERING AND TECHNOLOGY,"Manipal Academy of Higher Education, Manipal",UNDER GRADUATE,COMPUTER SCIENCE AND ENGINEERING CYBER SECURITY,60,3
308,1-9570633361,MANIPAL ACADEMY OF HIGHER EDUCATION,Karnataka,UDUPI,Deemed to be University(Pvt),ENGINEERING AND TECHNOLOGY,"Manipal Academy of Higher Education, Manipal",UNDER GRADUATE,INFORMATION TECHNOLOGY,60,3
309,1-9570633361,MANIPAL ACADEMY OF HIGHER EDUCATION,Karnataka,UDUPI,Deemed to be University(Pvt),ENGINEERING AND TECHNOLOGY,"Manipal Academy of Higher Education, Manipal",UNDER GRADUATE,ELECTRONICS AND COMMUNICATION ENGINEERING,60,3
310,1-9570633361,MANIPAL ACADEMY OF HIGHER EDUCATION,Karnataka,UDUPI,Deemed to be University(Pvt),DESIGN,"Manipal Academy of Higher Education, Manipal",UNDER GRADUATE,BACHELOR OF DESIGNBUSINESS SERVICES AND SYSTEM DESIGN,30,2
311,1-9570633361,MANIPAL ACADEMY OF HIGHER EDUCATION,Karnataka,UDUPI,Deemed to be University(Pvt),DESIGN,"Manipal Academy of Higher Education, Manipal",UNDER GRADUATE,BACHELOR OF DESIGNCREATIVE AND APPLIED COMPUTATION,30,2
312,1-9570633361,MANIPAL ACADEMY OF HIGHER EDUCATION,Karnataka,UDUPI,Deemed to be University(Pvt),DESIGN,"Manipal Academy of Higher Education, Manipal",UNDER GRADUATE,BACHELOR OF DESIGNCREATIVE EDUCATION,30,2
313,1-9570633361,MANIPAL ACADEMY OF HIGHER EDUCATION,Karnataka,UDUPI,Deemed to be University(Pvt),DESIGN,"Manipal Academy of Higher Education, Manipal",UNDER GRADUATE,BACHELOR OF DESIGNHUMAN CENTERED DESIGN,30,2
314,1-9570633361,MANIPAL ACADEMY OF HIGHER EDUCATION,Karnataka,UDUPI,Deemed to be University(Pvt),DESIGN,"Manipal Academy of Higher Education, Manipal",UNDER GRADUATE,BACHELOR OF DESIGNINDUSTRIAL ARTS AND DESIGN PRACTICES,60,3
315,1-9570633361,MANIPAL ACADEMY OF HIGHER EDUCATION,Karnataka,UDUPI,Deemed to be University(Pvt),DESIGN,"Manipal Academy of Higher Education, Manipal",UNDER GRADUATE,BACHELOR OF DESIGNINFORMATION ARTS AND INFORMATION DESIGN PRACTICES,30,2
316,1-9570633361,MANIPAL ACADEMY OF HIGHER EDUCATION,Karnataka,UDUPI,Deemed to be University(Pvt),DESIGN,"Manipal Academy of Higher Education, Manipal",UNDER GRADUATE,BACHELOR OF DESIGNPUBLIC SPACE DESIGN,30,2
317,1-9570633361,MANIPAL ACADEMY OF HIGHER EDUCATION,Karnataka,UDUPI,Deemed to be University(Pvt),DESIGN,"Manipal Academy of Higher Education, Manipal",UNDER GRADUATE,BACHELOR OF DESIGNVISUAL COMMUNICATION AND STRATEGIC BRANDING,60,3
318,1-9570633361,MANIPAL ACADEMY OF HIGHER EDUCATION,Karnataka,UDUPI,Deemed to be University(Pvt),DESIGN,"Manipal Academy of Higher Education, Manipal",POST GRADUATE,DESIGN COMPUTATION,15,1
319,1-9570633361,MANIPAL ACADEMY OF HIGHER EDUCATION,Karnataka,UDUPI,Deemed to be University(Pvt),DESIGN,"Manipal Academy of Higher Education, Manipal",POST GRADUATE,DESIGN LED INNOVATION,30,2
320,1-9570633361,MANIPAL ACADEMY OF HIGHER EDUCATION,Karnataka,UDUPI,Deemed to be University(Pvt),DESIGN,"Manipal Academy of Higher Education, Manipal",POST GRADUATE,EARTH EDUCATION AND COMMUNICATION,15,1
321,1-9570633361,MANIPAL ACADEMY OF HIGHER EDUCATION,Karnataka,UDUPI,Deemed to be University(Pvt),DESIGN,"Manipal Academy of Higher Education, Manipal",POST GRADUATE,HERITAGE DESIGN,15,1
322,1-9570633361,MANIPAL ACADEMY OF HIGHER EDUCATION,Karnataka,UDUPI,Deemed to be University(Pvt),DESIGN,"Manipal Academy of Higher Education, Manipal",POST GRADUATE,HUMAN CENTERED DESIGN,30,2
323,1-9570633361,MANIPAL ACADEMY OF HIGHER EDUCATION,Karnataka,UDUPI,Deemed to be University(Pvt),DESIGN,"Manipal Academy of Higher Education, Manipal",POST GRADUATE,INDUSTRIAL ARTS AND DESIGN PRACTICES,30,2
324,1-9570633361,MANIPAL ACADEMY OF HIGHER EDUCATION,Karnataka,UDUPI,Deemed to be University(Pvt),DESIGN,"Manipal Academy of Higher Education, Manipal",POST GRADUATE,INFORMATION ARTS INFORMATION DESIGN PRACTICE,15,1
325,1-9570633361,MANIPAL ACADEMY OF HIGHER EDUCATION,Karnataka,UDUPI,Deemed to be University(Pvt),DESIGN,"Manipal Academy of Higher Education, Manipal",POST GRADUATE,PUBLIC SPACE DESIGN,15,1
326,1-9570633361,MANIPAL ACADEMY OF HIGHER EDUCATION,Karnataka,UDUPI,Deemed to be University(Pvt),DESIGN,"Manipal Academy of Higher Education, Manipal",POST GRADUATE,M.PLAN. URBAN DESIGNSUSTAINABILITY AND CONSERVATION,15,1
327,1-9320847716,MANIPAL INSTITUTE OF TECHNOLOGY,Karnataka,UDUPI,Deemed to be University(Pvt),ENGINEERING AND TECHNOLOGY,"Manipal Academy of Higher Education, Manipal",UNDER GRADUATE,BIOMEDICAL ENGINEERING,60,3
328,1-9320847716,MANIPAL INSTITUTE OF TECHNOLOGY,Karnataka,UDUPI,Deemed to be University(Pvt),ENGINEERING AND TECHNOLOGY,"Manipal Academy of Higher Education, Manipal",UNDER GRADUATE,AUTOMOBILE ENGINEERING,60,3
329,1-9320847716,MANIPAL INSTITUTE OF TECHNOLOGY,Karnataka,UDUPI,Deemed to be University(Pvt),ENGINEERING AND TECHNOLOGY,"Manipal Academy of Higher Education, Manipal",UNDER GRADUATE,BIOTECHNOLOGY,60,3
330,1-9320847716,MANIPAL INSTITUTE OF TECHNOLOGY,Karnataka,UDUPI,Deemed to be University(Pvt),ENGINEERING AND TECHNOLOGY,"Manipal Academy of Higher Education, Manipal",UNDER GRADUATE,CHEMICAL ENGINEERING,120,6
331,1-9320847716,MANIPAL INSTITUTE OF TECHNOLOGY,Karnataka,UDUPI,Deemed to be University(Pvt),ENGINEERING AND TECHNOLOGY,"Manipal Academy of Higher Education, Manipal",UNDER GRADUATE,CIVIL ENGINEERING,180,9
332,1-9320847716,MANIPAL INSTITUTE OF TECHNOLOGY,Karnataka,UDUPI,Deemed to be University(Pvt),ENGINEERING AND TECHNOLOGY,"Manipal Academy of Higher Education, Manipal",UNDER GRADUATE,COMPUTER SCIENCE AND ENGINEERING,200,10
333,1-9320847716,MANIPAL INSTITUTE OF TECHNOLOGY,Karnataka,UDUPI,Deemed to be University(Pvt),ENGINEERING AND TECHNOLOGY,"Manipal Academy of Higher Education, Manipal",UNDER GRADUATE,ELECTRICAL AND ELECTRONICS ENGINEERING,180,9
334,1-9320847716,MANIPAL INSTITUTE OF TECHNOLOGY,Karnataka,UDUPI,Deemed to be University(Pvt),ENGINEERING AND TECHNOLOGY,"Manipal Academy of Higher Education, Manipal",UNDER GRADUATE,ELECTRONICS COMMUNICATION ENGG,200,10
335,1-9320847716,MANIPAL INSTITUTE OF TECHNOLOGY,Karnataka,UDUPI,Deemed to be University(Pvt),ENGINEERING AND TECHNOLOGY,"Manipal Academy of Higher Education, Manipal",UNDER GRADUATE,AERONAUTICAL ENGINEERING,60,3
336,1-9320847716,MANIPAL INSTITUTE OF TECHNOLOGY,Karnataka,UDUPI,Deemed to be University(Pvt),ENGINEERING AND TECHNOLOGY,"Manipal Academy of Higher Education, Manipal",UNDER GRADUATE,MECHANICAL ENGINEERING,200,10
337,1-9320847716,MANIPAL INSTITUTE OF TECHNOLOGY,Karnataka,UDUPI,Deemed to be University(Pvt),ENGINEERING AND TECHNOLOGY,"Manipal Academy of Higher Education, Manipal",UNDER GRADUATE,INDUSTRIAL PRODUCTION ENGINEERING,60,3
338,1-9320847716,MANIPAL INSTITUTE OF TECHNOLOGY,Karnataka,UDUPI,Deemed to be University(Pvt),ENGINEERING AND TECHNOLOGY,"Manipal Academy of Higher Education, Manipal",UNDER GRADUATE,MECHATRONICS,120,6
339,1-9320847716,MANIPAL INSTITUTE OF TECHNOLOGY,Karnataka,UDUPI,Deemed to be University(Pvt),ENGINEERING AND TECHNOLOGY,"Manipal Academy of Higher Education, Manipal",UNDER GRADUATE,INFORMATION TECHNOLOGY,180,9
340,1-9320847716,MANIPAL INSTITUTE OF TECHNOLOGY,Karnataka,UDUPI,Deemed to be University(Pvt),ENGINEERING AND TECHNOLOGY,"Manipal Academy of Higher Education, Manipal",UNDER GRADUATE,ELECTRONICS AND INSTRUMENTATION ENGINEERING,120,6
341,1-9320847716,MANIPAL INSTITUTE OF TECHNOLOGY,Karnataka,UDUPI,Deemed to be University(Pvt),ENGINEERING AND TECHNOLOGY,"Manipal Academy of Higher Education, Manipal",UNDER GRADUATE,PRINTING TECHNOLOGY,60,3
342,1-9320847716,MANIPAL INSTITUTE OF TECHNOLOGY,Karnataka,UDUPI,Deemed to be University(Pvt),ENGINEERING AND TECHNOLOGY,"Manipal Academy of Higher Education, Manipal",POST GRADUATE,BIOMEDICAL ENGINEERING,25,1
343,1-9320847716,MANIPAL INSTITUTE OF TECHNOLOGY,Karnataka,UDUPI,Deemed to be University(Pvt),ENGINEERING AND TECHNOLOGY,"Manipal Academy of Higher Education, Manipal",POST GRADUATE,ENGINEERING MANAGEMENT,18,1
344,1-9320847716,MANIPAL INSTITUTE OF TECHNOLOGY,Karnataka,UDUPI,Deemed to be University(Pvt),ENGINEERING AND TECHNOLOGY,"Manipal Academy of Higher Education, Manipal",POST GRADUATE,MANUFACTURING ENGINEERING,18,1
345,1-9320847716,MANIPAL INSTITUTE OF TECHNOLOGY,Karnataka,UDUPI,Deemed to be University(Pvt),ENGINEERING AND TECHNOLOGY,"Manipal Academy of Higher Education, Manipal",POST GRADUATE,PRINTING TECHNOLOGY,18,1
346,1-9320847716,MANIPAL INSTITUTE OF TECHNOLOGY,Karnataka,UDUPI,Deemed to be University(Pvt),ENGINEERING AND TECHNOLOGY,"Manipal Academy of Higher Education, Manipal",POST GRADUATE,COMPUTER AIDED ANALYSIS AND DESIGN,30,2
347,1-9320847716,MANIPAL INSTITUTE OF TECHNOLOGY,Karnataka,UDUPI,Deemed to be University(Pvt),ENGINEERING AND TECHNOLOGY,"Manipal Academy of Higher Education, Manipal",POST GRADUATE,INDUSTRIAL BIOTECHNOLOGY,18,1
348,1-9320847716,MANIPAL INSTITUTE OF TECHNOLOGY,Karnataka,UDUPI,Deemed to be University(Pvt),ENGINEERING AND TECHNOLOGY,"Manipal Academy of Higher Education, Manipal",POST GRADUATE,CONSTRUCTION ENGINEERN AND MANAGEMENT,30,2
349,1-9320847716,MANIPAL INSTITUTE OF TECHNOLOGY,Karnataka,UDUPI,Deemed to be University(Pvt),ENGINEERING AND TECHNOLOGY,"Manipal Academy of Higher Education, Manipal",POST GRADUATE,STRUCTURAL ENGINEERING,30,2
350,1-9320847716,MANIPAL INSTITUTE OF TECHNOLOGY,Karnataka,UDUPI,Deemed to be University(Pvt),ENGINEERING AND TECHNOLOGY,"Manipal Academy of Higher Education, Manipal",POST GRADUATE,ENVIRONMENTAL ENGINEERING,30,2
351,1-9320847716,MANIPAL INSTITUTE OF TECHNOLOGY,Karnataka,UDUPI,Deemed to be University(Pvt),ENGINEERING AND TECHNOLOGY,"Manipal Academy of Higher Education, Manipal",POST GRADUATE,CHEMICAL ENGINEERING,18,1
352,1-9320847716,MANIPAL INSTITUTE OF TECHNOLOGY,Karnataka,UDUPI,Deemed to be University(Pvt),ENGINEERING AND TECHNOLOGY,"Manipal Academy of Higher Education, Manipal",POST GRADUATE,COMPUTER SCIENCE AND ENGINEERING,30,2
353,1-9320847716,MANIPAL INSTITUTE OF TECHNOLOGY,Karnataka,UDUPI,Deemed to be University(Pvt),ENGINEERING AND TECHNOLOGY,"Manipal Academy of Higher Education, Manipal",POST GRADUATE,COMPUTER SCIENCE AND INFORMATION SECURITY,30,2
354,1-9320847716,MANIPAL INSTITUTE OF TECHNOLOGY,Karnataka,UDUPI,Deemed to be University(Pvt),ENGINEERING AND TECHNOLOGY,"Manipal Academy of Higher Education, Manipal",POST GRADUATE,ENERGY SYSTEMS AND MANAGEMENT,18,1
355,1-9320847716,MANIPAL INSTITUTE OF TECHNOLOGY,Karnataka,UDUPI,Deemed to be University(Pvt),ENGINEERING AND TECHNOLOGY,"Manipal Academy of Higher Education, Manipal",POST GRADUATE,POWER ELECTRONICS AND DRIVES,18,1
356,1-9320847716,MANIPAL INSTITUTE OF TECHNOLOGY,Karnataka,UDUPI,Deemed to be University(Pvt),ENGINEERING AND TECHNOLOGY,"Manipal Academy of Higher Education, Manipal",POST GRADUATE,DIGITAL ELECTRONICS AND COMMUNICATION ENGINEERING,30,2
357,1-9320847716,MANIPAL INSTITUTE OF TECHNOLOGY,Karnataka,UDUPI,Deemed to be University(Pvt),ENGINEERING AND TECHNOLOGY,"Manipal Academy of Higher Education, Manipal",POST GRADUATE,MICRO ELECTRONICS,30,2
358,1-9320847716,MANIPAL INSTITUTE OF TECHNOLOGY,Karnataka,UDUPI,Deemed to be University(Pvt),ENGINEERING AND TECHNOLOGY,"Manipal Academy of Higher Education, Manipal",POST GRADUATE,SOFTWARE ENGINEERING,18,1
359,1-9320847716,MANIPAL INSTITUTE OF TECHNOLOGY,Karnataka,UDUPI,Deemed to be University(Pvt),ENGINEERING AND TECHNOLOGY,"Manipal Academy of Higher Education, Manipal",POST GRADUATE,COMPUTER NETWORKING AND ENGINEERING,18,1
360,1-9320847716,MANIPAL INSTITUTE OF TECHNOLOGY,Karnataka,UDUPI,Deemed to be University(Pvt),ENGINEERING AND TECHNOLOGY,"Manipal Academy of Higher Education, Manipal",POST GRADUATE,CONTROL SYSTEMS,18,1
361,1-9320847716,MANIPAL INSTITUTE OF TECHNOLOGY,Karnataka,UDUPI,Deemed to be University(Pvt),ENGINEERING AND TECHNOLOGY,"Manipal Academy of Higher Education, Manipal",POST GRADUATE,AERO SPACE ENGINEERING,18,1
362,1-9320847716,MANIPAL INSTITUTE OF TECHNOLOGY,Karnataka,UDUPI,Deemed to be University(Pvt),COMPUTER APPLICATIONS,"Manipal Academy of Higher Education, Manipal",POST GRADUATE,MASTERS IN COMPUTER APPLICATIONS,60,3
363,1-9320847716,MANIPAL INSTITUTE OF TECHNOLOGY,Karnataka,UDUPI,Deemed to be University(Pvt),ENGINEERING AND TECHNOLOGY,"Manipal Academy of Higher Education, Manipal",POST GRADUATE,THERMAL SCIENCES ENERGY SYSTEMS,18,1
364,1-9320847716,MANIPAL INSTITUTE OF TECHNOLOGY,Karnataka,UDUPI,Deemed to be University(Pvt),ENGINEERING AND TECHNOLOGY,"Manipal Academy of Higher Education, Manipal",UNDER GRADUATE,COMPUTER AND COMMUNICATION ENGINEERING,180,9
365,1-9320847716,MANIPAL INSTITUTE OF TECHNOLOGY,Karnataka,UDUPI,Deemed to be University(Pvt),ENGINEERING AND TECHNOLOGY,"Manipal Academy of Higher Education, Manipal",POST GRADUATE,INDUSTRIAL AUTOMATION AND ROBOTICS,30,2
366,1-9320847716,MANIPAL INSTITUTE OF TECHNOLOGY,Karnataka,UDUPI,Deemed to be University(Pvt),ENGINEERING AND TECHNOLOGY,"Manipal Academy of Higher Education, Manipal",POST GRADUATE,TRIBOLOGY AND MAINTENANCE,30,2
367,1-9320847716,MANIPAL INSTITUTE OF TECHNOLOGY,Karnataka,UDUPI,Deemed to be University(Pvt),ENGINEERING AND TECHNOLOGY,"Manipal Academy of Higher Education, Manipal",POST GRADUATE,AUTOMOBILE ENGINEERING,30,2
368,1-9320847716,MANIPAL INSTITUTE OF TECHNOLOGY,Karnataka,UDUPI,Deemed to be University(Pvt),ENGINEERING AND TECHNOLOGY,"Manipal Academy of Higher Education, Manipal",UNDER GRADUATE,DATA SCIENCE AND ENGINEERING,120,6
369,1-9320847716,MANIPAL INSTITUTE OF TECHNOLOGY,Karnataka,UDUPI,Deemed to be University(Pvt),ENGINEERING AND TECHNOLOGY,"Manipal Academy of Higher Education, Manipal",POST GRADUATE,AVIONICS,30,2
370,1-9320847716,MANIPAL INSTITUTE OF TECHNOLOGY,Karnataka,UDUPI,Deemed to be University(Pvt),ENGINEERING AND TECHNOLOGY,"Manipal Academy of Higher Education, Manipal",UNDER GRADUATE,B. TECH - COMPUTER SCIENCE AND ENGINEERING ARTIFICIAL INTELLIGENCE AND MACHINE LEARNING,120,6
371,1-9321368516,NITTE MEENAKSHI INSTITUTE OF TECHNOLOGY,Karnataka,BANGALORE RURAL,Private-Self Financing,ENGINEERING AND TECHNOLOGY,"Visvesvarayaï¿½Technological University, Belgaum",POST GRADUATE,RENEWABLE ENERGY,18,1
372,1-9321368516,NITTE MEENAKSHI INSTITUTE OF TECHNOLOGY,Karnataka,BANGALORE RURAL,Private-Self Financing,ENGINEERING AND TECHNOLOGY,"Visvesvarayaï¿½Technological University, Belgaum",UNDER GRADUATE,COMPUTER SCIENCE AND ENGINEERING,180,9
373,1-9321368516,NITTE MEENAKSHI INSTITUTE OF TECHNOLOGY,Karnataka,BANGALORE RURAL,Private-Self Financing,ENGINEERING AND TECHNOLOGY,"Visvesvarayaï¿½Technological University, Belgaum",UNDER GRADUATE,INFORMATION SCIENCE AND ENGINEERING,180,9
374,1-9321368516,NITTE MEENAKSHI INSTITUTE OF TECHNOLOGY,Karnataka,BANGALORE RURAL,Private-Self Financing,ENGINEERING AND TECHNOLOGY,"Visvesvarayaï¿½Technological University, Belgaum",UNDER GRADUATE,ELECTRICAL AND ELECTRONICS ENGINEERING,120,6
375,1-9321368516,NITTE MEENAKSHI INSTITUTE OF TECHNOLOGY,Karnataka,BANGALORE RURAL,Private-Self Financing,ENGINEERING AND TECHNOLOGY,"Visvesvarayaï¿½Technological University, Belgaum",UNDER GRADUATE,CIVIL ENGINEERING,120,6
376,1-9321368516,NITTE MEENAKSHI INSTITUTE OF TECHNOLOGY,Karnataka,BANGALORE RURAL,Private-Self Financing,ENGINEERING AND TECHNOLOGY,"Visvesvarayaï¿½Technological University, Belgaum",POST GRADUATE,COMPUTER SCIENCE AND ENGINEERING,18,1
377,1-9321368516,NITTE MEENAKSHI INSTITUTE OF TECHNOLOGY,Karnataka,BANGALORE RURAL,Private-Self Financing,ENGINEERING AND TECHNOLOGY,"Visvesvarayaï¿½Technological University, Belgaum",POST GRADUATE,VLSI DESIGN AND EMBEDDED SYSTEMS,18,1
378,1-9321368516,NITTE MEENAKSHI INSTITUTE OF TECHNOLOGY,Karnataka,BANGALORE RURAL,Private-Self Financing,COMPUTER APPLICATIONS,"Visvesvarayaï¿½Technological University, Belgaum",POST GRADUATE,MASTERS IN COMPUTER APPLICATIONS,120,6
379,1-9321368516,NITTE MEENAKSHI INSTITUTE OF TECHNOLOGY,Karnataka,BANGALORE RURAL,Private-Self Financing,ENGINEERING AND TECHNOLOGY,"Visvesvarayaï¿½Technological University, Belgaum",UNDER GRADUATE,AERONAUTICAL ENGINEERING,120,6
380,1-9321368516,NITTE MEENAKSHI INSTITUTE OF TECHNOLOGY,Karnataka,BANGALORE RURAL,Private-Self Financing,ENGINEERING AND TECHNOLOGY,"Visvesvarayaï¿½Technological University, Belgaum",UNDER GRADUATE,ELECTRONICS AND COMMUNICATIONS ENGINEERING,180,9
381,1-9321368516,NITTE MEENAKSHI INSTITUTE OF TECHNOLOGY,Karnataka,BANGALORE RURAL,Private-Self Financing,ENGINEERING AND TECHNOLOGY,"Visvesvarayaï¿½Technological University, Belgaum",UNDER GRADUATE,MECHANICAL ENGINEERING,120,6
382,1-9321368516,NITTE MEENAKSHI INSTITUTE OF TECHNOLOGY,Karnataka,BANGALORE RURAL,Private-Self Financing,ENGINEERING AND TECHNOLOGY,"Visvesvarayaï¿½Technological University, Belgaum",POST GRADUATE,STRUCTURAL ENGINEERING,24,1
383,1-9321368516,NITTE MEENAKSHI INSTITUTE OF TECHNOLOGY,Karnataka,BANGALORE RURAL,Private-Self Financing,ENGINEERING AND TECHNOLOGY,"Visvesvarayaï¿½Technological University, Belgaum",POST GRADUATE,MACHINE DESIGN,18,1
384,1-9321368516,NITTE MEENAKSHI INSTITUTE OF TECHNOLOGY,Karnataka,BANGALORE RURAL,Private-Self Financing,ENGINEERING AND TECHNOLOGY,"Visvesvarayaï¿½Technological University, Belgaum",POST GRADUATE,DATA SCIENCE,18,1
385,1-9321368516,NITTE MEENAKSHI INSTITUTE OF TECHNOLOGY,Karnataka,BANGALORE RURAL,Private-Self Financing,ENGINEERING AND TECHNOLOGY,"Visvesvarayaï¿½Technological University, Belgaum",POST GRADUATE,AEROSPACE ENGINEERING,18,1
386,1-9321368516,NITTE MEENAKSHI INSTITUTE OF TECHNOLOGY,Karnataka,BANGALORE RURAL,Private-Self Financing,ENGINEERING AND TECHNOLOGY,Directorate of Technical Education,DIPLOMA,AERONAUTICAL ENGINEERING,60,3
387,1-9321368516,NITTE MEENAKSHI INSTITUTE OF TECHNOLOGY,Karnataka,BANGALORE RURAL,Private-Self Financing,ENGINEERING AND TECHNOLOGY,"Visvesvarayaï¿½Technological University, Belgaum",UNDER GRADUATE,ARTIFICIAL INTELLIGENCE AND MACHINE LEARNING,60,3
388,1-9321368516,NITTE MEENAKSHI INSTITUTE OF TECHNOLOGY,Karnataka,BANGALORE RURAL,Private-Self Financing,ENGINEERING AND TECHNOLOGY,"Visvesvarayaï¿½Technological University, Belgaum",UNDER GRADUATE,ARTIFICIAL INTELLIGENCE AND DATA SCIENCE,60,3
389,1-9323047906,T A PAI MANAGEMENT INSTITUTE,Karnataka,UDUPI,Private-Self Financing,MANAGEMENT,None,POST GRADUATE DIPLOMA,PGDM,420,21
390,1-9323047906,T A PAI MANAGEMENT INSTITUTE,Karnataka,UDUPI,Private-Self Financing,MANAGEMENT,None,POST GRADUATE DIPLOMA,PGDMHUMAN RESOURCE MANAGEMENT,60,3
391,1-9322541845,T JOHN INSTITUTE OF TECHNOLOGY,Karnataka,BANGALORE URBAN,Private-Self Financing,ENGINEERING AND TECHNOLOGY,"Visvesvarayaï¿½Technological University, Belgaum",UNDER GRADUATE,COMPUTER SCIENCE AND ENGINEERING,120,6
392,1-9322541845,T JOHN INSTITUTE OF TECHNOLOGY,Karnataka,BANGALORE URBAN,Private-Self Financing,ENGINEERING AND TECHNOLOGY,"Visvesvarayaï¿½Technological University, Belgaum",UNDER GRADUATE,ELECTRONICS COMMUNICATION ENGG,30,2
393,1-9322541845,T JOHN INSTITUTE OF TECHNOLOGY,Karnataka,BANGALORE URBAN,Private-Self Financing,ENGINEERING AND TECHNOLOGY,"Visvesvarayaï¿½Technological University, Belgaum",UNDER GRADUATE,INFORMATION SCIENCE AND ENGINEERING,30,2
394,1-9322541845,T JOHN INSTITUTE OF TECHNOLOGY,Karnataka,BANGALORE URBAN,Private-Self Financing,ENGINEERING AND TECHNOLOGY,"Visvesvarayaï¿½Technological University, Belgaum",UNDER GRADUATE,MECHANICAL ENGINEERING,30,2
395,1-9322541845,T JOHN INSTITUTE OF TECHNOLOGY,Karnataka,BANGALORE URBAN,Private-Self Financing,ENGINEERING AND TECHNOLOGY,"Visvesvarayaï¿½Technological University, Belgaum",UNDER GRADUATE,CIVIL ENGINEERING,30,2
396,1-9319926945,ACE COLLEGE OF ENGINEERING,Kerala,THIRUVANANTHAPURAM,Private-Self Financing,ENGINEERING AND TECHNOLOGY,"APJ Abdul Kalam Technological University, Kerala",UNDER GRADUATE,ELECTRONICS AND COMMUNICATIONS ENGINEERING,60,3
397,1-9319926945,ACE COLLEGE OF ENGINEERING,Kerala,THIRUVANANTHAPURAM,Private-Self Financing,ENGINEERING AND TECHNOLOGY,"APJ Abdul Kalam Technological University, Kerala",UNDER GRADUATE,MECHANICAL ENGINEERING,60,3
398,1-9319926945,ACE COLLEGE OF ENGINEERING,Kerala,THIRUVANANTHAPURAM,Private-Self Financing,ENGINEERING AND TECHNOLOGY,"APJ Abdul Kalam Technological University, Kerala",UNDER GRADUATE,CIVIL ENGINEERING,60,3
399,1-9319926945,ACE COLLEGE OF ENGINEERING,Kerala,THIRUVANANTHAPURAM,Private-Self Financing,ENGINEERING AND TECHNOLOGY,"APJ Abdul Kalam Technological University, Kerala",UNDER GRADUATE,ELECTRICAL AND ELECTRONICS ENGINEERING,60,3
400,1-9319926945,ACE COLLEGE OF ENGINEERING,Kerala,THIRUVANANTHAPURAM,Private-Self Financing,ENGINEERING AND TECHNOLOGY,"APJ Abdul Kalam Technological University, Kerala",UNDER GRADUATE,AERONAUTICAL ENGINEERING,60,3
401,1-9319404825,ADI SHANKARA INSTITUTE OF ENGINEERING AND TECHNOLOGY,Kerala,ERNAKULAM,Private-Self Financing,ENGINEERING AND TECHNOLOGY,"APJ Abdul Kalam Technological University, Kerala",UNDER GRADUATE,ELECTRONICS COMMUNICATION ENGG,90,5
402,1-9319404825,ADI SHANKARA INSTITUTE OF ENGINEERING AND TECHNOLOGY,Kerala,ERNAKULAM,Private-Self Financing,ENGINEERING AND TECHNOLOGY,"APJ Abdul Kalam Technological University, Kerala",POST GRADUATE,COMPUTER SCIENCE AND ENGINEERING,18,1
403,1-9319404825,ADI SHANKARA INSTITUTE OF ENGINEERING AND TECHNOLOGY,Kerala,ERNAKULAM,Private-Self Financing,MANAGEMENT,"APJ Abdul Kalam Technological University, Kerala",POST GRADUATE,MBA,120,6
404,1-9319404825,ADI SHANKARA INSTITUTE OF ENGINEERING AND TECHNOLOGY,Kerala,ERNAKULAM,Private-Self Financing,ENGINEERING AND TECHNOLOGY,"APJ Abdul Kalam Technological University, Kerala",UNDER GRADUATE,COMPUTER SCIENCE AND ENGINEERING,120,6
405,1-9319404825,ADI SHANKARA INSTITUTE OF ENGINEERING AND TECHNOLOGY,Kerala,ERNAKULAM,Private-Self Financing,ENGINEERING AND TECHNOLOGY,"APJ Abdul Kalam Technological University, Kerala",UNDER GRADUATE,ELECTRICAL AND ELECTRONICS ENGINEERING,60,3
406,1-9319404825,ADI SHANKARA INSTITUTE OF ENGINEERING AND TECHNOLOGY,Kerala,ERNAKULAM,Private-Self Financing,ENGINEERING AND TECHNOLOGY,"APJ Abdul Kalam Technological University, Kerala",UNDER GRADUATE,MECHANICAL ENGINEERING,90,5
407,1-9319404825,ADI SHANKARA INSTITUTE OF ENGINEERING AND TECHNOLOGY,Kerala,ERNAKULAM,Private-Self Financing,ENGINEERING AND TECHNOLOGY,"APJ Abdul Kalam Technological University, Kerala",POST GRADUATE,POWER ELECTRONICS AND POWER SYSTEMS,18,1
408,1-9319404825,ADI SHANKARA INSTITUTE OF ENGINEERING AND TECHNOLOGY,Kerala,ERNAKULAM,Private-Self Financing,ENGINEERING AND TECHNOLOGY,"APJ Abdul Kalam Technological University, Kerala",POST GRADUATE,VLSI AND EMBEDDED SYSTEMS,18,1
409,1-9319404825,ADI SHANKARA INSTITUTE OF ENGINEERING AND TECHNOLOGY,Kerala,ERNAKULAM,Private-Self Financing,ENGINEERING AND TECHNOLOGY,"APJ Abdul Kalam Technological University, Kerala",POST GRADUATE,COMMUNICATION ENGINEERING,18,1
410,1-9319404825,ADI SHANKARA INSTITUTE OF ENGINEERING AND TECHNOLOGY,Kerala,ERNAKULAM,Private-Self Financing,ENGINEERING AND TECHNOLOGY,"APJ Abdul Kalam Technological University, Kerala",UNDER GRADUATE,CIVIL ENGINEERING,60,3
411,1-9319404825,ADI SHANKARA INSTITUTE OF ENGINEERING AND TECHNOLOGY,Kerala,ERNAKULAM,Private-Self Financing,ENGINEERING AND TECHNOLOGY,"APJ Abdul Kalam Technological University, Kerala",UNDER GRADUATE,ROBOTICS AND AUTOMATION,60,3
412,1-9319404825,ADI SHANKARA INSTITUTE OF ENGINEERING AND TECHNOLOGY,Kerala,ERNAKULAM,Private-Self Financing,ENGINEERING AND TECHNOLOGY,"APJ Abdul Kalam Technological University, Kerala",UNDER GRADUATE,COMPUTER SCIENCE AND ENGINEERING ARTIFICIAL INTELLIGENCE,60,3
413,1-9319404825,ADI SHANKARA INSTITUTE OF ENGINEERING AND TECHNOLOGY,Kerala,ERNAKULAM,Private-Self Financing,ENGINEERING AND TECHNOLOGY,"APJ Abdul Kalam Technological University, Kerala",UNDER GRADUATE,ELECTRONICS AND BIOMEDICAL ENGINEERING,60,3
414,1-9320936755,AHALIA SCHOOL OF ENGINEERING TECHNOLOGY,Kerala,PALAKKAD,Private-Self Financing,ENGINEERING AND TECHNOLOGY,"APJ Abdul Kalam Technological University, Kerala",UNDER GRADUATE,COMPUTER SCIENCE ENGINEERING,60,3
415,1-9320936755,AHALIA SCHOOL OF ENGINEERING TECHNOLOGY,Kerala,PALAKKAD,Private-Self Financing,ENGINEERING AND TECHNOLOGY,"APJ Abdul Kalam Technological University, Kerala",UNDER GRADUATE,MECHANICAL ENGINEERING,60,3
416,1-9320936755,AHALIA SCHOOL OF ENGINEERING TECHNOLOGY,Kerala,PALAKKAD,Private-Self Financing,ENGINEERING AND TECHNOLOGY,"APJ Abdul Kalam Technological University, Kerala",UNDER GRADUATE,CIVIL ENGINEERING,60,3
417,1-9320936755,AHALIA SCHOOL OF ENGINEERING TECHNOLOGY,Kerala,PALAKKAD,Private-Self Financing,ENGINEERING AND TECHNOLOGY,"APJ Abdul Kalam Technological University, Kerala",UNDER GRADUATE,ELECTRONICS AND COMMUNICATIONS ENGINEERING,60,3
418,1-9320936755,AHALIA SCHOOL OF ENGINEERING TECHNOLOGY,Kerala,PALAKKAD,Private-Self Financing,ENGINEERING AND TECHNOLOGY,"APJ Abdul Kalam Technological University, Kerala",UNDER GRADUATE,ELECTRICAL AND ELECTRONICS ENGINEERING,60,3
419,1-9318858172,AL-AMEEN COLLEGE KULAPPULLY SHORANUR-2,Kerala,PALAKKAD,Private-Self Financing,ENGINEERING AND TECHNOLOGY,"APJ Abdul Kalam Technological University, Kerala",UNDER GRADUATE,CIVIL ENGINEERING,90,5
420,1-9318858172,AL-AMEEN COLLEGE KULAPPULLY SHORANUR-2,Kerala,PALAKKAD,Private-Self Financing,ENGINEERING AND TECHNOLOGY,"APJ Abdul Kalam Technological University, Kerala",UNDER GRADUATE,MECHANICAL ENGINEERING,90,5
421,1-9318858172,AL-AMEEN COLLEGE KULAPPULLY SHORANUR-2,Kerala,PALAKKAD,Private-Self Financing,ENGINEERING AND TECHNOLOGY,"APJ Abdul Kalam Technological University, Kerala",UNDER GRADUATE,ELECTRICAL AND ELECTRONICS ENGINEERING,30,2
422,1-9318858172,AL-AMEEN COLLEGE KULAPPULLY SHORANUR-2,Kerala,PALAKKAD,Private-Self Financing,ENGINEERING AND TECHNOLOGY,"APJ Abdul Kalam Technological University, Kerala",UNDER GRADUATE,ELECTRONICS COMMUNICATION ENGG,30,2
423,1-9323024817,AL-AZHAR COLLEGE OF ENGINEERING AND POLYTECHNIC,Kerala,IDUKKI,Private-Self Financing,ENGINEERING AND TECHNOLOGY,"APJ Abdul Kalam Technological University, Kerala",UNDER GRADUATE,AUTOMOBILE ENGINEERING,42,2
424,1-9323024817,AL-AZHAR COLLEGE OF ENGINEERING AND POLYTECHNIC,Kerala,IDUKKI,Private-Self Financing,ENGINEERING AND TECHNOLOGY,"APJ Abdul Kalam Technological University, Kerala",UNDER GRADUATE,MECHANICAL ENGINEERING,84,4
425,1-9323024817,AL-AZHAR COLLEGE OF ENGINEERING AND POLYTECHNIC,Kerala,IDUKKI,Private-Self Financing,ENGINEERING AND TECHNOLOGY,"APJ Abdul Kalam Technological University, Kerala",UNDER GRADUATE,CIVIL ENGINEERING,84,4
426,1-9323024817,AL-AZHAR COLLEGE OF ENGINEERING AND POLYTECHNIC,Kerala,IDUKKI,Private-Self Financing,ENGINEERING AND TECHNOLOGY,"APJ Abdul Kalam Technological University, Kerala",UNDER GRADUATE,ELECTRONICS COMMUNICATION ENGG,30,2
427,1-9323024817,AL-AZHAR COLLEGE OF ENGINEERING AND POLYTECHNIC,Kerala,IDUKKI,Private-Self Financing,ENGINEERING AND TECHNOLOGY,"APJ Abdul Kalam Technological University, Kerala",UNDER GRADUATE,COMPUTER SCIENCE ENGINEERING,30,2
428,1-9319387101,ALBERTIAN INSTITUTE OF SCIENCE AND TECHNOLOGY AISAT- TECHNICAL CAMPUS,Kerala,ERNAKULAM,Private-Self Financing,ENGINEERING AND TECHNOLOGY,"APJ Abdul Kalam Technological University, Kerala",UNDER GRADUATE,MECHANICAL ENGINEERING,60,3
429,1-9319387101,ALBERTIAN INSTITUTE OF SCIENCE AND TECHNOLOGY AISAT- TECHNICAL CAMPUS,Kerala,ERNAKULAM,Private-Self Financing,ENGINEERING AND TECHNOLOGY,"APJ Abdul Kalam Technological University, Kerala",UNDER GRADUATE,COMPUTER SCIENCE AND ENGINEERING,60,3
430,1-9319387101,ALBERTIAN INSTITUTE OF SCIENCE AND TECHNOLOGY AISAT- TECHNICAL CAMPUS,Kerala,ERNAKULAM,Private-Self Financing,ENGINEERING AND TECHNOLOGY,"APJ Abdul Kalam Technological University, Kerala",UNDER GRADUATE,ELECTRONICS AND COMMUNICATIONS ENGINEERING,60,3
431,1-9319387101,ALBERTIAN INSTITUTE OF SCIENCE AND TECHNOLOGY AISAT- TECHNICAL CAMPUS,Kerala,ERNAKULAM,Private-Self Financing,ENGINEERING AND TECHNOLOGY,"APJ Abdul Kalam Technological University, Kerala",UNDER GRADUATE,CIVIL ENGINEERING,60,3
432,1-9319387101,ALBERTIAN INSTITUTE OF SCIENCE AND TECHNOLOGY AISAT- TECHNICAL CAMPUS,Kerala,ERNAKULAM,Private-Self Financing,ENGINEERING AND TECHNOLOGY,"APJ Abdul Kalam Technological University, Kerala",UNDER GRADUATE,ELECTRICAL AND ELECTRONICS ENGINEERING,60,3
433,1-9318910203,AMAL JYOTHI COLLEGE OF ENGINEERING,Kerala,KOTTAYAM,Private-Self Financing,ENGINEERING AND TECHNOLOGY,"APJ Abdul Kalam Technological University, Kerala",POST GRADUATE,COMPUTER AIDED STRUCTURAL ENGINEERING,18,1
434,1-9318910203,AMAL JYOTHI COLLEGE OF ENGINEERING,Kerala,KOTTAYAM,Private-Self Financing,ENGINEERING AND TECHNOLOGY,"APJ Abdul Kalam Technological University, Kerala",POST GRADUATE,NANO TECHNOLOGY,12,1
435,1-9318910203,AMAL JYOTHI COLLEGE OF ENGINEERING,Kerala,KOTTAYAM,Private-Self Financing,ENGINEERING AND TECHNOLOGY,"APJ Abdul Kalam Technological University, Kerala",UNDER GRADUATE,MECHANICAL ENGINEERING AUTOMOBILE,60,3
436,1-9318910203,AMAL JYOTHI COLLEGE OF ENGINEERING,Kerala,KOTTAYAM,Private-Self Financing,ENGINEERING AND TECHNOLOGY,"APJ Abdul Kalam Technological University, Kerala",UNDER GRADUATE,CIVIL ENGINEERING,120,6
437,1-9318910203,AMAL JYOTHI COLLEGE OF ENGINEERING,Kerala,KOTTAYAM,Private-Self Financing,ENGINEERING AND TECHNOLOGY,"APJ Abdul Kalam Technological University, Kerala",UNDER GRADUATE,COMPUTER SCIENCE AND ENGINEERING,120,6
438,1-9318910203,AMAL JYOTHI COLLEGE OF ENGINEERING,Kerala,KOTTAYAM,Private-Self Financing,ENGINEERING AND TECHNOLOGY,"APJ Abdul Kalam Technological University, Kerala",UNDER GRADUATE,ELECTRONICS COMMUNICATION ENGG,120,6
439,1-9318910203,AMAL JYOTHI COLLEGE OF ENGINEERING,Kerala,KOTTAYAM,Private-Self Financing,ENGINEERING AND TECHNOLOGY,"APJ Abdul Kalam Technological University, Kerala",UNDER GRADUATE,MECHANICAL ENGINEERING,120,6
440,1-9318910203,AMAL JYOTHI COLLEGE OF ENGINEERING,Kerala,KOTTAYAM,Private-Self Financing,ENGINEERING AND TECHNOLOGY,"APJ Abdul Kalam Technological University, Kerala",UNDER GRADUATE,ELECTRICAL AND ELECTRONICS ENGINEERING,60,3
441,1-9318910203,AMAL JYOTHI COLLEGE OF ENGINEERING,Kerala,KOTTAYAM,Private-Self Financing,ENGINEERING AND TECHNOLOGY,"APJ Abdul Kalam Technological University, Kerala",UNDER GRADUATE,INFORMATION TECHNOLOGY,60,3
442,1-9318910203,AMAL JYOTHI COLLEGE OF ENGINEERING,Kerala,KOTTAYAM,Private-Self Financing,COMPUTER APPLICATIONS,"APJ Abdul Kalam Technological University, Kerala",POST GRADUATE,MASTERS IN COMPUTER APPLICATIONS,120,6
443,1-9318910203,AMAL JYOTHI COLLEGE OF ENGINEERING,Kerala,KOTTAYAM,Private-Self Financing,ENGINEERING AND TECHNOLOGY,"APJ Abdul Kalam Technological University, Kerala",POST GRADUATE,POWER ELECTRONICS AND POWER SYSTEMS,12,1
444,1-9318910203,AMAL JYOTHI COLLEGE OF ENGINEERING,Kerala,KOTTAYAM,Private-Self Financing,ENGINEERING AND TECHNOLOGY,"APJ Abdul Kalam Technological University, Kerala",POST GRADUATE,COMMUNICATION ENGINEERING,12,1
445,1-9318910203,AMAL JYOTHI COLLEGE OF ENGINEERING,Kerala,KOTTAYAM,Private-Self Financing,ENGINEERING AND TECHNOLOGY,"APJ Abdul Kalam Technological University, Kerala",POST GRADUATE,MACHINE DESIGN,9,0
446,1-9318910203,AMAL JYOTHI COLLEGE OF ENGINEERING,Kerala,KOTTAYAM,Private-Self Financing,ENGINEERING AND TECHNOLOGY,"APJ Abdul Kalam Technological University, Kerala",POST GRADUATE,COMPUTER SCIENCE AND ENGINEERING,12,1
447,1-9318910203,AMAL JYOTHI COLLEGE OF ENGINEERING,Kerala,KOTTAYAM,Private-Self Financing,ENGINEERING AND TECHNOLOGY,"APJ Abdul Kalam Technological University, Kerala",POST GRADUATE,STRUCTURAL ENGINEERING AND CONSTRUCTION MANAGEMENT,24,1
448,1-9318910203,AMAL JYOTHI COLLEGE OF ENGINEERING,Kerala,KOTTAYAM,Private-Self Financing,ENGINEERING AND TECHNOLOGY,"APJ Abdul Kalam Technological University, Kerala",UNDER GRADUATE,METALLURGICAL AND MATERIALS ENGINEERING,30,2
449,1-9318910203,AMAL JYOTHI COLLEGE OF ENGINEERING,Kerala,KOTTAYAM,Private-Self Financing,ENGINEERING AND TECHNOLOGY,"APJ Abdul Kalam Technological University, Kerala",UNDER GRADUATE,CHEMICAL ENGINEERING,60,3
450,1-9318910203,AMAL JYOTHI COLLEGE OF ENGINEERING,Kerala,KOTTAYAM,Private-Self Financing,ENGINEERING AND TECHNOLOGY,"APJ Abdul Kalam Technological University, Kerala",POST GRADUATE,ENERGY SYSTEMS,12,1
451,1-9318910203,AMAL JYOTHI COLLEGE OF ENGINEERING,Kerala,KOTTAYAM,Private-Self Financing,ENGINEERING AND TECHNOLOGY,"APJ Abdul Kalam Technological University, Kerala",UNDER GRADUATE,FOOD TECHNOLOGY,60,3
452,1-9318910203,AMAL JYOTHI COLLEGE OF ENGINEERING,Kerala,KOTTAYAM,Private-Self Financing,ENGINEERING AND TECHNOLOGY,"APJ Abdul Kalam Technological University, Kerala",POST GRADUATE,ENVIRONMENTAL ENGINEERING,18,1
453,1-9322943289,AWH ENGINEERING COLLEGE,Kerala,KOZHIKODE,Private-Self Financing,ENGINEERING AND TECHNOLOGY,"APJ Abdul Kalam Technological University, Kerala",UNDER GRADUATE,CIVIL ENGINEERING,60,3
454,1-9322943289,AWH ENGINEERING COLLEGE,Kerala,KOZHIKODE,Private-Self Financing,ENGINEERING AND TECHNOLOGY,"APJ Abdul Kalam Technological University, Kerala",UNDER GRADUATE,ELECTRONICS COMMUNICATION ENGG,30,2
455,1-9322943289,AWH ENGINEERING COLLEGE,Kerala,KOZHIKODE,Private-Self Financing,ENGINEERING AND TECHNOLOGY,"APJ Abdul Kalam Technological University, Kerala",UNDER GRADUATE,ELECTRICAL AND ELECTRONICS ENGINEERING,30,2
456,1-9322943289,AWH ENGINEERING COLLEGE,Kerala,KOZHIKODE,Private-Self Financing,ENGINEERING AND TECHNOLOGY,"APJ Abdul Kalam Technological University, Kerala",UNDER GRADUATE,MECHANICAL ENGINEERING,60,3
457,1-9322943289,AWH ENGINEERING COLLEGE,Kerala,KOZHIKODE,Private-Self Financing,ENGINEERING AND TECHNOLOGY,"APJ Abdul Kalam Technological University, Kerala",UNDER GRADUATE,COMPUTER SCIENCE ENGINEERING,60,3
458,1-9322943289,AWH ENGINEERING COLLEGE,Kerala,KOZHIKODE,Private-Self Financing,COMPUTER APPLICATIONS,"APJ Abdul Kalam Technological University, Kerala",POST GRADUATE,MASTERS IN COMPUTER APPLICATIONS,30,2
459,1-9319287985,BASELIOS MATHEWS II COLLEGE OF ENGINEERING,Kerala,KOLLAM,Private-Self Financing,ENGINEERING AND TECHNOLOGY,"APJ Abdul Kalam Technological University, Kerala",UNDER GRADUATE,ELECTRONICS COMMUNICATION ENGG,30,2
460,1-9319287985,BASELIOS MATHEWS II COLLEGE OF ENGINEERING,Kerala,KOLLAM,Private-Self Financing,ENGINEERING AND TECHNOLOGY,"APJ Abdul Kalam Technological University, Kerala",UNDER GRADUATE,COMPUTER SCIENCE ENGINEERING,60,3
461,1-9319287985,BASELIOS MATHEWS II COLLEGE OF ENGINEERING,Kerala,KOLLAM,Private-Self Financing,ENGINEERING AND TECHNOLOGY,"APJ Abdul Kalam Technological University, Kerala",UNDER GRADUATE,ELECTRICAL AND ELECTRONICS ENGINEERING,30,2
462,1-9319287985,BASELIOS MATHEWS II COLLEGE OF ENGINEERING,Kerala,KOLLAM,Private-Self Financing,ENGINEERING AND TECHNOLOGY,"APJ Abdul Kalam Technological University, Kerala",UNDER GRADUATE,CIVIL ENGINEERING,60,3
463,1-9319287985,BASELIOS MATHEWS II COLLEGE OF ENGINEERING,Kerala,KOLLAM,Private-Self Financing,ENGINEERING AND TECHNOLOGY,"APJ Abdul Kalam Technological University, Kerala",UNDER GRADUATE,MECHANICAL ENGINEERING,60,3
464,1-9319287985,BASELIOS MATHEWS II COLLEGE OF ENGINEERING,Kerala,KOLLAM,Private-Self Financing,ENGINEERING AND TECHNOLOGY,"APJ Abdul Kalam Technological University, Kerala",UNDER GRADUATE,ARTIFICIAL INTELLIGENCE,60,3
465,1-9320238013,BISHOP JEROME INSTITUTE,Kerala,KOLLAM,Private-Self Financing,ENGINEERING AND TECHNOLOGY,"APJ Abdul Kalam Technological University, Kerala",UNDER GRADUATE,CIVIL ENGINEERING,60,3
466,1-9320238013,BISHOP JEROME INSTITUTE,Kerala,KOLLAM,Private-Self Financing,ENGINEERING AND TECHNOLOGY,"APJ Abdul Kalam Technological University, Kerala",UNDER GRADUATE,MECHANICAL ENGINEERING,60,3
467,1-9320238013,BISHOP JEROME INSTITUTE,Kerala,KOLLAM,Private-Self Financing,ENGINEERING AND TECHNOLOGY,"APJ Abdul Kalam Technological University, Kerala",UNDER GRADUATE,ELECTRONICS AND COMMUNICATION ENGINEERING,60,3
468,1-9320238013,BISHOP JEROME INSTITUTE,Kerala,KOLLAM,Private-Self Financing,ENGINEERING AND TECHNOLOGY,"APJ Abdul Kalam Technological University, Kerala",UNDER GRADUATE,ELECTRICAL AND ELECTRONICS ENGINEERING,60,3
469,1-9320238013,BISHOP JEROME INSTITUTE,Kerala,KOLLAM,Private-Self Financing,PLANNING,"APJ Abdul Kalam Technological University, Kerala",UNDER GRADUATE,ARCHITECTURE,60,3
470,1-9320238013,BISHOP JEROME INSTITUTE,Kerala,KOLLAM,Private-Self Financing,ENGINEERING AND TECHNOLOGY,"APJ Abdul Kalam Technological University, Kerala",UNDER GRADUATE,COMPUTER SCIENCE ENGINEERING,60,3
471,1-9319750218,CARMEL COLLEGE OF ENGINEERING AND TECHNOLOGY,Kerala,ALAPPUZHA,Private-Self Financing,ENGINEERING AND TECHNOLOGY,"APJ Abdul Kalam Technological University, Kerala",UNDER GRADUATE,MECHANICAL ENGINEERING,60,3
472,1-9319750218,CARMEL COLLEGE OF ENGINEERING AND TECHNOLOGY,Kerala,ALAPPUZHA,Private-Self Financing,ENGINEERING AND TECHNOLOGY,"APJ Abdul Kalam Technological University, Kerala",UNDER GRADUATE,CIVIL ENGINEERING,60,3
473,1-9319750218,CARMEL COLLEGE OF ENGINEERING AND TECHNOLOGY,Kerala,ALAPPUZHA,Private-Self Financing,ENGINEERING AND TECHNOLOGY,"APJ Abdul Kalam Technological University, Kerala",UNDER GRADUATE,ELECTRICAL AND ELECTRONICS ENGINEERING,60,3
474,1-9319750218,CARMEL COLLEGE OF ENGINEERING AND TECHNOLOGY,Kerala,ALAPPUZHA,Private-Self Financing,ENGINEERING AND TECHNOLOGY,"APJ Abdul Kalam Technological University, Kerala",UNDER GRADUATE,COMPUTER SCIENCE AND ENGINEERING,60,3
475,1-9322173193,CHRIST COLLEGE OF ENGINEERING,Kerala,THRISSUR,Private-Self Financing,ENGINEERING AND TECHNOLOGY,"APJ Abdul Kalam Technological University, Kerala",UNDER GRADUATE,MECHANICAL ENGINEERING,60,3
476,1-9322173193,CHRIST COLLEGE OF ENGINEERING,Kerala,THRISSUR,Private-Self Financing,ENGINEERING AND TECHNOLOGY,"APJ Abdul Kalam Technological University, Kerala",UNDER GRADUATE,CIVIL ENGINEERING,60,3
477,1-9322173193,CHRIST COLLEGE OF ENGINEERING,Kerala,THRISSUR,Private-Self Financing,ENGINEERING AND TECHNOLOGY,"APJ Abdul Kalam Technological University, Kerala",UNDER GRADUATE,ELECTRICAL AND ELECTRONICS ENGINEERING,60,3
478,1-9322173193,CHRIST COLLEGE OF ENGINEERING,Kerala,THRISSUR,Private-Self Financing,ENGINEERING AND TECHNOLOGY,"APJ Abdul Kalam Technological University, Kerala",UNDER GRADUATE,COMPUTER SCIENCE ENGINEERING,60,3
479,1-9322173193,CHRIST COLLEGE OF ENGINEERING,Kerala,THRISSUR,Private-Self Financing,ENGINEERING AND TECHNOLOGY,"APJ Abdul Kalam Technological University, Kerala",UNDER GRADUATE,ELECTRONICS COMMUNICATION ENGG,60,3
480,1-9322544284,CHRIST KNOWLEDGE CITY,Kerala,ERNAKULAM,Private-Self Financing,ENGINEERING AND TECHNOLOGY,"APJ Abdul Kalam Technological University, Kerala",UNDER GRADUATE,CIVIL ENGINEERING,30,2
481,1-9322544284,CHRIST KNOWLEDGE CITY,Kerala,ERNAKULAM,Private-Self Financing,ENGINEERING AND TECHNOLOGY,"APJ Abdul Kalam Technological University, Kerala",UNDER GRADUATE,ELECTRONICS AND COMMUNICATIONS ENGINEERING,21,1
482,1-9322544284,CHRIST KNOWLEDGE CITY,Kerala,ERNAKULAM,Private-Self Financing,ENGINEERING AND TECHNOLOGY,"APJ Abdul Kalam Technological University, Kerala",UNDER GRADUATE,COMPUTER SCIENCE ENGINEERING,30,2
483,1-9322544284,CHRIST KNOWLEDGE CITY,Kerala,ERNAKULAM,Private-Self Financing,ENGINEERING AND TECHNOLOGY,"APJ Abdul Kalam Technological University, Kerala",UNDER GRADUATE,MECHANICAL ENGINEERING,21,1
484,1-9322544284,CHRIST KNOWLEDGE CITY,Kerala,ERNAKULAM,Private-Self Financing,ENGINEERING AND TECHNOLOGY,"APJ Abdul Kalam Technological University, Kerala",UNDER GRADUATE,NAVAL ARCHITECTURE SHIP BUILDING ENGG,42,2
485,1-9322544284,CHRIST KNOWLEDGE CITY,Kerala,ERNAKULAM,Private-Self Financing,ENGINEERING AND TECHNOLOGY,"APJ Abdul Kalam Technological University, Kerala",UNDER GRADUATE,ARTIFICIAL INTELLIGENCE AND MACHINE LEARNING,30,2
486,1-9322544284,CHRIST KNOWLEDGE CITY,Kerala,ERNAKULAM,Private-Self Financing,ENGINEERING AND TECHNOLOGY,"APJ Abdul Kalam Technological University, Kerala",UNDER GRADUATE,BLOCK CHAIN,30,2
487,1-9323257786,COCHIN UNIVERSITY OF SCIENCE AND TECHNOLOGY,Kerala,ERNAKULAM,State Government University,ENGINEERING AND TECHNOLOGY,"Cochin University of Science and Technology, Kochi",UNDER GRADUATE,COMPUTER SCIENCE AND ENGINEERING,90,5
488,1-9323257786,COCHIN UNIVERSITY OF SCIENCE AND TECHNOLOGY,Kerala,ERNAKULAM,State Government University,ENGINEERING AND TECHNOLOGY,"Cochin University of Science and Technology, Kochi",UNDER GRADUATE,ELECTRICAL AND ELECTRONICS ENGINEERING,60,3
489,1-9323257786,COCHIN UNIVERSITY OF SCIENCE AND TECHNOLOGY,Kerala,ERNAKULAM,State Government University,ENGINEERING AND TECHNOLOGY,"Cochin University of Science and Technology, Kochi",POST GRADUATE,INDUSTRIAL CATAYLSIS,10,1
490,1-9323257786,COCHIN UNIVERSITY OF SCIENCE AND TECHNOLOGY,Kerala,ERNAKULAM,State Government University,ENGINEERING AND TECHNOLOGY,"Cochin University of Science and Technology, Kochi",UNDER GRADUATE,SAFETY AND FIRE ENGINEERING,60,3
491,1-9323257786,COCHIN UNIVERSITY OF SCIENCE AND TECHNOLOGY,Kerala,ERNAKULAM,State Government University,ENGINEERING AND TECHNOLOGY,"Cochin University of Science and Technology, Kochi",UNDER GRADUATE,CIVIL ENGINEERING,90,5
492,1-9323257786,COCHIN UNIVERSITY OF SCIENCE AND TECHNOLOGY,Kerala,ERNAKULAM,State Government University,ENGINEERING AND TECHNOLOGY,"Cochin University of Science and Technology, Kochi",UNDER GRADUATE,INFORMATION TECHNOLOGY,90,5
493,1-9323257786,COCHIN UNIVERSITY OF SCIENCE AND TECHNOLOGY,Kerala,ERNAKULAM,State Government University,ENGINEERING AND TECHNOLOGY,"Cochin University of Science and Technology, Kochi",UNDER GRADUATE,INSTRUMENTATION AND CONTROL ENGINEERING,40,2
494,1-9323257786,COCHIN UNIVERSITY OF SCIENCE AND TECHNOLOGY,Kerala,ERNAKULAM,State Government University,ENGINEERING AND TECHNOLOGY,"Cochin University of Science and Technology, Kochi",UNDER GRADUATE,MARINE ENGINEERING,120,6
495,1-9323257786,COCHIN UNIVERSITY OF SCIENCE AND TECHNOLOGY,Kerala,ERNAKULAM,State Government University,ENGINEERING AND TECHNOLOGY,"Cochin University of Science and Technology, Kochi",UNDER GRADUATE,MECHANICAL ENGINEERING,90,5
496,1-9323257786,COCHIN UNIVERSITY OF SCIENCE AND TECHNOLOGY,Kerala,ERNAKULAM,State Government University,ENGINEERING AND TECHNOLOGY,"Cochin University of Science and Technology, Kochi",POST GRADUATE,ENGINEERING STATISTICS,15,1
497,1-9323257786,COCHIN UNIVERSITY OF SCIENCE AND TECHNOLOGY,Kerala,ERNAKULAM,State Government University,ENGINEERING AND TECHNOLOGY,"Cochin University of Science and Technology, Kochi",POST GRADUATE,ATMOSPHERIC SCIENCE,18,1
498,1-9323257786,COCHIN UNIVERSITY OF SCIENCE AND TECHNOLOGY,Kerala,ERNAKULAM,State Government University,ENGINEERING AND TECHNOLOGY,"Cochin University of Science and Technology, Kochi",UNDER GRADUATE,ELECTRONICS AND COMMUNICATIONS ENGINEERING,90,5
499,1-9319294031,COLLEGE OF 0ENGINEERING KIDANGOOR,Kerala,KOTTAYAM,Government,ENGINEERING AND TECHNOLOGY,"APJ Abdul Kalam Technological University, Kerala",UNDER GRADUATE,COMPUTER SCIENCE AND ENGINEERING,90,5
500,1-9319294031,COLLEGE OF 0ENGINEERING KIDANGOOR,Kerala,KOTTAYAM,Government,ENGINEERING AND TECHNOLOGY,"APJ Abdul Kalam Technological University, Kerala",UNDER GRADUATE,ELECTRONICS COMMUNICATION ENGG,60,3
501,1-9319294031,COLLEGE OF 0ENGINEERING KIDANGOOR,Kerala,KOTTAYAM,Government,ENGINEERING AND TECHNOLOGY,"APJ Abdul Kalam Technological University, Kerala",UNDER GRADUATE,ELECTRICAL AND ELECTRONICS ENGINEERING,30,2
502,1-9319294031,COLLEGE OF 0ENGINEERING KIDANGOOR,Kerala,KOTTAYAM,Government,ENGINEERING AND TECHNOLOGY,"APJ Abdul Kalam Technological University, Kerala",UNDER GRADUATE,CIVIL ENGINEERING,60,3
503,1-9319294031,COLLEGE OF 0ENGINEERING KIDANGOOR,Kerala,KOTTAYAM,Government,ENGINEERING AND TECHNOLOGY,"APJ Abdul Kalam Technological University, Kerala",UNDER GRADUATE,ELECTRICAL AND COMPUTER ENGINEERING,30,2
504,1-9319852299,COLLEGE OF ENGINEERING KALLOOPPARA,Kerala,PATHANAMTHITTA,Government,ENGINEERING AND TECHNOLOGY,"APJ Abdul Kalam Technological University, Kerala",UNDER GRADUATE,COMPUTER SCIENCE AND ENGINEERING,60,3
505,1-9319852299,COLLEGE OF ENGINEERING KALLOOPPARA,Kerala,PATHANAMTHITTA,Government,ENGINEERING AND TECHNOLOGY,"APJ Abdul Kalam Technological University, Kerala",UNDER GRADUATE,ELECTRONICS COMMUNICATION ENGG,60,3
506,1-9319852299,COLLEGE OF ENGINEERING KALLOOPPARA,Kerala,PATHANAMTHITTA,Government,ENGINEERING AND TECHNOLOGY,"APJ Abdul Kalam Technological University, Kerala",UNDER GRADUATE,ELECTRICAL AND ELECTRONICS ENGINEERING,60,3
507,1-9319852299,COLLEGE OF ENGINEERING KALLOOPPARA,Kerala,PATHANAMTHITTA,Government,ENGINEERING AND TECHNOLOGY,"APJ Abdul Kalam Technological University, Kerala",UNDER GRADUATE,COMPUTER SCIENCE ENGINEERING CYBER SECURITY,60,3
508,1-9319443654,COLLEGE OF ENGINEERING TECHNOLOGY-PAYYANUR,Kerala,KANNUR,Private-Self Financing,PLANNING,"APJ Abdul Kalam Technological University, Kerala",UNDER GRADUATE,ARCHITECTURE,60,3
509,1-9319443654,COLLEGE OF ENGINEERING TECHNOLOGY-PAYYANUR,Kerala,KANNUR,Private-Self Financing,ENGINEERING AND TECHNOLOGY,"APJ Abdul Kalam Technological University, Kerala",UNDER GRADUATE,MECHANICAL ENGINEERING,60,3
510,1-9319443654,COLLEGE OF ENGINEERING TECHNOLOGY-PAYYANUR,Kerala,KANNUR,Private-Self Financing,ENGINEERING AND TECHNOLOGY,"APJ Abdul Kalam Technological University, Kerala",UNDER GRADUATE,CIVIL ENGINEERING,60,3
511,1-9319443654,COLLEGE OF ENGINEERING TECHNOLOGY-PAYYANUR,Kerala,KANNUR,Private-Self Financing,ENGINEERING AND TECHNOLOGY,"APJ Abdul Kalam Technological University, Kerala",UNDER GRADUATE,ELECTRICAL AND ELECTRONICS ENGINEERING,30,2
512,1-9319443654,COLLEGE OF ENGINEERING TECHNOLOGY-PAYYANUR,Kerala,KANNUR,Private-Self Financing,ENGINEERING AND TECHNOLOGY,"APJ Abdul Kalam Technological University, Kerala",UNDER GRADUATE,ELECTRONICS COMMUNICATION ENGG,30,2
513,1-9317848648,COLLEGE OF ENGINEERING ADOOR,Kerala,PATHANAMTHITTA,Government,ENGINEERING AND TECHNOLOGY,"APJ Abdul Kalam Technological University, Kerala",UNDER GRADUATE,ELECTRONICS AND COMMUNICATIONS ENGINEERING,60,3
514,1-9317848648,COLLEGE OF ENGINEERING ADOOR,Kerala,PATHANAMTHITTA,Government,ENGINEERING AND TECHNOLOGY,"APJ Abdul Kalam Technological University, Kerala",UNDER GRADUATE,MECHANICAL ENGINEERING,120,6
515,1-9317848648,COLLEGE OF ENGINEERING ADOOR,Kerala,PATHANAMTHITTA,Government,ENGINEERING AND TECHNOLOGY,"APJ Abdul Kalam Technological University, Kerala",UNDER GRADUATE,ELECTRICAL AND ELECTRONICS ENGINEERING,60,3
516,1-9317848648,COLLEGE OF ENGINEERING ADOOR,Kerala,PATHANAMTHITTA,Government,ENGINEERING AND TECHNOLOGY,"APJ Abdul Kalam Technological University, Kerala",UNDER GRADUATE,COMPUTER SCIENCE AND ENGINEERING,60,3
517,1-9318819180,COLLEGE OF ENGINEERING AND MANAGEMENT PUNNAPRA,Kerala,ALAPPUZHA,Government,ENGINEERING AND TECHNOLOGY,"APJ Abdul Kalam Technological University, Kerala",UNDER GRADUATE,COMPUTER SCIENCE AND ENGINEERING,90,5
518,1-9318819180,COLLEGE OF ENGINEERING AND MANAGEMENT PUNNAPRA,Kerala,ALAPPUZHA,Government,ENGINEERING AND TECHNOLOGY,"APJ Abdul Kalam Technological University, Kerala",UNDER GRADUATE,ELECTRICAL AND ELECTRONICS ENGINEERING,60,3
519,1-9318819180,COLLEGE OF ENGINEERING AND MANAGEMENT PUNNAPRA,Kerala,ALAPPUZHA,Government,ENGINEERING AND TECHNOLOGY,"APJ Abdul Kalam Technological University, Kerala",UNDER GRADUATE,CIVIL ENGINEERING,60,3
520,1-9318819180,COLLEGE OF ENGINEERING AND MANAGEMENT PUNNAPRA,Kerala,ALAPPUZHA,Government,ENGINEERING AND TECHNOLOGY,"APJ Abdul Kalam Technological University, Kerala",UNDER GRADUATE,MECHANICAL ENGINEERING,60,3
521,1-9318819180,COLLEGE OF ENGINEERING AND MANAGEMENT PUNNAPRA,Kerala,ALAPPUZHA,Government,ENGINEERING AND TECHNOLOGY,"APJ Abdul Kalam Technological University, Kerala",UNDER GRADUATE,ELECTRONICS COMMUNICATION ENGG,60,3
522,1-9318819180,COLLEGE OF ENGINEERING AND MANAGEMENT PUNNAPRA,Kerala,ALAPPUZHA,Government,ENGINEERING AND TECHNOLOGY,"Board of Technical Examination, Kerala",DIPLOMA,COMMUNICATION AND COMPUTER NETWORKING,60,3
523,1-9319205337,COLLEGE OF ENGINEERING CHENGANNUR,Kerala,ALAPPUZHA,Government,ENGINEERING AND TECHNOLOGY,"APJ Abdul Kalam Technological University, Kerala",UNDER GRADUATE,ELECTRONICS COMMUNICATION ENGG,120,6
524,1-9319205337,COLLEGE OF ENGINEERING CHENGANNUR,Kerala,ALAPPUZHA,Government,ENGINEERING AND TECHNOLOGY,"APJ Abdul Kalam Technological University, Kerala",UNDER GRADUATE,COMPUTER SCIENCE AND ENGINEERING,120,6
525,1-9319205337,COLLEGE OF ENGINEERING CHENGANNUR,Kerala,ALAPPUZHA,Government,ENGINEERING AND TECHNOLOGY,"APJ Abdul Kalam Technological University, Kerala",UNDER GRADUATE,ELECTRICAL AND ELECTRONICS ENGINEERING,120,6
526,1-9319205337,COLLEGE OF ENGINEERING CHENGANNUR,Kerala,ALAPPUZHA,Government,ENGINEERING AND TECHNOLOGY,"APJ Abdul Kalam Technological University, Kerala",UNDER GRADUATE,ELECTRONICS INSTRUMENTATION ENGINEERING,60,3
527,1-9323029305,COLLEGE OF ENGINEERING KARUNAGAPPALLY,Kerala,KOLLAM,Government,ENGINEERING AND TECHNOLOGY,"APJ Abdul Kalam Technological University, Kerala",UNDER GRADUATE,ELECTRONICS AND COMMUNICATIONS ENGINEERING,30,2
528,1-9323029305,COLLEGE OF ENGINEERING KARUNAGAPPALLY,Kerala,KOLLAM,Government,ENGINEERING AND TECHNOLOGY,"APJ Abdul Kalam Technological University, Kerala",UNDER GRADUATE,COMPUTER SCIENCE AND ENGINEERING,120,6
529,1-9323029305,COLLEGE OF ENGINEERING KARUNAGAPPALLY,Kerala,KOLLAM,Government,ENGINEERING AND TECHNOLOGY,"APJ Abdul Kalam Technological University, Kerala",UNDER GRADUATE,ELECTRICAL AND ELECTRONICS ENGINEERING,60,3
530,1-9323029305,COLLEGE OF ENGINEERING KARUNAGAPPALLY,Kerala,KOLLAM,Government,ENGINEERING AND TECHNOLOGY,"APJ Abdul Kalam Technological University, Kerala",UNDER GRADUATE,MECHANICAL ENGINEERING,60,3
531,1-9319137228,COLLEGE OF ENGINEERING MUNNAR,Kerala,IDUKKI,Government,ENGINEERING AND TECHNOLOGY,"APJ Abdul Kalam Technological University, Kerala",POST GRADUATE,POWER ELECTRONICS,18,1
532,1-9319137228,COLLEGE OF ENGINEERING MUNNAR,Kerala,IDUKKI,Government,ENGINEERING AND TECHNOLOGY,"APJ Abdul Kalam Technological University, Kerala",UNDER GRADUATE,COMPUTER SCIENCE AND ENGINEERING,60,3
533,1-9319137228,COLLEGE OF ENGINEERING MUNNAR,Kerala,IDUKKI,Government,ENGINEERING AND TECHNOLOGY,"APJ Abdul Kalam Technological University, Kerala",UNDER GRADUATE,ELECTRONICS COMMUNICATION ENGG,30,2
534,1-9319137228,COLLEGE OF ENGINEERING MUNNAR,Kerala,IDUKKI,Government,ENGINEERING AND TECHNOLOGY,"APJ Abdul Kalam Technological University, Kerala",UNDER GRADUATE,ELECTRICAL AND ELECTRONICS ENGINEERING,30,2
535,1-9319137228,COLLEGE OF ENGINEERING MUNNAR,Kerala,IDUKKI,Government,ENGINEERING AND TECHNOLOGY,"APJ Abdul Kalam Technological University, Kerala",UNDER GRADUATE,MECHANICAL ENGINEERING,60,3
536,1-9319137228,COLLEGE OF ENGINEERING MUNNAR,Kerala,IDUKKI,Government,ENGINEERING AND TECHNOLOGY,"APJ Abdul Kalam Technological University, Kerala",POST GRADUATE,COMPUTER AND INFORMATION SCIENCE,18,1
537,1-9319137228,COLLEGE OF ENGINEERING MUNNAR,Kerala,IDUKKI,Government,ENGINEERING AND TECHNOLOGY,"APJ Abdul Kalam Technological University, Kerala",POST GRADUATE,VLSI AND EMBEDDED SYSTEMS,18,1
538,1-9319899984,COLLEGE OF ENGINEERING MUTTATHARA,Kerala,THIRUVANANTHAPURAM,Government,ENGINEERING AND TECHNOLOGY,"APJ Abdul Kalam Technological University, Kerala",UNDER GRADUATE,MECHANICAL ENGINEERING,60,3
539,1-9319899984,COLLEGE OF ENGINEERING MUTTATHARA,Kerala,THIRUVANANTHAPURAM,Government,ENGINEERING AND TECHNOLOGY,"APJ Abdul Kalam Technological University, Kerala",UNDER GRADUATE,CIVIL ENGINEERING,60,3
540,1-9319899984,COLLEGE OF ENGINEERING MUTTATHARA,Kerala,THIRUVANANTHAPURAM,Government,ENGINEERING AND TECHNOLOGY,"APJ Abdul Kalam Technological University, Kerala",UNDER GRADUATE,ELECTRICAL AND ELECTRONICS ENGINEERING,60,3
541,1-9319899984,COLLEGE OF ENGINEERING MUTTATHARA,Kerala,THIRUVANANTHAPURAM,Government,ENGINEERING AND TECHNOLOGY,"APJ Abdul Kalam Technological University, Kerala",UNDER GRADUATE,ELECTRONICS AND COMMUNICATIONS ENGINEERING,60,3
542,1-9319899984,COLLEGE OF ENGINEERING MUTTATHARA,Kerala,THIRUVANANTHAPURAM,Government,ENGINEERING AND TECHNOLOGY,"APJ Abdul Kalam Technological University, Kerala",UNDER GRADUATE,COMPUTER SCIENCE AND ENGINEERING,60,3
543,1-9317793850,COLLEGE OF ENGINEERING PERUMON,Kerala,KOLLAM,Government,ENGINEERING AND TECHNOLOGY,"APJ Abdul Kalam Technological University, Kerala",UNDER GRADUATE,COMPUTER SCIENCE AND ENGINEERING,90,5
544,1-9317793850,COLLEGE OF ENGINEERING PERUMON,Kerala,KOLLAM,Government,ENGINEERING AND TECHNOLOGY,"APJ Abdul Kalam Technological University, Kerala",UNDER GRADUATE,MECHANICAL ENGINEERING,60,3
545,1-9317793850,COLLEGE OF ENGINEERING PERUMON,Kerala,KOLLAM,Government,ENGINEERING AND TECHNOLOGY,"APJ Abdul Kalam Technological University, Kerala",UNDER GRADUATE,ELECTRICAL AND ELECTRONICS ENGINEERING,60,3
546,1-9317793850,COLLEGE OF ENGINEERING PERUMON,Kerala,KOLLAM,Government,ENGINEERING AND TECHNOLOGY,"APJ Abdul Kalam Technological University, Kerala",UNDER GRADUATE,ELECTRONICS AND COMMUNICATIONS ENGINEERING,90,5
547,1-9319619531,COLLEGE OF ENGINEERING TRIKARIPUR,Kerala,KASARAGOD,Government,ENGINEERING AND TECHNOLOGY,"APJ Abdul Kalam Technological University, Kerala",UNDER GRADUATE,CIVIL ENGINEERING,60,3
548,1-9319619531,COLLEGE OF ENGINEERING TRIKARIPUR,Kerala,KASARAGOD,Government,ENGINEERING AND TECHNOLOGY,"APJ Abdul Kalam Technological University, Kerala",UNDER GRADUATE,COMPUTER SCIENCE AND ENGINEERING,90,5
549,1-9319619531,COLLEGE OF ENGINEERING TRIKARIPUR,Kerala,KASARAGOD,Government,ENGINEERING AND TECHNOLOGY,"APJ Abdul Kalam Technological University, Kerala",UNDER GRADUATE,ELECTRICAL AND ELECTRONICS ENGINEERING,60,3
550,1-9319619531,COLLEGE OF ENGINEERING TRIKARIPUR,Kerala,KASARAGOD,Government,ENGINEERING AND TECHNOLOGY,"APJ Abdul Kalam Technological University, Kerala",UNDER GRADUATE,ELECTRONICS AND COMMUNICATIONS ENGINEERING,60,3
551,1-9322212641,COLLEGE OF ENGINEERING CHERTHALA,Kerala,ALAPPUZHA,Government,ENGINEERING AND TECHNOLOGY,"APJ Abdul Kalam Technological University, Kerala",UNDER GRADUATE,COMPUTER SCIENCE AND ENGINEERING,90,5
552,1-9322212641,COLLEGE OF ENGINEERING CHERTHALA,Kerala,ALAPPUZHA,Government,ENGINEERING AND TECHNOLOGY,"APJ Abdul Kalam Technological University, Kerala",UNDER GRADUATE,ELECTRONICS COMMUNICATION ENGG,60,3
553,1-9322212641,COLLEGE OF ENGINEERING CHERTHALA,Kerala,ALAPPUZHA,Government,ENGINEERING AND TECHNOLOGY,"APJ Abdul Kalam Technological University, Kerala",UNDER GRADUATE,ELECTRICAL AND ELECTRONICS ENGINEERING,60,3
554,1-9318885040,COLLEGE OF ENGINEERING PATHANAPURAM,Kerala,KOLLAM,Government,ENGINEERING AND TECHNOLOGY,"APJ Abdul Kalam Technological University, Kerala",UNDER GRADUATE,ELECTRONICS COMMUNICATION ENGGINDUSTRY INTEGRATED,30,2
555,1-9318885040,COLLEGE OF ENGINEERING PATHANAPURAM,Kerala,KOLLAM,Government,ENGINEERING AND TECHNOLOGY,"APJ Abdul Kalam Technological University, Kerala",UNDER GRADUATE,COMPUTER SCIENCE ENGINEERING,60,3
556,1-9318885040,COLLEGE OF ENGINEERING PATHANAPURAM,Kerala,KOLLAM,Government,ENGINEERING AND TECHNOLOGY,"APJ Abdul Kalam Technological University, Kerala",UNDER GRADUATE,ELECTRICAL AND ELECTRONICS ENGINEERING,30,2
557,1-9318885040,COLLEGE OF ENGINEERING PATHANAPURAM,Kerala,KOLLAM,Government,ENGINEERING AND TECHNOLOGY,"APJ Abdul Kalam Technological University, Kerala",UNDER GRADUATE,CIVIL ENGINEERING,60,3
558,1-9318885040,COLLEGE OF ENGINEERING PATHANAPURAM,Kerala,KOLLAM,Government,ENGINEERING AND TECHNOLOGY,"APJ Abdul Kalam Technological University, Kerala",UNDER GRADUATE,MECHANICAL ENGINEERING,60,3
559,1-9318885040,COLLEGE OF ENGINEERING PATHANAPURAM,Kerala,KOLLAM,Government,ENGINEERING AND TECHNOLOGY,"Board of Technical Examination, Kerala",DIPLOMA,ROBOTIC PROCESS AUTOMATION,60,3
560,1-9318885040,COLLEGE OF ENGINEERING PATHANAPURAM,Kerala,KOLLAM,Government,ENGINEERING AND TECHNOLOGY,"Board of Technical Examination, Kerala",DIPLOMA,RENEWABLE ENERGY,60,3
561,1-9319351272,COLLEGE OF ENGINEERING THALASSERY,Kerala,KANNUR,Government,ENGINEERING AND TECHNOLOGY,"APJ Abdul Kalam Technological University, Kerala",UNDER GRADUATE,CIVIL ENGINEERING,60,3
562,1-9319351272,COLLEGE OF ENGINEERING THALASSERY,Kerala,KANNUR,Government,ENGINEERING AND TECHNOLOGY,"APJ Abdul Kalam Technological University, Kerala",UNDER GRADUATE,COMPUTER SCIENCE AND ENGINEERING,60,3
563,1-9319351272,COLLEGE OF ENGINEERING THALASSERY,Kerala,KANNUR,Government,ENGINEERING AND TECHNOLOGY,"APJ Abdul Kalam Technological University, Kerala",UNDER GRADUATE,ELECTRONICS COMMUNICATION ENGG,120,6
564,1-9319351272,COLLEGE OF ENGINEERING THALASSERY,Kerala,KANNUR,Government,ENGINEERING AND TECHNOLOGY,"APJ Abdul Kalam Technological University, Kerala",UNDER GRADUATE,MECHANICAL ENGINEERING,60,3
565,1-9319351272,COLLEGE OF ENGINEERING THALASSERY,Kerala,KANNUR,Government,ENGINEERING AND TECHNOLOGY,"APJ Abdul Kalam Technological University, Kerala",UNDER GRADUATE,ELECTRICAL AND ELECTRONICS ENGINEERING,60,3
566,1-9318946325,COLLEGE OF ENGINEERING VADAKARA,Kerala,KOZHIKODE,Government,ENGINEERING AND TECHNOLOGY,"APJ Abdul Kalam Technological University, Kerala",UNDER GRADUATE,CIVIL ENGINEERING,60,3
567,1-9318946325,COLLEGE OF ENGINEERING VADAKARA,Kerala,KOZHIKODE,Government,ENGINEERING AND TECHNOLOGY,"APJ Abdul Kalam Technological University, Kerala",UNDER GRADUATE,ELECTRONICS COMMUNICATION ENGG,60,3
568,1-9318946325,COLLEGE OF ENGINEERING VADAKARA,Kerala,KOZHIKODE,Government,ENGINEERING AND TECHNOLOGY,"APJ Abdul Kalam Technological University, Kerala",UNDER GRADUATE,COMPUTER SCIENCE AND ENGINEERING,60,3
569,1-9318946325,COLLEGE OF ENGINEERING VADAKARA,Kerala,KOZHIKODE,Government,ENGINEERING AND TECHNOLOGY,"APJ Abdul Kalam Technological University, Kerala",UNDER GRADUATE,ELECTRICAL AND ELECTRONICS ENGINEERING,60,3
570,1-9318946325,COLLEGE OF ENGINEERING VADAKARA,Kerala,KOZHIKODE,Government,ENGINEERING AND TECHNOLOGY,Directorate of Technical Education,DIPLOMA,AUTOMATION AND ROBOTICS,60,3
571,1-9318883441,COLLEGE OF ENGINEERINGARANMULA,Kerala,PATHANAMTHITTA,Government,ENGINEERING AND TECHNOLOGY,"APJ Abdul Kalam Technological University, Kerala",UNDER GRADUATE,ELECTRONICS AND COMMUNICATIONS ENGINEERING,30,2
572,1-9318883441,COLLEGE OF ENGINEERINGARANMULA,Kerala,PATHANAMTHITTA,Government,ENGINEERING AND TECHNOLOGY,"APJ Abdul Kalam Technological University, Kerala",UNDER GRADUATE,COMPUTER SCIENCE AND ENGINEERING,60,3
573,1-9318883441,COLLEGE OF ENGINEERINGARANMULA,Kerala,PATHANAMTHITTA,Government,ENGINEERING AND TECHNOLOGY,"APJ Abdul Kalam Technological University, Kerala",UNDER GRADUATE,CIVIL ENGINEERING,60,3
574,1-9318883441,COLLEGE OF ENGINEERINGARANMULA,Kerala,PATHANAMTHITTA,Government,ENGINEERING AND TECHNOLOGY,"APJ Abdul Kalam Technological University, Kerala",UNDER GRADUATE,ELECTRICAL AND ELECTRONICS ENGINEERING,30,2
575,1-9320846190,ERANAD KNOWLEDGECITY TECHNICAL CAMPUS,Kerala,MALAPPURAM,Private-Self Financing,ENGINEERING AND TECHNOLOGY,"APJ Abdul Kalam Technological University, Kerala",UNDER GRADUATE,COMPUTER SCIENCE ENGINEERING,60,3
576,1-9320846190,ERANAD KNOWLEDGECITY TECHNICAL CAMPUS,Kerala,MALAPPURAM,Private-Self Financing,ENGINEERING AND TECHNOLOGY,"APJ Abdul Kalam Technological University, Kerala",UNDER GRADUATE,CIVIL ENGINEERING,60,3
577,1-9320846190,ERANAD KNOWLEDGECITY TECHNICAL CAMPUS,Kerala,MALAPPURAM,Private-Self Financing,ENGINEERING AND TECHNOLOGY,"APJ Abdul Kalam Technological University, Kerala",UNDER GRADUATE,MECHANICAL ENGINEERING,60,3
578,1-9320846190,ERANAD KNOWLEDGECITY TECHNICAL CAMPUS,Kerala,MALAPPURAM,Private-Self Financing,ENGINEERING AND TECHNOLOGY,"APJ Abdul Kalam Technological University, Kerala",UNDER GRADUATE,ELECTRONICS AND COMMUNICATIONS ENGINEERING,60,3
579,1-9320846190,ERANAD KNOWLEDGECITY TECHNICAL CAMPUS,Kerala,MALAPPURAM,Private-Self Financing,ENGINEERING AND TECHNOLOGY,"APJ Abdul Kalam Technological University, Kerala",UNDER GRADUATE,SAFETY AND FIRE ENGINEERING,60,3
580,1-9318976092,FEDERAL INSTITUTE OF SCIENCE AND TECHNOLOGY FISAT,Kerala,ERNAKULAM,Private-Self Financing,ENGINEERING AND TECHNOLOGY,"APJ Abdul Kalam Technological University, Kerala",UNDER GRADUATE,CIVIL ENGINEERING,120,6
581,1-9318976092,FEDERAL INSTITUTE OF SCIENCE AND TECHNOLOGY FISAT,Kerala,ERNAKULAM,Private-Self Financing,ENGINEERING AND TECHNOLOGY,"APJ Abdul Kalam Technological University, Kerala",UNDER GRADUATE,COMPUTER SCIENCE AND ENGINEERING,120,6
582,1-9318976092,FEDERAL INSTITUTE OF SCIENCE AND TECHNOLOGY FISAT,Kerala,ERNAKULAM,Private-Self Financing,ENGINEERING AND TECHNOLOGY,"APJ Abdul Kalam Technological University, Kerala",UNDER GRADUATE,ELECTRONICS COMMUNICATION ENGG,120,6
583,1-9318976092,FEDERAL INSTITUTE OF SCIENCE AND TECHNOLOGY FISAT,Kerala,ERNAKULAM,Private-Self Financing,ENGINEERING AND TECHNOLOGY,"APJ Abdul Kalam Technological University, Kerala",UNDER GRADUATE,ELECTRICAL AND ELECTRONICS ENGINEERING,60,3
584,1-9318976092,FEDERAL INSTITUTE OF SCIENCE AND TECHNOLOGY FISAT,Kerala,ERNAKULAM,Private-Self Financing,ENGINEERING AND TECHNOLOGY,"APJ Abdul Kalam Technological University, Kerala",UNDER GRADUATE,ELECTRONICS AND INSTRUMENTATION ENGINEERING,30,2
585,1-9318976092,FEDERAL INSTITUTE OF SCIENCE AND TECHNOLOGY FISAT,Kerala,ERNAKULAM,Private-Self Financing,ENGINEERING AND TECHNOLOGY,"APJ Abdul Kalam Technological University, Kerala",UNDER GRADUATE,MECHANICAL ENGINEERING,120,6
586,1-9318976092,FEDERAL INSTITUTE OF SCIENCE AND TECHNOLOGY FISAT,Kerala,ERNAKULAM,Private-Self Financing,ENGINEERING AND TECHNOLOGY,"APJ Abdul Kalam Technological University, Kerala",UNDER GRADUATE,COMPUTER SCIENCE AND DESIGN,60,3
587,1-9317749688,GURUDEVA INSTITUTE OF SCIENCE AND TECHNOLOGY,Kerala,KOTTAYAM,Private-Self Financing,ENGINEERING AND TECHNOLOGY,"APJ Abdul Kalam Technological University, Kerala",POST GRADUATE,COMMUNICATIONS ENGINEERING,24,1
588,1-9317749688,GURUDEVA INSTITUTE OF SCIENCE AND TECHNOLOGY,Kerala,KOTTAYAM,Private-Self Financing,ENGINEERING AND TECHNOLOGY,"APJ Abdul Kalam Technological University, Kerala",POST GRADUATE,CYBER SECURITY,12,1
589,1-9317749688,GURUDEVA INSTITUTE OF SCIENCE AND TECHNOLOGY,Kerala,KOTTAYAM,Private-Self Financing,ENGINEERING AND TECHNOLOGY,"APJ Abdul Kalam Technological University, Kerala",UNDER GRADUATE,CIVIL ENGINEERING,60,3
590,1-9317749688,GURUDEVA INSTITUTE OF SCIENCE AND TECHNOLOGY,Kerala,KOTTAYAM,Private-Self Financing,ENGINEERING AND TECHNOLOGY,"APJ Abdul Kalam Technological University, Kerala",UNDER GRADUATE,ELECTRICAL AND ELECTRONICS ENGINEERING,30,2
591,1-9317749688,GURUDEVA INSTITUTE OF SCIENCE AND TECHNOLOGY,Kerala,KOTTAYAM,Private-Self Financing,ENGINEERING AND TECHNOLOGY,"APJ Abdul Kalam Technological University, Kerala",UNDER GRADUATE,MECHANICAL ENGINEERING,60,3
592,1-9317749688,GURUDEVA INSTITUTE OF SCIENCE AND TECHNOLOGY,Kerala,KOTTAYAM,Private-Self Financing,ENGINEERING AND TECHNOLOGY,"APJ Abdul Kalam Technological University, Kerala",UNDER GRADUATE,ELECTRONICS COMMUNICATION ENGG,30,2
593,1-9317749688,GURUDEVA INSTITUTE OF SCIENCE AND TECHNOLOGY,Kerala,KOTTAYAM,Private-Self Financing,ENGINEERING AND TECHNOLOGY,"APJ Abdul Kalam Technological University, Kerala",UNDER GRADUATE,COMPUTER SCIENCE ENGINEERING,60,3
594,1-9318840739,HEERA COLLEGE OF ENGINEERING AND TECHNOLOGY HCET,Kerala,THIRUVANANTHAPURAM,Private-Self Financing,ENGINEERING AND TECHNOLOGY,"APJ Abdul Kalam Technological University, Kerala",UNDER GRADUATE,MECHANICAL ENGINEERING,90,5
595,1-9318840739,HEERA COLLEGE OF ENGINEERING AND TECHNOLOGY HCET,Kerala,THIRUVANANTHAPURAM,Private-Self Financing,ENGINEERING AND TECHNOLOGY,"APJ Abdul Kalam Technological University, Kerala",UNDER GRADUATE,CIVIL ENGINEERING,60,3
596,1-9318840739,HEERA COLLEGE OF ENGINEERING AND TECHNOLOGY HCET,Kerala,THIRUVANANTHAPURAM,Private-Self Financing,ENGINEERING AND TECHNOLOGY,"APJ Abdul Kalam Technological University, Kerala",UNDER GRADUATE,ELECTRICAL AND ELECTRONICS ENGINEERING,30,2
597,1-9318840739,HEERA COLLEGE OF ENGINEERING AND TECHNOLOGY HCET,Kerala,THIRUVANANTHAPURAM,Private-Self Financing,ENGINEERING AND TECHNOLOGY,"APJ Abdul Kalam Technological University, Kerala",UNDER GRADUATE,ELECTRONICS COMMUNICATION ENGG,30,2
598,1-9318840739,HEERA COLLEGE OF ENGINEERING AND TECHNOLOGY HCET,Kerala,THIRUVANANTHAPURAM,Private-Self Financing,ENGINEERING AND TECHNOLOGY,"APJ Abdul Kalam Technological University, Kerala",UNDER GRADUATE,COMPUTER SCIENCE ENGINEERING,60,3
599,1-9320869963,HOLY GRACE ACADEMY OF ENGINEERING,Kerala,THRISSUR,Private-Self Financing,ENGINEERING AND TECHNOLOGY,"APJ Abdul Kalam Technological University, Kerala",UNDER GRADUATE,ELECTRONICS COMMUNICATION ENGG,30,2
600,1-9320869963,HOLY GRACE ACADEMY OF ENGINEERING,Kerala,THRISSUR,Private-Self Financing,ENGINEERING AND TECHNOLOGY,"APJ Abdul Kalam Technological University, Kerala",UNDER GRADUATE,ELECTRICAL AND ELECTRONICS ENGINEERING,30,2
601,1-9320869963,HOLY GRACE ACADEMY OF ENGINEERING,Kerala,THRISSUR,Private-Self Financing,ENGINEERING AND TECHNOLOGY,"APJ Abdul Kalam Technological University, Kerala",UNDER GRADUATE,COMPUTER SCIENCE AND ENGINEERING,60,3
602,1-9320869963,HOLY GRACE ACADEMY OF ENGINEERING,Kerala,THRISSUR,Private-Self Financing,ENGINEERING AND TECHNOLOGY,"APJ Abdul Kalam Technological University, Kerala",UNDER GRADUATE,CIVIL ENGINEERING,30,2
603,1-9320869963,HOLY GRACE ACADEMY OF ENGINEERING,Kerala,THRISSUR,Private-Self Financing,ENGINEERING AND TECHNOLOGY,"APJ Abdul Kalam Technological University, Kerala",UNDER GRADUATE,MECHANICAL ENGINEERING,30,2
604,1-9320869963,HOLY GRACE ACADEMY OF ENGINEERING,Kerala,THRISSUR,Private-Self Financing,ENGINEERING AND TECHNOLOGY,"APJ Abdul Kalam Technological University, Kerala",UNDER GRADUATE,ROBOTICS AND AUTOMATION,60,3
605,1-9320921680,ICCS COLLEGE OF ENGINEERING AND MANAGEMENT,Kerala,THRISSUR,Private-Self Financing,ENGINEERING AND TECHNOLOGY,"APJ Abdul Kalam Technological University, Kerala",UNDER GRADUATE,MECHANICAL ENGINEERING,60,3
606,1-9320921680,ICCS COLLEGE OF ENGINEERING AND MANAGEMENT,Kerala,THRISSUR,Private-Self Financing,ENGINEERING AND TECHNOLOGY,"APJ Abdul Kalam Technological University, Kerala",UNDER GRADUATE,CIVIL ENGINEERING,60,3
607,1-9320921680,ICCS COLLEGE OF ENGINEERING AND MANAGEMENT,Kerala,THRISSUR,Private-Self Financing,ENGINEERING AND TECHNOLOGY,"APJ Abdul Kalam Technological University, Kerala",UNDER GRADUATE,COMPUTER SCIENCE ENGINEERING,60,3
608,1-9320921680,ICCS COLLEGE OF ENGINEERING AND MANAGEMENT,Kerala,THRISSUR,Private-Self Financing,ENGINEERING AND TECHNOLOGY,Directorate of Technical Education,DIPLOMA,CIVIL ENGINEERING,60,3
609,1-9320921680,ICCS COLLEGE OF ENGINEERING AND MANAGEMENT,Kerala,THRISSUR,Private-Self Financing,ENGINEERING AND TECHNOLOGY,Directorate of Technical Education,DIPLOMA,MECHANICAL ENGINEERING,60,3
610,1-9320921680,ICCS COLLEGE OF ENGINEERING AND MANAGEMENT,Kerala,THRISSUR,Private-Self Financing,ENGINEERING AND TECHNOLOGY,Directorate of Technical Education,DIPLOMA,ELECTRICAL AND ELECTRONICS ENGINEERING,60,3
611,1-9318905583,IES COLLEGE OF ENGINEERING,Kerala,THRISSUR,Private-Self Financing,ENGINEERING AND TECHNOLOGY,"APJ Abdul Kalam Technological University, Kerala",UNDER GRADUATE,CIVIL ENGINEERING,60,3
612,1-9318905583,IES COLLEGE OF ENGINEERING,Kerala,THRISSUR,Private-Self Financing,ENGINEERING AND TECHNOLOGY,"APJ Abdul Kalam Technological University, Kerala",UNDER GRADUATE,COMPUTER SCIENCE AND ENGINEERING,60,3
613,1-9318905583,IES COLLEGE OF ENGINEERING,Kerala,THRISSUR,Private-Self Financing,ENGINEERING AND TECHNOLOGY,"APJ Abdul Kalam Technological University, Kerala",UNDER GRADUATE,ELECTRONICS COMMUNICATION ENGG,60,3
614,1-9318905583,IES COLLEGE OF ENGINEERING,Kerala,THRISSUR,Private-Self Financing,ENGINEERING AND TECHNOLOGY,"APJ Abdul Kalam Technological University, Kerala",UNDER GRADUATE,ELECTRICAL AND ELECTRONICS ENGINEERING,60,3
615,1-9318905583,IES COLLEGE OF ENGINEERING,Kerala,THRISSUR,Private-Self Financing,ENGINEERING AND TECHNOLOGY,"APJ Abdul Kalam Technological University, Kerala",UNDER GRADUATE,MECHANICAL ENGINEERING,60,3
616,1-9322950292,ILAHIA COLLEGE OF ENGINEERING AND TECHNOLOGY,Kerala,ERNAKULAM,Private-Self Financing,COMPUTER APPLICATIONS,"APJ Abdul Kalam Technological University, Kerala",POST GRADUATE,MASTER OF COMPUTER APPLICATIONS,60,3
617,1-9322950292,ILAHIA COLLEGE OF ENGINEERING AND TECHNOLOGY,Kerala,ERNAKULAM,Private-Self Financing,ENGINEERING AND TECHNOLOGY,"APJ Abdul Kalam Technological University, Kerala",UNDER GRADUATE,ELECTRICAL AND ELECTRONICS ENGINEERING,30,2
618,1-9322950292,ILAHIA COLLEGE OF ENGINEERING AND TECHNOLOGY,Kerala,ERNAKULAM,Private-Self Financing,ENGINEERING AND TECHNOLOGY,"APJ Abdul Kalam Technological University, Kerala",UNDER GRADUATE,ELECTRONICS COMMUNICATION ENGG,30,2
619,1-9322950292,ILAHIA COLLEGE OF ENGINEERING AND TECHNOLOGY,Kerala,ERNAKULAM,Private-Self Financing,ENGINEERING AND TECHNOLOGY,"APJ Abdul Kalam Technological University, Kerala",UNDER GRADUATE,COMPUTER SCIENCE AND ENGINEERING,90,5
620,1-9322950292,ILAHIA COLLEGE OF ENGINEERING AND TECHNOLOGY,Kerala,ERNAKULAM,Private-Self Financing,ENGINEERING AND TECHNOLOGY,"APJ Abdul Kalam Technological University, Kerala",UNDER GRADUATE,MECHANICAL ENGINEERING,60,3
621,1-9322950292,ILAHIA COLLEGE OF ENGINEERING AND TECHNOLOGY,Kerala,ERNAKULAM,Private-Self Financing,ENGINEERING AND TECHNOLOGY,"APJ Abdul Kalam Technological University, Kerala",UNDER GRADUATE,CIVIL ENGINEERING,60,3
622,1-9322950292,ILAHIA COLLEGE OF ENGINEERING AND TECHNOLOGY,Kerala,ERNAKULAM,Private-Self Financing,MANAGEMENT,"APJ Abdul Kalam Technological University, Kerala",POST GRADUATE,MBA,60,3
623,1-9322950292,ILAHIA COLLEGE OF ENGINEERING AND TECHNOLOGY,Kerala,ERNAKULAM,Private-Self Financing,ENGINEERING AND TECHNOLOGY,"APJ Abdul Kalam Technological University, Kerala",POST GRADUATE,COMPUTER SCIENCE AND ENGINEERING,18,1
624,1-9322950292,ILAHIA COLLEGE OF ENGINEERING AND TECHNOLOGY,Kerala,ERNAKULAM,Private-Self Financing,ENGINEERING AND TECHNOLOGY,"APJ Abdul Kalam Technological University, Kerala",POST GRADUATE,COMPUTER AIDED STRUCTURAL ENGINEERING,18,1
625,1-9322950292,ILAHIA COLLEGE OF ENGINEERING AND TECHNOLOGY,Kerala,ERNAKULAM,Private-Self Financing,ENGINEERING AND TECHNOLOGY,"APJ Abdul Kalam Technological University, Kerala",UNDER GRADUATE,ARTIFICIAL INTELLIGENCE AND DATA SCIENCE,60,3
626,1-9322950292,ILAHIA COLLEGE OF ENGINEERING AND TECHNOLOGY,Kerala,ERNAKULAM,Private-Self Financing,ENGINEERING AND TECHNOLOGY,"APJ Abdul Kalam Technological University, Kerala",UNDER GRADUATE,COMPUTER SCIENCE AND ENGINEERING CYBER SECURITY,60,3
627,1-9322950292,ILAHIA COLLEGE OF ENGINEERING AND TECHNOLOGY,Kerala,ERNAKULAM,Private-Self Financing,ENGINEERING AND TECHNOLOGY,"APJ Abdul Kalam Technological University, Kerala",UNDER GRADUATE,3D PRINTING AND DESIGN,60,3
628,1-9322950292,ILAHIA COLLEGE OF ENGINEERING AND TECHNOLOGY,Kerala,ERNAKULAM,Private-Self Financing,ENGINEERING AND TECHNOLOGY,"APJ Abdul Kalam Technological University, Kerala",UNDER GRADUATE,ROBOTICS AND AUTOMATION,60,3
629,1-9318932810,ILM COLLEGE OF ENGINEERING AND TECHNOLOGY,Kerala,ERNAKULAM,Private-Self Financing,ENGINEERING AND TECHNOLOGY,"APJ Abdul Kalam Technological University, Kerala",UNDER GRADUATE,CIVIL ENGINEERING,30,2
630,1-9318932810,ILM COLLEGE OF ENGINEERING AND TECHNOLOGY,Kerala,ERNAKULAM,Private-Self Financing,ENGINEERING AND TECHNOLOGY,"APJ Abdul Kalam Technological University, Kerala",UNDER GRADUATE,ELECTRONICS COMMUNICATION ENGG,30,2
631,1-9318932810,ILM COLLEGE OF ENGINEERING AND TECHNOLOGY,Kerala,ERNAKULAM,Private-Self Financing,ENGINEERING AND TECHNOLOGY,"APJ Abdul Kalam Technological University, Kerala",UNDER GRADUATE,COMPUTER SCIENCE ENGINEERING,30,2
632,1-9318932810,ILM COLLEGE OF ENGINEERING AND TECHNOLOGY,Kerala,ERNAKULAM,Private-Self Financing,ENGINEERING AND TECHNOLOGY,"APJ Abdul Kalam Technological University, Kerala",UNDER GRADUATE,AERONAUTICAL ENGINEERING,60,3
633,1-9318932810,ILM COLLEGE OF ENGINEERING AND TECHNOLOGY,Kerala,ERNAKULAM,Private-Self Financing,ENGINEERING AND TECHNOLOGY,"APJ Abdul Kalam Technological University, Kerala",UNDER GRADUATE,MECHANICAL ENGINEERING,30,2
634,1-9323086232,INDIRA GANDHI INSTITUTE OF POLYTECHNIC ENGINEERING,Kerala,ERNAKULAM,Private-Self Financing,ENGINEERING AND TECHNOLOGY,"APJ Abdul Kalam Technological University, Kerala",UNDER GRADUATE,CIVIL ENGINEERING,60,3
635,1-9323086232,INDIRA GANDHI INSTITUTE OF POLYTECHNIC ENGINEERING,Kerala,ERNAKULAM,Private-Self Financing,ENGINEERING AND TECHNOLOGY,"APJ Abdul Kalam Technological University, Kerala",UNDER GRADUATE,ELECTRICAL AND ELECTRONICS ENGINEERING,30,2
636,1-9323086232,INDIRA GANDHI INSTITUTE OF POLYTECHNIC ENGINEERING,Kerala,ERNAKULAM,Private-Self Financing,ENGINEERING AND TECHNOLOGY,"APJ Abdul Kalam Technological University, Kerala",UNDER GRADUATE,ELECTRONICS COMMUNICATION ENGG,30,2
637,1-9323086232,INDIRA GANDHI INSTITUTE OF POLYTECHNIC ENGINEERING,Kerala,ERNAKULAM,Private-Self Financing,ENGINEERING AND TECHNOLOGY,"APJ Abdul Kalam Technological University, Kerala",UNDER GRADUATE,COMPUTER SCIENCE AND ENGINEERING,60,3
638,1-9317571567,INSTITUTE OF ENGINEERING AND TECHNOLOGY,Kerala,MALAPPURAM,State Government University,ENGINEERING AND TECHNOLOGY,"University of Calicut, Calicut,",UNDER GRADUATE,ELECTRONICS COMMUNICATION ENGG,60,3
639,1-9317571567,INSTITUTE OF ENGINEERING AND TECHNOLOGY,Kerala,MALAPPURAM,State Government University,ENGINEERING AND TECHNOLOGY,"University of Calicut, Calicut,",UNDER GRADUATE,ELECTRICAL AND ELECTRONICS ENGINEERING,60,3
640,1-9317571567,INSTITUTE OF ENGINEERING AND TECHNOLOGY,Kerala,MALAPPURAM,State Government University,ENGINEERING AND TECHNOLOGY,"University of Calicut, Calicut,",UNDER GRADUATE,INFORMATION TECHNOLOGY,60,3
641,1-9317571567,INSTITUTE OF ENGINEERING AND TECHNOLOGY,Kerala,MALAPPURAM,State Government University,ENGINEERING AND TECHNOLOGY,"University of Calicut, Calicut,",UNDER GRADUATE,MECHANICAL ENGINEERING,60,3
642,1-9317571567,INSTITUTE OF ENGINEERING AND TECHNOLOGY,Kerala,MALAPPURAM,State Government University,ENGINEERING AND TECHNOLOGY,"University of Calicut, Calicut,",UNDER GRADUATE,PRINTING TECHNOLOGY,30,2
643,1-9317654222,JAIBHARATH COLLEGE OF MANAGEMENT ENGINEERING TECHNOLOGY,Kerala,ERNAKULAM,Private-Self Financing,ENGINEERING AND TECHNOLOGY,"APJ Abdul Kalam Technological University, Kerala",UNDER GRADUATE,CIVIL ENGINEERING,60,3
644,1-9317654222,JAIBHARATH COLLEGE OF MANAGEMENT ENGINEERING TECHNOLOGY,Kerala,ERNAKULAM,Private-Self Financing,ENGINEERING AND TECHNOLOGY,"APJ Abdul Kalam Technological University, Kerala",UNDER GRADUATE,MECHANICAL ENGINEERING,90,5
645,1-9317654222,JAIBHARATH COLLEGE OF MANAGEMENT ENGINEERING TECHNOLOGY,Kerala,ERNAKULAM,Private-Self Financing,ENGINEERING AND TECHNOLOGY,"APJ Abdul Kalam Technological University, Kerala",UNDER GRADUATE,ELECTRICAL AND ELECTRONICS ENGINEERING,30,2
646,1-9317654222,JAIBHARATH COLLEGE OF MANAGEMENT ENGINEERING TECHNOLOGY,Kerala,ERNAKULAM,Private-Self Financing,ENGINEERING AND TECHNOLOGY,"APJ Abdul Kalam Technological University, Kerala",UNDER GRADUATE,ELECTRONICS COMMUNICATION ENGG,30,2
647,1-9317654222,JAIBHARATH COLLEGE OF MANAGEMENT ENGINEERING TECHNOLOGY,Kerala,ERNAKULAM,Private-Self Financing,ENGINEERING AND TECHNOLOGY,"APJ Abdul Kalam Technological University, Kerala",UNDER GRADUATE,COMPUTER SCIENCE ENGINEERING,60,3
648,1-9317654222,JAIBHARATH COLLEGE OF MANAGEMENT ENGINEERING TECHNOLOGY,Kerala,ERNAKULAM,Private-Self Financing,ENGINEERING AND TECHNOLOGY,Directorate of Technical Education,DIPLOMA,CIVIL ENGINEERING,60,3
649,1-9317654222,JAIBHARATH COLLEGE OF MANAGEMENT ENGINEERING TECHNOLOGY,Kerala,ERNAKULAM,Private-Self Financing,ENGINEERING AND TECHNOLOGY,Directorate of Technical Education,DIPLOMA,MECHANICAL ENGINEERING,60,3
650,1-9317654222,JAIBHARATH COLLEGE OF MANAGEMENT ENGINEERING TECHNOLOGY,Kerala,ERNAKULAM,Private-Self Financing,ENGINEERING AND TECHNOLOGY,Directorate of Technical Education,DIPLOMA,ELECTRICAL ELECTRONICS ENGINEERING,60,3
651,1-9322623288,JAWAHARLAL COLLEGE OF ENGINEERING AND TECHNOLOGY,Kerala,PALAKKAD,Private-Self Financing,ENGINEERING AND TECHNOLOGY,"APJ Abdul Kalam Technological University, Kerala",UNDER GRADUATE,AERONAUTICAL ENGINEERING,90,5
652,1-9322623288,JAWAHARLAL COLLEGE OF ENGINEERING AND TECHNOLOGY,Kerala,PALAKKAD,Private-Self Financing,ENGINEERING AND TECHNOLOGY,"APJ Abdul Kalam Technological University, Kerala",UNDER GRADUATE,MECHANICAL ENGINEERING,60,3
653,1-9322623288,JAWAHARLAL COLLEGE OF ENGINEERING AND TECHNOLOGY,Kerala,PALAKKAD,Private-Self Financing,ENGINEERING AND TECHNOLOGY,"APJ Abdul Kalam Technological University, Kerala",UNDER GRADUATE,COMPUTER SCIENCE ENGINEERING,60,3
654,1-9322623288,JAWAHARLAL COLLEGE OF ENGINEERING AND TECHNOLOGY,Kerala,PALAKKAD,Private-Self Financing,ENGINEERING AND TECHNOLOGY,"APJ Abdul Kalam Technological University, Kerala",UNDER GRADUATE,ELECTRONICS COMMUNICATION ENGG,60,3
655,1-9322623288,JAWAHARLAL COLLEGE OF ENGINEERING AND TECHNOLOGY,Kerala,PALAKKAD,Private-Self Financing,ENGINEERING AND TECHNOLOGY,"APJ Abdul Kalam Technological University, Kerala",UNDER GRADUATE,CIVIL ENGINEERING,60,3
656,1-9322623288,JAWAHARLAL COLLEGE OF ENGINEERING AND TECHNOLOGY,Kerala,PALAKKAD,Private-Self Financing,MANAGEMENT,"APJ Abdul Kalam Technological University, Kerala",POST GRADUATE,MBA,60,3
657,1-9322623288,JAWAHARLAL COLLEGE OF ENGINEERING AND TECHNOLOGY,Kerala,PALAKKAD,Private-Self Financing,ENGINEERING AND TECHNOLOGY,"APJ Abdul Kalam Technological University, Kerala",POST GRADUATE,APPLIED ELECTRONICS COMMUNICATION SYTSEMS,18,1
658,1-9322623288,JAWAHARLAL COLLEGE OF ENGINEERING AND TECHNOLOGY,Kerala,PALAKKAD,Private-Self Financing,ENGINEERING AND TECHNOLOGY,"APJ Abdul Kalam Technological University, Kerala",POST GRADUATE,COMMUNICATION ENGINEERING AND SIGNAL PROCESSING,18,1
659,1-9321061030,JOHN COX MEMORIAL CSI INSTITUTE OF TECHNOLOGY,Kerala,THIRUVANANTHAPURAM,Private-Self Financing,ENGINEERING AND TECHNOLOGY,"APJ Abdul Kalam Technological University, Kerala",UNDER GRADUATE,CIVIL ENGINEERING,60,3
660,1-9321061030,JOHN COX MEMORIAL CSI INSTITUTE OF TECHNOLOGY,Kerala,THIRUVANANTHAPURAM,Private-Self Financing,ENGINEERING AND TECHNOLOGY,"APJ Abdul Kalam Technological University, Kerala",UNDER GRADUATE,ELECTRICAL AND ELECTRONICS ENGINEERING,60,3
661,1-9321061030,JOHN COX MEMORIAL CSI INSTITUTE OF TECHNOLOGY,Kerala,THIRUVANANTHAPURAM,Private-Self Financing,ENGINEERING AND TECHNOLOGY,"APJ Abdul Kalam Technological University, Kerala",UNDER GRADUATE,ELECTRONICS COMMUNICATION ENGG,30,2
662,1-9321061030,JOHN COX MEMORIAL CSI INSTITUTE OF TECHNOLOGY,Kerala,THIRUVANANTHAPURAM,Private-Self Financing,ENGINEERING AND TECHNOLOGY,"APJ Abdul Kalam Technological University, Kerala",UNDER GRADUATE,MECHANICAL ENGINEERING,60,3
663,1-9321061030,JOHN COX MEMORIAL CSI INSTITUTE OF TECHNOLOGY,Kerala,THIRUVANANTHAPURAM,Private-Self Financing,ENGINEERING AND TECHNOLOGY,"APJ Abdul Kalam Technological University, Kerala",UNDER GRADUATE,COMPUTER SCIENCE ENGINEERING,60,3
664,1-9319282810,JYOTHI ENGINEERING COLLEGE,Kerala,THRISSUR,Private-Self Financing,ENGINEERING AND TECHNOLOGY,"APJ Abdul Kalam Technological University, Kerala",UNDER GRADUATE,ELECTRICAL AND ELECTRONICS ENGINEERING,60,3
665,1-9319282810,JYOTHI ENGINEERING COLLEGE,Kerala,THRISSUR,Private-Self Financing,ENGINEERING AND TECHNOLOGY,"APJ Abdul Kalam Technological University, Kerala",UNDER GRADUATE,MECHANICAL ENGINEERING,60,3
666,1-9319282810,JYOTHI ENGINEERING COLLEGE,Kerala,THRISSUR,Private-Self Financing,ENGINEERING AND TECHNOLOGY,"APJ Abdul Kalam Technological University, Kerala",UNDER GRADUATE,CIVIL ENGINEERING,60,3
667,1-9319282810,JYOTHI ENGINEERING COLLEGE,Kerala,THRISSUR,Private-Self Financing,ENGINEERING AND TECHNOLOGY,"APJ Abdul Kalam Technological University, Kerala",UNDER GRADUATE,COMPUTER SCIENCE AND ENGINEERING,120,6
668,1-9319282810,JYOTHI ENGINEERING COLLEGE,Kerala,THRISSUR,Private-Self Financing,ENGINEERING AND TECHNOLOGY,"APJ Abdul Kalam Technological University, Kerala",UNDER GRADUATE,ELECTRONICS COMMUNICATION ENGG,60,3
669,1-9319282810,JYOTHI ENGINEERING COLLEGE,Kerala,THRISSUR,Private-Self Financing,ENGINEERING AND TECHNOLOGY,"APJ Abdul Kalam Technological University, Kerala",POST GRADUATE,POWER ELECTRONICS,6,0
670,1-9319282810,JYOTHI ENGINEERING COLLEGE,Kerala,THRISSUR,Private-Self Financing,ENGINEERING AND TECHNOLOGY,"APJ Abdul Kalam Technological University, Kerala",POST GRADUATE,COMPUTER SCIENCE ENGINEERING,6,0
671,1-9319282810,JYOTHI ENGINEERING COLLEGE,Kerala,THRISSUR,Private-Self Financing,ENGINEERING AND TECHNOLOGY,"APJ Abdul Kalam Technological University, Kerala",UNDER GRADUATE,MECHATRONICS,60,3
672,1-9319282810,JYOTHI ENGINEERING COLLEGE,Kerala,THRISSUR,Private-Self Financing,ENGINEERING AND TECHNOLOGY,"APJ Abdul Kalam Technological University, Kerala",POST GRADUATE,COMMUNICATION ENGINEERING AND SIGNAL PROCESSING,6,0
673,1-9319282810,JYOTHI ENGINEERING COLLEGE,Kerala,THRISSUR,Private-Self Financing,ENGINEERING AND TECHNOLOGY,"APJ Abdul Kalam Technological University, Kerala",POST GRADUATE,TRANSPORTATION ENGINEERING,18,1
674,1-9319282810,JYOTHI ENGINEERING COLLEGE,Kerala,THRISSUR,Private-Self Financing,ENGINEERING AND TECHNOLOGY,"APJ Abdul Kalam Technological University, Kerala",POST GRADUATE,INDUSTRIAL AUTOMATION AND ROBOTICS,6,0
675,1-9319282810,JYOTHI ENGINEERING COLLEGE,Kerala,THRISSUR,Private-Self Financing,ENGINEERING AND TECHNOLOGY,"APJ Abdul Kalam Technological University, Kerala",UNDER GRADUATE,ARTIFICIAL INTELLIGENCE AND DATA SCIENCE,60,3
676,1-9319282810,JYOTHI ENGINEERING COLLEGE,Kerala,THRISSUR,Private-Self Financing,ENGINEERING AND TECHNOLOGY,"APJ Abdul Kalam Technological University, Kerala",UNDER GRADUATE,ROBOTICS AND AUTOMATION,60,3
677,1-9321706279,KMCT COLLEGE OF ENGINEERING,Kerala,KOZHIKODE,Private-Self Financing,ENGINEERING AND TECHNOLOGY,"APJ Abdul Kalam Technological University, Kerala",UNDER GRADUATE,ELECTRICAL AND ELECTRONICS ENGINEERING,60,3
678,1-9321706279,KMCT COLLEGE OF ENGINEERING,Kerala,KOZHIKODE,Private-Self Financing,ENGINEERING AND TECHNOLOGY,"APJ Abdul Kalam Technological University, Kerala",UNDER GRADUATE,APPLIED ELECTRONICS AND INSTRUMENTATION ENGINEERING,30,2
679,1-9321706279,KMCT COLLEGE OF ENGINEERING,Kerala,KOZHIKODE,Private-Self Financing,ENGINEERING AND TECHNOLOGY,"APJ Abdul Kalam Technological University, Kerala",UNDER GRADUATE,ELECTRONICS COMMUNICATION ENGG,60,3
680,1-9321706279,KMCT COLLEGE OF ENGINEERING,Kerala,KOZHIKODE,Private-Self Financing,ENGINEERING AND TECHNOLOGY,"APJ Abdul Kalam Technological University, Kerala",UNDER GRADUATE,COMPUTER SCIENCE AND ENGINEERING,60,3
681,1-9321706279,KMCT COLLEGE OF ENGINEERING,Kerala,KOZHIKODE,Private-Self Financing,ENGINEERING AND TECHNOLOGY,"APJ Abdul Kalam Technological University, Kerala",UNDER GRADUATE,INFORMATION TECHNOLOGY,30,2
682,1-9321706279,KMCT COLLEGE OF ENGINEERING,Kerala,KOZHIKODE,Private-Self Financing,ENGINEERING AND TECHNOLOGY,"APJ Abdul Kalam Technological University, Kerala",UNDER GRADUATE,MECHANICAL ENGINEERING,120,6
683,1-9321706279,KMCT COLLEGE OF ENGINEERING,Kerala,KOZHIKODE,Private-Self Financing,ENGINEERING AND TECHNOLOGY,"APJ Abdul Kalam Technological University, Kerala",UNDER GRADUATE,AUTOMOBILE ENGINEERING,60,3
684,1-9321706279,KMCT COLLEGE OF ENGINEERING,Kerala,KOZHIKODE,Private-Self Financing,COMPUTER APPLICATIONS,"APJ Abdul Kalam Technological University, Kerala",POST GRADUATE,MASTER OF COMPUTER APPLICATIONS,60,3
685,1-9321706279,KMCT COLLEGE OF ENGINEERING,Kerala,KOZHIKODE,Private-Self Financing,ENGINEERING AND TECHNOLOGY,"APJ Abdul Kalam Technological University, Kerala",UNDER GRADUATE,CIVIL ENGINEERING,120,6
686,1-9320943073,KMCT COLLEGE OF ENGINEERING FOR WOMEN,Kerala,KOZHIKODE,Private-Self Financing,ENGINEERING AND TECHNOLOGY,"APJ Abdul Kalam Technological University, Kerala",UNDER GRADUATE,ELECTRONICS AND COMMUNICATIONS ENGINEERING,45,2
687,1-9320943073,KMCT COLLEGE OF ENGINEERING FOR WOMEN,Kerala,KOZHIKODE,Private-Self Financing,ENGINEERING AND TECHNOLOGY,"APJ Abdul Kalam Technological University, Kerala",UNDER GRADUATE,COMPUTER SCIENCE ENGINEERING,60,3
688,1-9320943073,KMCT COLLEGE OF ENGINEERING FOR WOMEN,Kerala,KOZHIKODE,Private-Self Financing,ENGINEERING AND TECHNOLOGY,"APJ Abdul Kalam Technological University, Kerala",UNDER GRADUATE,CIVIL ENGINEERING,60,3
689,1-9320943073,KMCT COLLEGE OF ENGINEERING FOR WOMEN,Kerala,KOZHIKODE,Private-Self Financing,ENGINEERING AND TECHNOLOGY,"APJ Abdul Kalam Technological University, Kerala",UNDER GRADUATE,INFORMATION TECHNOLOGY,30,2
690,1-9320943073,KMCT COLLEGE OF ENGINEERING FOR WOMEN,Kerala,KOZHIKODE,Private-Self Financing,ENGINEERING AND TECHNOLOGY,"APJ Abdul Kalam Technological University, Kerala",UNDER GRADUATE,BIOMEDICAL ENGINEERING,60,3
691,1-9322864727,KMEA ENGINEERING COLLEGE,Kerala,ERNAKULAM,Private-Self Financing,ENGINEERING AND TECHNOLOGY,"APJ Abdul Kalam Technological University, Kerala",UNDER GRADUATE,CIVIL ENGINEERING,90,5
692,1-9322864727,KMEA ENGINEERING COLLEGE,Kerala,ERNAKULAM,Private-Self Financing,ENGINEERING AND TECHNOLOGY,"APJ Abdul Kalam Technological University, Kerala",UNDER GRADUATE,COMPUTER SCIENCE ENGINEERING,60,3
693,1-9322864727,KMEA ENGINEERING COLLEGE,Kerala,ERNAKULAM,Private-Self Financing,ENGINEERING AND TECHNOLOGY,"APJ Abdul Kalam Technological University, Kerala",UNDER GRADUATE,ELECTRONICS COMMUNICATION ENGG,30,2
694,1-9322864727,KMEA ENGINEERING COLLEGE,Kerala,ERNAKULAM,Private-Self Financing,ENGINEERING AND TECHNOLOGY,"APJ Abdul Kalam Technological University, Kerala",UNDER GRADUATE,MECHANICAL ENGINEERING,90,5
695,1-9322864727,KMEA ENGINEERING COLLEGE,Kerala,ERNAKULAM,Private-Self Financing,ENGINEERING AND TECHNOLOGY,"APJ Abdul Kalam Technological University, Kerala",POST GRADUATE,COMMUNICATION ENGINEERING,18,1
696,1-9322864727,KMEA ENGINEERING COLLEGE,Kerala,ERNAKULAM,Private-Self Financing,ENGINEERING AND TECHNOLOGY,"APJ Abdul Kalam Technological University, Kerala",UNDER GRADUATE,ELECTRICAL AND ELECTRONICS ENGINEERING,30,2
697,1-9322864727,KMEA ENGINEERING COLLEGE,Kerala,ERNAKULAM,Private-Self Financing,ENGINEERING AND TECHNOLOGY,"APJ Abdul Kalam Technological University, Kerala",POST GRADUATE,COMPUTER SCIENCE ENGINEERING,18,1
698,1-9322864727,KMEA ENGINEERING COLLEGE,Kerala,ERNAKULAM,Private-Self Financing,ENGINEERING AND TECHNOLOGY,"APJ Abdul Kalam Technological University, Kerala",POST GRADUATE,COMPUTER AIDED STRUCTURAL ENGINEERING,18,1
699,1-9322864727,KMEA ENGINEERING COLLEGE,Kerala,ERNAKULAM,Private-Self Financing,ENGINEERING AND TECHNOLOGY,"APJ Abdul Kalam Technological University, Kerala",POST GRADUATE,POWER ELECTRONICS,18,1
700,1-9322864727,KMEA ENGINEERING COLLEGE,Kerala,ERNAKULAM,Private-Self Financing,ENGINEERING AND TECHNOLOGY,"APJ Abdul Kalam Technological University, Kerala",UNDER GRADUATE,ROBOTICS AND AUTOMATION,30,2
701,1-9322864727,KMEA ENGINEERING COLLEGE,Kerala,ERNAKULAM,Private-Self Financing,ENGINEERING AND TECHNOLOGY,"APJ Abdul Kalam Technological University, Kerala",UNDER GRADUATE,SAFETY AND FIRE ENGINEERING,30,2
702,1-9319416999,KOTTAYAM INSTITUTE OF TECHNOLOGY AND SCIENCE,Kerala,KOTTAYAM,Private-Self Financing,ENGINEERING AND TECHNOLOGY,"APJ Abdul Kalam Technological University, Kerala",UNDER GRADUATE,COMPUTER SCIENCE ENGINEERING,60,3
703,1-9319416999,KOTTAYAM INSTITUTE OF TECHNOLOGY AND SCIENCE,Kerala,KOTTAYAM,Private-Self Financing,ENGINEERING AND TECHNOLOGY,"APJ Abdul Kalam Technological University, Kerala",POST GRADUATE,APPLIED ELECTRONICS,24,1
704,1-9319416999,KOTTAYAM INSTITUTE OF TECHNOLOGY AND SCIENCE,Kerala,KOTTAYAM,Private-Self Financing,ENGINEERING AND TECHNOLOGY,"APJ Abdul Kalam Technological University, Kerala",POST GRADUATE,POWER ELECTRONICS AND POWER SYSTEMS,12,1
705,1-9319416999,KOTTAYAM INSTITUTE OF TECHNOLOGY AND SCIENCE,Kerala,KOTTAYAM,Private-Self Financing,ENGINEERING AND TECHNOLOGY,"APJ Abdul Kalam Technological University, Kerala",UNDER GRADUATE,CIVIL ENGINEERING,60,3
706,1-9319416999,KOTTAYAM INSTITUTE OF TECHNOLOGY AND SCIENCE,Kerala,KOTTAYAM,Private-Self Financing,ENGINEERING AND TECHNOLOGY,"APJ Abdul Kalam Technological University, Kerala",UNDER GRADUATE,MECHANICAL ENGINEERING,60,3
707,1-9319416999,KOTTAYAM INSTITUTE OF TECHNOLOGY AND SCIENCE,Kerala,KOTTAYAM,Private-Self Financing,ENGINEERING AND TECHNOLOGY,"APJ Abdul Kalam Technological University, Kerala",UNDER GRADUATE,ELECTRONICS COMMUNICATION ENGG,60,3
708,1-9319416999,KOTTAYAM INSTITUTE OF TECHNOLOGY AND SCIENCE,Kerala,KOTTAYAM,Private-Self Financing,ENGINEERING AND TECHNOLOGY,"APJ Abdul Kalam Technological University, Kerala",UNDER GRADUATE,ELECTRICAL AND ELECTRONICS ENGINEERING,60,3
709,1-9319416999,KOTTAYAM INSTITUTE OF TECHNOLOGY AND SCIENCE,Kerala,KOTTAYAM,Private-Self Financing,ENGINEERING AND TECHNOLOGY,"APJ Abdul Kalam Technological University, Kerala",UNDER GRADUATE,AUTOMOBILE ENGINEERING,60,3
710,1-9319416999,KOTTAYAM INSTITUTE OF TECHNOLOGY AND SCIENCE,Kerala,KOTTAYAM,Private-Self Financing,ENGINEERING AND TECHNOLOGY,"APJ Abdul Kalam Technological University, Kerala",UNDER GRADUATE,BIOMEDICAL AND ROBOTIC ENGINEERING,60,3
711,1-9317588726,KVM COLLEGE OF ENGINEERING IT,Kerala,ALAPPUZHA,Private-Self Financing,COMPUTER APPLICATIONS,"APJ Abdul Kalam Technological University, Kerala",POST GRADUATE,MASTERS IN COMPUTER APPLICATIONS,60,3
712,1-9317588726,KVM COLLEGE OF ENGINEERING IT,Kerala,ALAPPUZHA,Private-Self Financing,MANAGEMENT,"APJ Abdul Kalam Technological University, Kerala",POST GRADUATE,MBA,60,3
713,1-9317588726,KVM COLLEGE OF ENGINEERING IT,Kerala,ALAPPUZHA,Private-Self Financing,ENGINEERING AND TECHNOLOGY,"APJ Abdul Kalam Technological University, Kerala",UNDER GRADUATE,MECHANICAL ENGINEERING,60,3
714,1-9317588726,KVM COLLEGE OF ENGINEERING IT,Kerala,ALAPPUZHA,Private-Self Financing,ENGINEERING AND TECHNOLOGY,"APJ Abdul Kalam Technological University, Kerala",UNDER GRADUATE,CIVIL ENGINEERING,60,3
715,1-9317588726,KVM COLLEGE OF ENGINEERING IT,Kerala,ALAPPUZHA,Private-Self Financing,ENGINEERING AND TECHNOLOGY,"APJ Abdul Kalam Technological University, Kerala",UNDER GRADUATE,COMPUTER SCIENCE AND ENGINEERING,60,3
716,1-9322905728,LBS COLLEGE OF ENGINEERING,Kerala,KASARAGOD,Government,ENGINEERING AND TECHNOLOGY,"APJ Abdul Kalam Technological University, Kerala",UNDER GRADUATE,CIVIL ENGINEERING,60,3
717,1-9322905728,LBS COLLEGE OF ENGINEERING,Kerala,KASARAGOD,Government,ENGINEERING AND TECHNOLOGY,"APJ Abdul Kalam Technological University, Kerala",UNDER GRADUATE,MECHANICAL ENGINEERING,60,3
718,1-9322905728,LBS COLLEGE OF ENGINEERING,Kerala,KASARAGOD,Government,ENGINEERING AND TECHNOLOGY,"APJ Abdul Kalam Technological University, Kerala",UNDER GRADUATE,ELECTRICAL AND ELECTRONICS ENGINEERING,60,3
719,1-9322905728,LBS COLLEGE OF ENGINEERING,Kerala,KASARAGOD,Government,ENGINEERING AND TECHNOLOGY,"APJ Abdul Kalam Technological University, Kerala",UNDER GRADUATE,ELECTRONICS AND COMMUNICATIONS ENGINEERING,60,3
720,1-9322905728,LBS COLLEGE OF ENGINEERING,Kerala,KASARAGOD,Government,ENGINEERING AND TECHNOLOGY,"APJ Abdul Kalam Technological University, Kerala",UNDER GRADUATE,COMPUTER SCIENCE ENGINEERING,120,6
721,1-9322905728,LBS COLLEGE OF ENGINEERING,Kerala,KASARAGOD,Government,ENGINEERING AND TECHNOLOGY,"APJ Abdul Kalam Technological University, Kerala",UNDER GRADUATE,INFORMATION TECHNOLOGY,30,2
722,1-9321023954,LBS INSTITUTE OF TECHNOLOGY FOR WOMEN,Kerala,THIRUVANANTHAPURAM,Government,ENGINEERING AND TECHNOLOGY,"APJ Abdul Kalam Technological University, Kerala",UNDER GRADUATE,APPLIED ELECTRONICS AND INSTRUMENTATION ENGINEERING,60,3
723,1-9321023954,LBS INSTITUTE OF TECHNOLOGY FOR WOMEN,Kerala,THIRUVANANTHAPURAM,Government,ENGINEERING AND TECHNOLOGY,"APJ Abdul Kalam Technological University, Kerala",UNDER GRADUATE,COMPUTER SCIENCE AND ENGINEERING,120,6
724,1-9321023954,LBS INSTITUTE OF TECHNOLOGY FOR WOMEN,Kerala,THIRUVANANTHAPURAM,Government,ENGINEERING AND TECHNOLOGY,"APJ Abdul Kalam Technological University, Kerala",UNDER GRADUATE,ELECTRONICS COMMUNICATION ENGG,60,3
725,1-9321023954,LBS INSTITUTE OF TECHNOLOGY FOR WOMEN,Kerala,THIRUVANANTHAPURAM,Government,ENGINEERING AND TECHNOLOGY,"APJ Abdul Kalam Technological University, Kerala",UNDER GRADUATE,INFORMATION TECHNOLOGY,60,3
726,1-9321023954,LBS INSTITUTE OF TECHNOLOGY FOR WOMEN,Kerala,THIRUVANANTHAPURAM,Government,ENGINEERING AND TECHNOLOGY,"APJ Abdul Kalam Technological University, Kerala",UNDER GRADUATE,CIVIL ENGINEERING,60,3
727,1-9321023954,LBS INSTITUTE OF TECHNOLOGY FOR WOMEN,Kerala,THIRUVANANTHAPURAM,Government,ENGINEERING AND TECHNOLOGY,"APJ Abdul Kalam Technological University, Kerala",POST GRADUATE,COMPUTER SCIENCE ENGINEERING,24,1
728,1-9321023954,LBS INSTITUTE OF TECHNOLOGY FOR WOMEN,Kerala,THIRUVANANTHAPURAM,Government,ENGINEERING AND TECHNOLOGY,"APJ Abdul Kalam Technological University, Kerala",POST GRADUATE,SIGNAL PROCESSING,24,1
729,1-9317618057,LOURDES MATHA COLLEGE OF SCIENCE AND TECHNOLOGY,Kerala,THIRUVANANTHAPURAM,Private-Self Financing,ENGINEERING AND TECHNOLOGY,"APJ Abdul Kalam Technological University, Kerala",UNDER GRADUATE,ELECTRONICS COMMUNICATION ENGG,60,3
730,1-9317618057,LOURDES MATHA COLLEGE OF SCIENCE AND TECHNOLOGY,Kerala,THIRUVANANTHAPURAM,Private-Self Financing,ENGINEERING AND TECHNOLOGY,"APJ Abdul Kalam Technological University, Kerala",UNDER GRADUATE,COMPUTER SCIENCE AND ENGINEERING,90,5
731,1-9317618057,LOURDES MATHA COLLEGE OF SCIENCE AND TECHNOLOGY,Kerala,THIRUVANANTHAPURAM,Private-Self Financing,ENGINEERING AND TECHNOLOGY,"APJ Abdul Kalam Technological University, Kerala",UNDER GRADUATE,ELECTRICAL AND ELECTRONICS ENGINEERING,30,2
732,1-9317618057,LOURDES MATHA COLLEGE OF SCIENCE AND TECHNOLOGY,Kerala,THIRUVANANTHAPURAM,Private-Self Financing,ENGINEERING AND TECHNOLOGY,"APJ Abdul Kalam Technological University, Kerala",UNDER GRADUATE,MECHANICAL ENGINEERING,90,5
733,1-9317618057,LOURDES MATHA COLLEGE OF SCIENCE AND TECHNOLOGY,Kerala,THIRUVANANTHAPURAM,Private-Self Financing,MANAGEMENT,"APJ Abdul Kalam Technological University, Kerala",POST GRADUATE,MBA,60,3
734,1-9317618057,LOURDES MATHA COLLEGE OF SCIENCE AND TECHNOLOGY,Kerala,THIRUVANANTHAPURAM,Private-Self Financing,ENGINEERING AND TECHNOLOGY,"APJ Abdul Kalam Technological University, Kerala",UNDER GRADUATE,CIVIL ENGINEERING,60,3
735,1-9322025253,M G COLLEGE OF ENGINEERING,Kerala,THIRUVANANTHAPURAM,Private-Self Financing,ENGINEERING AND TECHNOLOGY,"APJ Abdul Kalam Technological University, Kerala",UNDER GRADUATE,COMPUTER SCIENCE AND ENGINEERING,60,3
736,1-9322025253,M G COLLEGE OF ENGINEERING,Kerala,THIRUVANANTHAPURAM,Private-Self Financing,ENGINEERING AND TECHNOLOGY,"APJ Abdul Kalam Technological University, Kerala",UNDER GRADUATE,ELECTRICAL AND ELECTRONICS ENGINEERING,60,3
737,1-9322025253,M G COLLEGE OF ENGINEERING,Kerala,THIRUVANANTHAPURAM,Private-Self Financing,ENGINEERING AND TECHNOLOGY,"APJ Abdul Kalam Technological University, Kerala",UNDER GRADUATE,ELECTRONICS AND COMMUNICATIONS ENGINEERING,60,3
738,1-9323205288,M.DASAN INSTITUTE OF TECHNOLOGY,Kerala,KOZHIKODE,Private-Self Financing,ENGINEERING AND TECHNOLOGY,"APJ Abdul Kalam Technological University, Kerala",UNDER GRADUATE,MECHANICAL ENGINEERING,30,2
739,1-9323205288,M.DASAN INSTITUTE OF TECHNOLOGY,Kerala,KOZHIKODE,Private-Self Financing,ENGINEERING AND TECHNOLOGY,"APJ Abdul Kalam Technological University, Kerala",UNDER GRADUATE,CIVIL ENGINEERING,150,8
740,1-9323205288,M.DASAN INSTITUTE OF TECHNOLOGY,Kerala,KOZHIKODE,Private-Self Financing,ENGINEERING AND TECHNOLOGY,"APJ Abdul Kalam Technological University, Kerala",UNDER GRADUATE,COMPUTER SCIENCE ENGINEERING,60,3
741,1-9323205288,M.DASAN INSTITUTE OF TECHNOLOGY,Kerala,KOZHIKODE,Private-Self Financing,ENGINEERING AND TECHNOLOGY,"APJ Abdul Kalam Technological University, Kerala",UNDER GRADUATE,ELECTRONICS COMMUNICATION ENGG,30,2
742,1-9323205288,M.DASAN INSTITUTE OF TECHNOLOGY,Kerala,KOZHIKODE,Private-Self Financing,ENGINEERING AND TECHNOLOGY,"APJ Abdul Kalam Technological University, Kerala",UNDER GRADUATE,ELECTRICAL AND ELECTRONICS ENGINEERING,30,2
743,1-9320884329,MADIN POLYTECHNIC COLLEGE,Kerala,MALAPPURAM,Private-Self Financing,ENGINEERING AND TECHNOLOGY,"Board of Technical Examination, Kerala",DIPLOMA,CIVIL ENGINEERING,60,3
744,1-9320884329,MADIN POLYTECHNIC COLLEGE,Kerala,MALAPPURAM,Private-Self Financing,ENGINEERING AND TECHNOLOGY,"Board of Technical Examination, Kerala",DIPLOMA,MECHANICAL ENGINEERING,60,3
745,1-9320884329,MADIN POLYTECHNIC COLLEGE,Kerala,MALAPPURAM,Private-Self Financing,ENGINEERING AND TECHNOLOGY,"Board of Technical Examination, Kerala",DIPLOMA,COMPUTER ENGINEERING,60,3
746,1-9320884329,MADIN POLYTECHNIC COLLEGE,Kerala,MALAPPURAM,Private-Self Financing,ENGINEERING AND TECHNOLOGY,"Board of Technical Examination, Kerala",DIPLOMA,ELECTRICAL AND ELECTRONICS ENGINEERING,120,6
747,1-9320884329,MADIN POLYTECHNIC COLLEGE,Kerala,MALAPPURAM,Private-Self Financing,ENGINEERING AND TECHNOLOGY,"Board of Technical Examination, Kerala",DIPLOMA,AUTOMOBILE ENGINEERING,60,3
748,1-9320884329,MADIN POLYTECHNIC COLLEGE,Kerala,MALAPPURAM,Private-Self Financing,ENGINEERING AND TECHNOLOGY,"Board of Technical Examination, Kerala",DIPLOMA,ARCHITECTURE,60,3
749,1-9321027563,MAHAGURU INSTITUTE OF TECHNOLOGY,Kerala,ALAPPUZHA,Private-Self Financing,ENGINEERING AND TECHNOLOGY,"APJ Abdul Kalam Technological University, Kerala",UNDER GRADUATE,MECHANICAL ENGINEERING PRODUCTION,30,2
750,1-9321027563,MAHAGURU INSTITUTE OF TECHNOLOGY,Kerala,ALAPPUZHA,Private-Self Financing,ENGINEERING AND TECHNOLOGY,"APJ Abdul Kalam Technological University, Kerala",UNDER GRADUATE,MECHANICAL ENGINEERING,60,3
751,1-9321027563,MAHAGURU INSTITUTE OF TECHNOLOGY,Kerala,ALAPPUZHA,Private-Self Financing,ENGINEERING AND TECHNOLOGY,"APJ Abdul Kalam Technological University, Kerala",UNDER GRADUATE,COMPUTER SCIENCE ENGINEERING,60,3
752,1-9321027563,MAHAGURU INSTITUTE OF TECHNOLOGY,Kerala,ALAPPUZHA,Private-Self Financing,ENGINEERING AND TECHNOLOGY,"APJ Abdul Kalam Technological University, Kerala",UNDER GRADUATE,ELECTRONICS AND COMMUNICATIONS ENGINEERING,30,2
753,1-9321027563,MAHAGURU INSTITUTE OF TECHNOLOGY,Kerala,ALAPPUZHA,Private-Self Financing,ENGINEERING AND TECHNOLOGY,"APJ Abdul Kalam Technological University, Kerala",UNDER GRADUATE,ELECTRICAL AND ELECTRONICS ENGINEERING,30,2
754,1-9321027563,MAHAGURU INSTITUTE OF TECHNOLOGY,Kerala,ALAPPUZHA,Private-Self Financing,ENGINEERING AND TECHNOLOGY,"APJ Abdul Kalam Technological University, Kerala",UNDER GRADUATE,CIVIL ENGINEERING,60,3
755,1-9321027563,MAHAGURU INSTITUTE OF TECHNOLOGY,Kerala,ALAPPUZHA,Private-Self Financing,ENGINEERING AND TECHNOLOGY,"APJ Abdul Kalam Technological University, Kerala",UNDER GRADUATE,ARTIFICIAL INTELLIGENCE AND MACHINE LEARNING,30,2
756,1-9321158210,MALABAR COLLEGE OF ENGINEERING AND TECHNOLOGY,Kerala,THRISSUR,Private-Self Financing,ENGINEERING AND TECHNOLOGY,"APJ Abdul Kalam Technological University, Kerala",UNDER GRADUATE,MECHATRONICS,60,3
757,1-9321158210,MALABAR COLLEGE OF ENGINEERING AND TECHNOLOGY,Kerala,THRISSUR,Private-Self Financing,ENGINEERING AND TECHNOLOGY,"APJ Abdul Kalam Technological University, Kerala",UNDER GRADUATE,CIVIL ENGINEERING,60,3
758,1-9321158210,MALABAR COLLEGE OF ENGINEERING AND TECHNOLOGY,Kerala,THRISSUR,Private-Self Financing,ENGINEERING AND TECHNOLOGY,"APJ Abdul Kalam Technological University, Kerala",UNDER GRADUATE,MECHANICAL ENGINEERING,30,2
759,1-9321158210,MALABAR COLLEGE OF ENGINEERING AND TECHNOLOGY,Kerala,THRISSUR,Private-Self Financing,ENGINEERING AND TECHNOLOGY,"APJ Abdul Kalam Technological University, Kerala",UNDER GRADUATE,ELECTRONICS COMMUNICATION ENGG,30,2
760,1-9321158210,MALABAR COLLEGE OF ENGINEERING AND TECHNOLOGY,Kerala,THRISSUR,Private-Self Financing,ENGINEERING AND TECHNOLOGY,"APJ Abdul Kalam Technological University, Kerala",UNDER GRADUATE,COMPUTER SCIENCE AND ENGINEERING,60,3
761,1-9321158210,MALABAR COLLEGE OF ENGINEERING AND TECHNOLOGY,Kerala,THRISSUR,Private-Self Financing,ENGINEERING AND TECHNOLOGY,"APJ Abdul Kalam Technological University, Kerala",UNDER GRADUATE,AUTOMOBILE ENGINEERING,60,3
762,1-9321158210,MALABAR COLLEGE OF ENGINEERING AND TECHNOLOGY,Kerala,THRISSUR,Private-Self Financing,ENGINEERING AND TECHNOLOGY,"APJ Abdul Kalam Technological University, Kerala",UNDER GRADUATE,BIOMEDICAL AND ROBOTIC ENGINEERING,60,3
763,1-9321831306,MALABAR INSTITUTE OF TECHNOLOGY,Kerala,KANNUR,Private-Self Financing,ENGINEERING AND TECHNOLOGY,"APJ Abdul Kalam Technological University, Kerala",UNDER GRADUATE,CIVIL ENGINEERING,30,2
764,1-9321831306,MALABAR INSTITUTE OF TECHNOLOGY,Kerala,KANNUR,Private-Self Financing,ENGINEERING AND TECHNOLOGY,"APJ Abdul Kalam Technological University, Kerala",UNDER GRADUATE,ELECTRONICS AND COMMUNICATIONS ENGINEERING,30,2
765,1-9321831306,MALABAR INSTITUTE OF TECHNOLOGY,Kerala,KANNUR,Private-Self Financing,ENGINEERING AND TECHNOLOGY,"APJ Abdul Kalam Technological University, Kerala",UNDER GRADUATE,MECHANICAL ENGINEERING,60,3
766,1-9321831306,MALABAR INSTITUTE OF TECHNOLOGY,Kerala,KANNUR,Private-Self Financing,ENGINEERING AND TECHNOLOGY,"APJ Abdul Kalam Technological University, Kerala",UNDER GRADUATE,ELECTRICAL AND ELECTRONICS ENGINEERING,30,2
767,1-9321831306,MALABAR INSTITUTE OF TECHNOLOGY,Kerala,KANNUR,Private-Self Financing,ENGINEERING AND TECHNOLOGY,"APJ Abdul Kalam Technological University, Kerala",UNDER GRADUATE,COMPUTER SCIENCE ENGINEERING,30,2
768,1-9317775604,MANGALAM COLLEGE OF ENGINEERING,Kerala,KOTTAYAM,Private-Self Financing,ENGINEERING AND TECHNOLOGY,"APJ Abdul Kalam Technological University, Kerala",POST GRADUATE,STRUCTURAL ENGINEERING AND CONSTRUCTION MANAGEMENT,18,1
769,1-9317775604,MANGALAM COLLEGE OF ENGINEERING,Kerala,KOTTAYAM,Private-Self Financing,ENGINEERING AND TECHNOLOGY,"APJ Abdul Kalam Technological University, Kerala",UNDER GRADUATE,COMPUTER SCIENCE AND ENGINEERING,120,6
770,1-9317775604,MANGALAM COLLEGE OF ENGINEERING,Kerala,KOTTAYAM,Private-Self Financing,ENGINEERING AND TECHNOLOGY,"APJ Abdul Kalam Technological University, Kerala",UNDER GRADUATE,ELECTRONICS COMMUNICATION ENGG,60,3
771,1-9317775604,MANGALAM COLLEGE OF ENGINEERING,Kerala,KOTTAYAM,Private-Self Financing,ENGINEERING AND TECHNOLOGY,"APJ Abdul Kalam Technological University, Kerala",UNDER GRADUATE,ELECTRICAL AND ELECTRONICS ENGINEERING,30,2
772,1-9317775604,MANGALAM COLLEGE OF ENGINEERING,Kerala,KOTTAYAM,Private-Self Financing,ENGINEERING AND TECHNOLOGY,"APJ Abdul Kalam Technological University, Kerala",UNDER GRADUATE,MECHANICAL ENGINEERING,90,5
773,1-9317775604,MANGALAM COLLEGE OF ENGINEERING,Kerala,KOTTAYAM,Private-Self Financing,ENGINEERING AND TECHNOLOGY,"APJ Abdul Kalam Technological University, Kerala",UNDER GRADUATE,CIVIL ENGINEERING,90,5
774,1-9317775604,MANGALAM COLLEGE OF ENGINEERING,Kerala,KOTTAYAM,Private-Self Financing,MANAGEMENT,"APJ Abdul Kalam Technological University, Kerala",POST GRADUATE,MBA,180,9
775,1-9317775604,MANGALAM COLLEGE OF ENGINEERING,Kerala,KOTTAYAM,Private-Self Financing,ENGINEERING AND TECHNOLOGY,"APJ Abdul Kalam Technological University, Kerala",POST GRADUATE,INDUSTRIAL ENGINEERING AND MANAGEMENT,18,1
776,1-9317775604,MANGALAM COLLEGE OF ENGINEERING,Kerala,KOTTAYAM,Private-Self Financing,ENGINEERING AND TECHNOLOGY,"APJ Abdul Kalam Technological University, Kerala",POST GRADUATE,VLSI AND EMBEDDED SYSTEMS,9,0
777,1-9317775604,MANGALAM COLLEGE OF ENGINEERING,Kerala,KOTTAYAM,Private-Self Financing,ENGINEERING AND TECHNOLOGY,"APJ Abdul Kalam Technological University, Kerala",POST GRADUATE,POWER ELECTRONICS AND POWER SYSTEMS,18,1
778,1-9317775604,MANGALAM COLLEGE OF ENGINEERING,Kerala,KOTTAYAM,Private-Self Financing,ENGINEERING AND TECHNOLOGY,"APJ Abdul Kalam Technological University, Kerala",POST GRADUATE,COMPUTER SCIENCE AND ENGINEERING,18,1
779,1-9317775604,MANGALAM COLLEGE OF ENGINEERING,Kerala,KOTTAYAM,Private-Self Financing,ENGINEERING AND TECHNOLOGY,"APJ Abdul Kalam Technological University, Kerala",UNDER GRADUATE,CHEMICAL ENGINEERING,60,3
780,1-9317775604,MANGALAM COLLEGE OF ENGINEERING,Kerala,KOTTAYAM,Private-Self Financing,ENGINEERING AND TECHNOLOGY,"APJ Abdul Kalam Technological University, Kerala",UNDER GRADUATE,ARTIFICIAL INTELLIGENCE AND MACHINE LEARNING,30,2
781,1-9317775604,MANGALAM COLLEGE OF ENGINEERING,Kerala,KOTTAYAM,Private-Self Financing,ENGINEERING AND TECHNOLOGY,"Board of Technical Examination, Kerala",DIPLOMA,MECHANICAL ENGINEERING,60,3
782,1-9317775604,MANGALAM COLLEGE OF ENGINEERING,Kerala,KOTTAYAM,Private-Self Financing,ENGINEERING AND TECHNOLOGY,"Board of Technical Examination, Kerala",DIPLOMA,CIVIL ENGINEERING,60,3
783,1-9317775604,MANGALAM COLLEGE OF ENGINEERING,Kerala,KOTTAYAM,Private-Self Financing,ENGINEERING AND TECHNOLOGY,"Board of Technical Examination, Kerala",DIPLOMA,ELECTRICAL AND ELECTRONICS ENGINEERING,60,3
784,1-9317775604,MANGALAM COLLEGE OF ENGINEERING,Kerala,KOTTAYAM,Private-Self Financing,ENGINEERING AND TECHNOLOGY,"Board of Technical Examination, Kerala",DIPLOMA,COMPUTER ENGINEERING,60,3
785,1-9317775604,MANGALAM COLLEGE OF ENGINEERING,Kerala,KOTTAYAM,Private-Self Financing,ENGINEERING AND TECHNOLOGY,"Board of Technical Examination, Kerala",DIPLOMA,POLYMER TECHNOLOGY,60,3
786,1-9321412913,MAR BASELIOS CHRISTIAN COLLEGE OF ENGINEERING TECHNOLOGY,Kerala,IDUKKI,Private-Self Financing,ENGINEERING AND TECHNOLOGY,"APJ Abdul Kalam Technological University, Kerala",UNDER GRADUATE,COMPUTER SCIENCE AND ENGINEERING,60,3
787,1-9321412913,MAR BASELIOS CHRISTIAN COLLEGE OF ENGINEERING TECHNOLOGY,Kerala,IDUKKI,Private-Self Financing,ENGINEERING AND TECHNOLOGY,"APJ Abdul Kalam Technological University, Kerala",UNDER GRADUATE,MECHANICAL ENGINEERING,60,3
788,1-9321412913,MAR BASELIOS CHRISTIAN COLLEGE OF ENGINEERING TECHNOLOGY,Kerala,IDUKKI,Private-Self Financing,ENGINEERING AND TECHNOLOGY,"APJ Abdul Kalam Technological University, Kerala",UNDER GRADUATE,ELECTRONICS COMMUNICATION ENGG,60,3
789,1-9321412913,MAR BASELIOS CHRISTIAN COLLEGE OF ENGINEERING TECHNOLOGY,Kerala,IDUKKI,Private-Self Financing,ENGINEERING AND TECHNOLOGY,"APJ Abdul Kalam Technological University, Kerala",UNDER GRADUATE,CIVIL ENGINEERING,60,3
790,1-9321412913,MAR BASELIOS CHRISTIAN COLLEGE OF ENGINEERING TECHNOLOGY,Kerala,IDUKKI,Private-Self Financing,ENGINEERING AND TECHNOLOGY,"APJ Abdul Kalam Technological University, Kerala",UNDER GRADUATE,ELECTRICAL AND ELECTRONICS ENGINEERING,60,3
791,1-9318903895,MAR BASELIOS COLLEGE OF ENGINEERING AND TECHNOLOGY,Kerala,THIRUVANANTHAPURAM,Private-Self Financing,ENGINEERING AND TECHNOLOGY,"APJ Abdul Kalam Technological University, Kerala",UNDER GRADUATE,COMPUTER SCIENCE AND ENGINEERING,120,6
792,1-9318903895,MAR BASELIOS COLLEGE OF ENGINEERING AND TECHNOLOGY,Kerala,THIRUVANANTHAPURAM,Private-Self Financing,ENGINEERING AND TECHNOLOGY,"APJ Abdul Kalam Technological University, Kerala",UNDER GRADUATE,CIVIL ENGINEERING,120,6
793,1-9318903895,MAR BASELIOS COLLEGE OF ENGINEERING AND TECHNOLOGY,Kerala,THIRUVANANTHAPURAM,Private-Self Financing,ENGINEERING AND TECHNOLOGY,"APJ Abdul Kalam Technological University, Kerala",UNDER GRADUATE,ELECTRICAL AND ELECTRONICS ENGINEERING,120,6
794,1-9318903895,MAR BASELIOS COLLEGE OF ENGINEERING AND TECHNOLOGY,Kerala,THIRUVANANTHAPURAM,Private-Self Financing,ENGINEERING AND TECHNOLOGY,"APJ Abdul Kalam Technological University, Kerala",UNDER GRADUATE,MECHANICAL ENGINEERING,120,6
795,1-9318903895,MAR BASELIOS COLLEGE OF ENGINEERING AND TECHNOLOGY,Kerala,THIRUVANANTHAPURAM,Private-Self Financing,ENGINEERING AND TECHNOLOGY,"APJ Abdul Kalam Technological University, Kerala",UNDER GRADUATE,ELECTRONICS COMMUNICATION ENGG,120,6
796,1-9318903895,MAR BASELIOS COLLEGE OF ENGINEERING AND TECHNOLOGY,Kerala,THIRUVANANTHAPURAM,Private-Self Financing,ENGINEERING AND TECHNOLOGY,"APJ Abdul Kalam Technological University, Kerala",POST GRADUATE,POWER CONTROL AND DRIVES,18,1
797,1-9318903895,MAR BASELIOS COLLEGE OF ENGINEERING AND TECHNOLOGY,Kerala,THIRUVANANTHAPURAM,Private-Self Financing,ENGINEERING AND TECHNOLOGY,"APJ Abdul Kalam Technological University, Kerala",POST GRADUATE,TELECOMMUNICATION ENGINEERING,18,1
798,1-9318903895,MAR BASELIOS COLLEGE OF ENGINEERING AND TECHNOLOGY,Kerala,THIRUVANANTHAPURAM,Private-Self Financing,ENGINEERING AND TECHNOLOGY,"APJ Abdul Kalam Technological University, Kerala",POST GRADUATE,COMPUTER SCIENCE AND ENGINEERING,18,1
799,1-9318903895,MAR BASELIOS COLLEGE OF ENGINEERING AND TECHNOLOGY,Kerala,THIRUVANANTHAPURAM,Private-Self Financing,ENGINEERING AND TECHNOLOGY,"APJ Abdul Kalam Technological University, Kerala",POST GRADUATE,MACHINE DESIGN,18,1
800,1-9318903895,MAR BASELIOS COLLEGE OF ENGINEERING AND TECHNOLOGY,Kerala,THIRUVANANTHAPURAM,Private-Self Financing,ENGINEERING AND TECHNOLOGY,"APJ Abdul Kalam Technological University, Kerala",POST GRADUATE,STRUCTURAL ENGINEERING,18,1
801,1-9321167845,MAR BASELIOS INSTITUTE OF TECHNOLOGY AND SCIENCE,Kerala,ERNAKULAM,Private-Self Financing,ENGINEERING AND TECHNOLOGY,"APJ Abdul Kalam Technological University, Kerala",UNDER GRADUATE,CIVIL ENGINEERING,120,6
802,1-9321167845,MAR BASELIOS INSTITUTE OF TECHNOLOGY AND SCIENCE,Kerala,ERNAKULAM,Private-Self Financing,ENGINEERING AND TECHNOLOGY,"APJ Abdul Kalam Technological University, Kerala",UNDER GRADUATE,MECHANICAL ENGINEERING,120,6
803,1-9321167845,MAR BASELIOS INSTITUTE OF TECHNOLOGY AND SCIENCE,Kerala,ERNAKULAM,Private-Self Financing,ENGINEERING AND TECHNOLOGY,"APJ Abdul Kalam Technological University, Kerala",UNDER GRADUATE,ELECTRONICS COMMUNICATION ENGG,60,3
804,1-9321167845,MAR BASELIOS INSTITUTE OF TECHNOLOGY AND SCIENCE,Kerala,ERNAKULAM,Private-Self Financing,ENGINEERING AND TECHNOLOGY,"APJ Abdul Kalam Technological University, Kerala",UNDER GRADUATE,COMPUTER SCIENCE AND ENGINEERING,60,3
805,1-9321167845,MAR BASELIOS INSTITUTE OF TECHNOLOGY AND SCIENCE,Kerala,ERNAKULAM,Private-Self Financing,ENGINEERING AND TECHNOLOGY,"APJ Abdul Kalam Technological University, Kerala",UNDER GRADUATE,ELECTRICAL AND ELECTRONICS ENGINEERING,60,3
806,1-9322544542,MARIAN ENGINEERING COLLEGE,Kerala,THIRUVANANTHAPURAM,Private-Self Financing,ENGINEERING AND TECHNOLOGY,"APJ Abdul Kalam Technological University, Kerala",UNDER GRADUATE,CIVIL ENGINEERING,120,6
807,1-9322544542,MARIAN ENGINEERING COLLEGE,Kerala,THIRUVANANTHAPURAM,Private-Self Financing,ENGINEERING AND TECHNOLOGY,"APJ Abdul Kalam Technological University, Kerala",UNDER GRADUATE,COMPUTER SCIENCE AND ENGINEERING,120,6
808,1-9322544542,MARIAN ENGINEERING COLLEGE,Kerala,THIRUVANANTHAPURAM,Private-Self Financing,ENGINEERING AND TECHNOLOGY,"APJ Abdul Kalam Technological University, Kerala",UNDER GRADUATE,ELECTRONICS AND COMMUNICATIONS ENGINEERING,60,3
809,1-9322544542,MARIAN ENGINEERING COLLEGE,Kerala,THIRUVANANTHAPURAM,Private-Self Financing,ENGINEERING AND TECHNOLOGY,"APJ Abdul Kalam Technological University, Kerala",UNDER GRADUATE,MECHANICAL ENGINEERING,60,3
810,1-9322544542,MARIAN ENGINEERING COLLEGE,Kerala,THIRUVANANTHAPURAM,Private-Self Financing,ENGINEERING AND TECHNOLOGY,"APJ Abdul Kalam Technological University, Kerala",UNDER GRADUATE,ELECTRICAL AND ELECTRONICS ENGINEERING,30,2
811,1-9322544542,MARIAN ENGINEERING COLLEGE,Kerala,THIRUVANANTHAPURAM,Private-Self Financing,ENGINEERING AND TECHNOLOGY,"APJ Abdul Kalam Technological University, Kerala",POST GRADUATE,GEOTECHNICAL ENGINEERING,24,1
812,1-9323074498,MEA ENGINEERING COLLEGE PERINTHALMANNA,Kerala,MALAPPURAM,Private-Self Financing,ENGINEERING AND TECHNOLOGY,"APJ Abdul Kalam Technological University, Kerala",UNDER GRADUATE,COMPUTER SCIENCE AND ENGINEERING,90,5
813,1-9323074498,MEA ENGINEERING COLLEGE PERINTHALMANNA,Kerala,MALAPPURAM,Private-Self Financing,ENGINEERING AND TECHNOLOGY,"APJ Abdul Kalam Technological University, Kerala",UNDER GRADUATE,INFORMATION TECHNOLOGY,30,2
814,1-9323074498,MEA ENGINEERING COLLEGE PERINTHALMANNA,Kerala,MALAPPURAM,Private-Self Financing,ENGINEERING AND TECHNOLOGY,"APJ Abdul Kalam Technological University, Kerala",UNDER GRADUATE,ELECTRICAL AND ELECTRONICS ENGINEERING,30,2
815,1-9323074498,MEA ENGINEERING COLLEGE PERINTHALMANNA,Kerala,MALAPPURAM,Private-Self Financing,ENGINEERING AND TECHNOLOGY,"APJ Abdul Kalam Technological University, Kerala",UNDER GRADUATE,MECHANICAL ENGINEERING,60,3
816,1-9323074498,MEA ENGINEERING COLLEGE PERINTHALMANNA,Kerala,MALAPPURAM,Private-Self Financing,ENGINEERING AND TECHNOLOGY,"APJ Abdul Kalam Technological University, Kerala",UNDER GRADUATE,CIVIL ENGINEERING,90,5
817,1-9323074498,MEA ENGINEERING COLLEGE PERINTHALMANNA,Kerala,MALAPPURAM,Private-Self Financing,ENGINEERING AND TECHNOLOGY,"APJ Abdul Kalam Technological University, Kerala",UNDER GRADUATE,ARTIFICIAL INTELLIGENCE AND DATA SCIENCE,30,2
818,1-9323074498,MEA ENGINEERING COLLEGE PERINTHALMANNA,Kerala,MALAPPURAM,Private-Self Financing,ENGINEERING AND TECHNOLOGY,"APJ Abdul Kalam Technological University, Kerala",UNDER GRADUATE,ROBOTICS AND AUTOMATION,30,2
819,1-9747951501,MENTOR ACADEMY FOR DESIGN ENTREPRENEURSHIP INNOVATION AND TECHNOLOGY,Kerala,ERNAKULAM,Private-Self Financing,ENGINEERING AND TECHNOLOGY,"APJ Abdul Kalam Technological University, Kerala",UNDER GRADUATE,COMPUTER SCIENCE AND ENGINEERINGBLOCK CHAIN,60,3
820,1-9747951501,MENTOR ACADEMY FOR DESIGN ENTREPRENEURSHIP INNOVATION AND TECHNOLOGY,Kerala,ERNAKULAM,Private-Self Financing,ENGINEERING AND TECHNOLOGY,"APJ Abdul Kalam Technological University, Kerala",UNDER GRADUATE,COMPUTER SCIENCE AND ENGINEERING ARTIFICIAL INTELLIGENCE AND MACHINE LEARNING,120,6
821,1-9747951501,MENTOR ACADEMY FOR DESIGN ENTREPRENEURSHIP INNOVATION AND TECHNOLOGY,Kerala,ERNAKULAM,Private-Self Financing,ENGINEERING AND TECHNOLOGY,"APJ Abdul Kalam Technological University, Kerala",UNDER GRADUATE,COMPUTER SCIENCE ENGINEERING,120,6
822,1-9747951501,MENTOR ACADEMY FOR DESIGN ENTREPRENEURSHIP INNOVATION AND TECHNOLOGY,Kerala,ERNAKULAM,Private-Self Financing,ENGINEERING AND TECHNOLOGY,"APJ Abdul Kalam Technological University, Kerala",UNDER GRADUATE,COMPUTER SCIENCE AND ENGINEERING ARTIFICIAL INTELLIGENCE AND DATA SCIENCE,120,6
823,1-9747951501,MENTOR ACADEMY FOR DESIGN ENTREPRENEURSHIP INNOVATION AND TECHNOLOGY,Kerala,ERNAKULAM,Private-Self Financing,ENGINEERING AND TECHNOLOGY,"APJ Abdul Kalam Technological University, Kerala",UNDER GRADUATE,COMPUTER SCIENCE AND ENGINEERING IOT,30,2
824,1-9747951501,MENTOR ACADEMY FOR DESIGN ENTREPRENEURSHIP INNOVATION AND TECHNOLOGY,Kerala,ERNAKULAM,Private-Self Financing,ENGINEERING AND TECHNOLOGY,"APJ Abdul Kalam Technological University, Kerala",UNDER GRADUATE,COMPUTER SCIENCE AND ENGINEERING CYBER SECURITY,30,2
825,1-9320954358,MES COLLEGE OF ENGINEERING TECHNOLOGY,Kerala,ERNAKULAM,Private-Self Financing,ENGINEERING AND TECHNOLOGY,"APJ Abdul Kalam Technological University, Kerala",UNDER GRADUATE,ELECTRONICS COMMUNICATION ENGG,30,2
826,1-9320954358,MES COLLEGE OF ENGINEERING TECHNOLOGY,Kerala,ERNAKULAM,Private-Self Financing,ENGINEERING AND TECHNOLOGY,"APJ Abdul Kalam Technological University, Kerala",UNDER GRADUATE,MECHANICAL ENGINEERING,30,2
827,1-9320954358,MES COLLEGE OF ENGINEERING TECHNOLOGY,Kerala,ERNAKULAM,Private-Self Financing,ENGINEERING AND TECHNOLOGY,"APJ Abdul Kalam Technological University, Kerala",UNDER GRADUATE,COMPUTER SCIENCE AND ENGINEERING,60,3
828,1-9320954358,MES COLLEGE OF ENGINEERING TECHNOLOGY,Kerala,ERNAKULAM,Private-Self Financing,ENGINEERING AND TECHNOLOGY,"APJ Abdul Kalam Technological University, Kerala",UNDER GRADUATE,CIVIL ENGINEERING,60,3
829,1-9322660862,MES COLLEGE OF ENGINEERING KUTTIPURAM,Kerala,MALAPPURAM,Private-Self Financing,ENGINEERING AND TECHNOLOGY,"APJ Abdul Kalam Technological University, Kerala",UNDER GRADUATE,COMPUTER SCIENCE AND ENGINEERING,120,6
830,1-9322660862,MES COLLEGE OF ENGINEERING KUTTIPURAM,Kerala,MALAPPURAM,Private-Self Financing,ENGINEERING AND TECHNOLOGY,"APJ Abdul Kalam Technological University, Kerala",UNDER GRADUATE,ELECTRONICS COMMUNICATION ENGG,60,3
831,1-9322660862,MES COLLEGE OF ENGINEERING KUTTIPURAM,Kerala,MALAPPURAM,Private-Self Financing,ENGINEERING AND TECHNOLOGY,"APJ Abdul Kalam Technological University, Kerala",UNDER GRADUATE,MECHANICAL ENGINEERING,60,3
832,1-9322660862,MES COLLEGE OF ENGINEERING KUTTIPURAM,Kerala,MALAPPURAM,Private-Self Financing,ENGINEERING AND TECHNOLOGY,"APJ Abdul Kalam Technological University, Kerala",UNDER GRADUATE,ELECTRICAL AND ELECTRONICS ENGINEERING,60,3
833,1-9322660862,MES COLLEGE OF ENGINEERING KUTTIPURAM,Kerala,MALAPPURAM,Private-Self Financing,ENGINEERING AND TECHNOLOGY,"APJ Abdul Kalam Technological University, Kerala",UNDER GRADUATE,INFORMATION TECHNOLOGY,30,2
834,1-9322660862,MES COLLEGE OF ENGINEERING KUTTIPURAM,Kerala,MALAPPURAM,Private-Self Financing,ENGINEERING AND TECHNOLOGY,"APJ Abdul Kalam Technological University, Kerala",UNDER GRADUATE,CIVIL ENGINEERING,60,3
835,1-9322660862,MES COLLEGE OF ENGINEERING KUTTIPURAM,Kerala,MALAPPURAM,Private-Self Financing,COMPUTER APPLICATIONS,"APJ Abdul Kalam Technological University, Kerala",POST GRADUATE,MASTERS IN COMPUTER APPLICATIONS,60,3
836,1-9322660862,MES COLLEGE OF ENGINEERING KUTTIPURAM,Kerala,MALAPPURAM,Private-Self Financing,MANAGEMENT,"APJ Abdul Kalam Technological University, Kerala",POST GRADUATE,MBA,60,3
837,1-9322660862,MES COLLEGE OF ENGINEERING KUTTIPURAM,Kerala,MALAPPURAM,Private-Self Financing,PLANNING,"APJ Abdul Kalam Technological University, Kerala",UNDER GRADUATE,ARCHITECTURE,40,2
838,1-9322660862,MES COLLEGE OF ENGINEERING KUTTIPURAM,Kerala,MALAPPURAM,Private-Self Financing,ENGINEERING AND TECHNOLOGY,"APJ Abdul Kalam Technological University, Kerala",UNDER GRADUATE,ARTIFICIAL INTELLIGENCE AND DATA SCIENCE,60,3
839,1-9320782499,MES INSTITUTE OF TECHNOLOGY MANAGEMENT,Kerala,KOLLAM,Private-Self Financing,ENGINEERING AND TECHNOLOGY,"APJ Abdul Kalam Technological University, Kerala",UNDER GRADUATE,ELECTRONICS COMMUNICATION ENGG,30,2
840,1-9320782499,MES INSTITUTE OF TECHNOLOGY MANAGEMENT,Kerala,KOLLAM,Private-Self Financing,ENGINEERING AND TECHNOLOGY,"APJ Abdul Kalam Technological University, Kerala",UNDER GRADUATE,CIVIL ENGINEERING,54,3
841,1-9320782499,MES INSTITUTE OF TECHNOLOGY MANAGEMENT,Kerala,KOLLAM,Private-Self Financing,ENGINEERING AND TECHNOLOGY,"APJ Abdul Kalam Technological University, Kerala",UNDER GRADUATE,ELECTRICAL AND ELECTRONICS ENGINEERING,30,2
842,1-9320782499,MES INSTITUTE OF TECHNOLOGY MANAGEMENT,Kerala,KOLLAM,Private-Self Financing,ENGINEERING AND TECHNOLOGY,"APJ Abdul Kalam Technological University, Kerala",UNDER GRADUATE,COMPUTER SCIENCE AND ENGINEERING,54,3
843,1-9320782499,MES INSTITUTE OF TECHNOLOGY MANAGEMENT,Kerala,KOLLAM,Private-Self Financing,ENGINEERING AND TECHNOLOGY,"APJ Abdul Kalam Technological University, Kerala",UNDER GRADUATE,MECHANICAL ENGINEERING,54,3
844,1-9320859025,METS SCHOOL OF ENGINEERING MALA,Kerala,THRISSUR,Private-Self Financing,ENGINEERING AND TECHNOLOGY,"APJ Abdul Kalam Technological University, Kerala",POST GRADUATE,CYBER SECURITY,9,0
845,1-9320859025,METS SCHOOL OF ENGINEERING MALA,Kerala,THRISSUR,Private-Self Financing,ENGINEERING AND TECHNOLOGY,"APJ Abdul Kalam Technological University, Kerala",UNDER GRADUATE,BIOTECHNOLOGY,30,2
846,1-9320859025,METS SCHOOL OF ENGINEERING MALA,Kerala,THRISSUR,Private-Self Financing,ENGINEERING AND TECHNOLOGY,"APJ Abdul Kalam Technological University, Kerala",UNDER GRADUATE,MECHANICAL ENGINEERING,30,2
847,1-9320859025,METS SCHOOL OF ENGINEERING MALA,Kerala,THRISSUR,Private-Self Financing,ENGINEERING AND TECHNOLOGY,"APJ Abdul Kalam Technological University, Kerala",UNDER GRADUATE,COMPUTER SCIENCE ENGINEERING,30,2
848,1-9320859025,METS SCHOOL OF ENGINEERING MALA,Kerala,THRISSUR,Private-Self Financing,ENGINEERING AND TECHNOLOGY,"APJ Abdul Kalam Technological University, Kerala",UNDER GRADUATE,CIVIL ENGINEERING,30,2
849,1-9320859025,METS SCHOOL OF ENGINEERING MALA,Kerala,THRISSUR,Private-Self Financing,ENGINEERING AND TECHNOLOGY,"APJ Abdul Kalam Technological University, Kerala",POST GRADUATE,BIOTECHNOLOGY,9,0
850,1-9320859025,METS SCHOOL OF ENGINEERING MALA,Kerala,THRISSUR,Private-Self Financing,ENGINEERING AND TECHNOLOGY,"Board of Technical Examination, Kerala",DIPLOMA,ARCHITECTURE,60,3
851,1-9320859025,METS SCHOOL OF ENGINEERING MALA,Kerala,THRISSUR,Private-Self Financing,ENGINEERING AND TECHNOLOGY,"Board of Technical Examination, Kerala",DIPLOMA,COMMERCIAL PRACTICE,60,3
852,1-9320859025,METS SCHOOL OF ENGINEERING MALA,Kerala,THRISSUR,Private-Self Financing,ENGINEERING AND TECHNOLOGY,"Board of Technical Examination, Kerala",DIPLOMA,MECHANICAL ENGINEERING,60,3
853,1-9320859025,METS SCHOOL OF ENGINEERING MALA,Kerala,THRISSUR,Private-Self Financing,ENGINEERING AND TECHNOLOGY,"Board of Technical Examination, Kerala",DIPLOMA,ELECTRICAL AND ELECTRONICS ENGINEERING,60,3
854,1-9320859025,METS SCHOOL OF ENGINEERING MALA,Kerala,THRISSUR,Private-Self Financing,ENGINEERING AND TECHNOLOGY,"Board of Technical Examination, Kerala",DIPLOMA,COMPUTER ENGINEERING,60,3
855,1-9320859025,METS SCHOOL OF ENGINEERING MALA,Kerala,THRISSUR,Private-Self Financing,ENGINEERING AND TECHNOLOGY,"APJ Abdul Kalam Technological University, Kerala",UNDER GRADUATE,ARTIFICIAL INTELLIGENCE AND DATA SCIENCE,30,2
856,1-9320859025,METS SCHOOL OF ENGINEERING MALA,Kerala,THRISSUR,Private-Self Financing,ENGINEERING AND TECHNOLOGY,"APJ Abdul Kalam Technological University, Kerala",UNDER GRADUATE,ROBOTICS AND AUTOMATION,30,2
857,1-9320859025,METS SCHOOL OF ENGINEERING MALA,Kerala,THRISSUR,Private-Self Financing,ENGINEERING AND TECHNOLOGY,"APJ Abdul Kalam Technological University, Kerala",POST GRADUATE,COMPUTER SCIENCE ENGINEERING BIG DATA ANALYTICS,18,1
858,1-9317642122,MGM COLLEGE OF ENGINEERING AND TECHNOLOGY,Kerala,ERNAKULAM,Private-Self Financing,ENGINEERING AND TECHNOLOGY,"APJ Abdul Kalam Technological University, Kerala",UNDER GRADUATE,CIVIL ENGINEERING,60,3
859,1-9317642122,MGM COLLEGE OF ENGINEERING AND TECHNOLOGY,Kerala,ERNAKULAM,Private-Self Financing,ENGINEERING AND TECHNOLOGY,"APJ Abdul Kalam Technological University, Kerala",UNDER GRADUATE,COMPUTER SCIENCE AND ENGINEERING,60,3
860,1-9317642122,MGM COLLEGE OF ENGINEERING AND TECHNOLOGY,Kerala,ERNAKULAM,Private-Self Financing,ENGINEERING AND TECHNOLOGY,"APJ Abdul Kalam Technological University, Kerala",UNDER GRADUATE,ELECTRICAL AND ELECTRONICS ENGINEERING,30,2
861,1-9317642122,MGM COLLEGE OF ENGINEERING AND TECHNOLOGY,Kerala,ERNAKULAM,Private-Self Financing,ENGINEERING AND TECHNOLOGY,"APJ Abdul Kalam Technological University, Kerala",UNDER GRADUATE,ELECTRONICS COMMUNICATION ENGG,30,2
862,1-9317642122,MGM COLLEGE OF ENGINEERING AND TECHNOLOGY,Kerala,ERNAKULAM,Private-Self Financing,ENGINEERING AND TECHNOLOGY,"APJ Abdul Kalam Technological University, Kerala",UNDER GRADUATE,MECHANICAL ENGINEERING,30,2
863,1-9321090017,MGM COLLEGE OF ENGINEERING AND PHARMACEUTICAL SCIENCES,Kerala,MALAPPURAM,Private-Self Financing,ENGINEERING AND TECHNOLOGY,"APJ Abdul Kalam Technological University, Kerala",UNDER GRADUATE,MECHATRONICS,30,2
864,1-9321090017,MGM COLLEGE OF ENGINEERING AND PHARMACEUTICAL SCIENCES,Kerala,MALAPPURAM,Private-Self Financing,ENGINEERING AND TECHNOLOGY,"APJ Abdul Kalam Technological University, Kerala",UNDER GRADUATE,CHEMICAL ENGINEERING,60,3
865,1-9321090017,MGM COLLEGE OF ENGINEERING AND PHARMACEUTICAL SCIENCES,Kerala,MALAPPURAM,Private-Self Financing,ENGINEERING AND TECHNOLOGY,"APJ Abdul Kalam Technological University, Kerala",UNDER GRADUATE,MECHANICAL ENGINEERING,30,2
866,1-9321090017,MGM COLLEGE OF ENGINEERING AND PHARMACEUTICAL SCIENCES,Kerala,MALAPPURAM,Private-Self Financing,ENGINEERING AND TECHNOLOGY,"APJ Abdul Kalam Technological University, Kerala",UNDER GRADUATE,COMPUTER SCIENCE ENGINEERING,60,3
867,1-9321090017,MGM COLLEGE OF ENGINEERING AND PHARMACEUTICAL SCIENCES,Kerala,MALAPPURAM,Private-Self Financing,ENGINEERING AND TECHNOLOGY,"APJ Abdul Kalam Technological University, Kerala",UNDER GRADUATE,CIVIL ENGINEERING,60,3
868,1-9321090017,MGM COLLEGE OF ENGINEERING AND PHARMACEUTICAL SCIENCES,Kerala,MALAPPURAM,Private-Self Financing,ENGINEERING AND TECHNOLOGY,"APJ Abdul Kalam Technological University, Kerala",UNDER GRADUATE,ELECTRICAL AND ELECTRONICS ENGINEERING,30,2
869,1-9321090017,MGM COLLEGE OF ENGINEERING AND PHARMACEUTICAL SCIENCES,Kerala,MALAPPURAM,Private-Self Financing,ENGINEERING AND TECHNOLOGY,"APJ Abdul Kalam Technological University, Kerala",UNDER GRADUATE,ELECTRONICS AND COMMUNICATIONS ENGINEERING,30,2
870,1-9322978255,MODEL ENGINEERING COLLEGE,Kerala,ERNAKULAM,Government,ENGINEERING AND TECHNOLOGY,"APJ Abdul Kalam Technological University, Kerala",UNDER GRADUATE,COMPUTER SCIENCE AND ENGINEERING,120,6
871,1-9322978255,MODEL ENGINEERING COLLEGE,Kerala,ERNAKULAM,Government,ENGINEERING AND TECHNOLOGY,"APJ Abdul Kalam Technological University, Kerala",UNDER GRADUATE,ELECTRONICS AND BIOMEDICAL ENGINEERING,60,3
872,1-9322978255,MODEL ENGINEERING COLLEGE,Kerala,ERNAKULAM,Government,ENGINEERING AND TECHNOLOGY,"APJ Abdul Kalam Technological University, Kerala",UNDER GRADUATE,ELECTRICAL AND ELECTRONICS ENGINEERING,60,3
873,1-9322978255,MODEL ENGINEERING COLLEGE,Kerala,ERNAKULAM,Government,ENGINEERING AND TECHNOLOGY,"APJ Abdul Kalam Technological University, Kerala",UNDER GRADUATE,ELECTRONICS COMMUNICATION ENGG,120,6
874,1-9322978255,MODEL ENGINEERING COLLEGE,Kerala,ERNAKULAM,Government,ENGINEERING AND TECHNOLOGY,"APJ Abdul Kalam Technological University, Kerala",UNDER GRADUATE,MECHANICAL ENGINEERING,60,3
875,1-9317730473,MOHANDAS COLLEGE OF ENGINEERING AND TECHNOLOGY,Kerala,THIRUVANANTHAPURAM,Private-Self Financing,ENGINEERING AND TECHNOLOGY,"APJ Abdul Kalam Technological University, Kerala",UNDER GRADUATE,ELECTRICAL AND ELECTRONICS ENGINEERING,60,3
876,1-9317730473,MOHANDAS COLLEGE OF ENGINEERING AND TECHNOLOGY,Kerala,THIRUVANANTHAPURAM,Private-Self Financing,ENGINEERING AND TECHNOLOGY,"APJ Abdul Kalam Technological University, Kerala",UNDER GRADUATE,ELECTRONICS COMMUNICATION ENGG,60,3
877,1-9317730473,MOHANDAS COLLEGE OF ENGINEERING AND TECHNOLOGY,Kerala,THIRUVANANTHAPURAM,Private-Self Financing,ENGINEERING AND TECHNOLOGY,"APJ Abdul Kalam Technological University, Kerala",UNDER GRADUATE,MECHANICAL ENGINEERING,60,3
878,1-9317730473,MOHANDAS COLLEGE OF ENGINEERING AND TECHNOLOGY,Kerala,THIRUVANANTHAPURAM,Private-Self Financing,ENGINEERING AND TECHNOLOGY,"APJ Abdul Kalam Technological University, Kerala",UNDER GRADUATE,CIVIL ENGINEERING,60,3
879,1-9317730473,MOHANDAS COLLEGE OF ENGINEERING AND TECHNOLOGY,Kerala,THIRUVANANTHAPURAM,Private-Self Financing,ENGINEERING AND TECHNOLOGY,"APJ Abdul Kalam Technological University, Kerala",UNDER GRADUATE,COMPUTER SCIENCE AND ENGINEERING,60,3
880,1-9317730473,MOHANDAS COLLEGE OF ENGINEERING AND TECHNOLOGY,Kerala,THIRUVANANTHAPURAM,Private-Self Financing,ENGINEERING AND TECHNOLOGY,"APJ Abdul Kalam Technological University, Kerala",UNDER GRADUATE,BIOTECHNOLOGY AND BIOCHEMICAL ENGINEERING,60,3
881,1-9321435928,MOUNT ZION COLLEGE OF ENGINEERING,Kerala,PATHANAMTHITTA,Private-Self Financing,ENGINEERING AND TECHNOLOGY,"APJ Abdul Kalam Technological University, Kerala",UNDER GRADUATE,CIVIL ENGINEERING,60,3
882,1-9321435928,MOUNT ZION COLLEGE OF ENGINEERING,Kerala,PATHANAMTHITTA,Private-Self Financing,ENGINEERING AND TECHNOLOGY,"APJ Abdul Kalam Technological University, Kerala",UNDER GRADUATE,MECHANICAL ENGINEERING,30,2
883,1-9321435928,MOUNT ZION COLLEGE OF ENGINEERING,Kerala,PATHANAMTHITTA,Private-Self Financing,ENGINEERING AND TECHNOLOGY,"APJ Abdul Kalam Technological University, Kerala",UNDER GRADUATE,COMPUTER SCIENCE AND ENGINEERING,60,3
884,1-9321435928,MOUNT ZION COLLEGE OF ENGINEERING,Kerala,PATHANAMTHITTA,Private-Self Financing,ENGINEERING AND TECHNOLOGY,"APJ Abdul Kalam Technological University, Kerala",UNDER GRADUATE,ELECTRONICS COMMUNICATION ENGG,30,2
885,1-9321435928,MOUNT ZION COLLEGE OF ENGINEERING,Kerala,PATHANAMTHITTA,Private-Self Financing,ENGINEERING AND TECHNOLOGY,"APJ Abdul Kalam Technological University, Kerala",UNDER GRADUATE,AERONAUTICAL ENGINEERING,30,2
886,1-9321435928,MOUNT ZION COLLEGE OF ENGINEERING,Kerala,PATHANAMTHITTA,Private-Self Financing,ENGINEERING AND TECHNOLOGY,"APJ Abdul Kalam Technological University, Kerala",UNDER GRADUATE,APPLIED ELECTRONICS AND INSTRUMENTATION ENGINEERING,30,2
887,1-9321487920,MOUNT ZION INSTITUTE OF SCIENCE AND TECHNOLOGY,Kerala,ALAPPUZHA,Private-Self Financing,ENGINEERING AND TECHNOLOGY,"APJ Abdul Kalam Technological University, Kerala",UNDER GRADUATE,CIVIL ENGINEERING,60,3
888,1-9321487920,MOUNT ZION INSTITUTE OF SCIENCE AND TECHNOLOGY,Kerala,ALAPPUZHA,Private-Self Financing,ENGINEERING AND TECHNOLOGY,"APJ Abdul Kalam Technological University, Kerala",UNDER GRADUATE,COMPUTER SCIENCE AND ENGINEERING,30,2
889,1-9321487920,MOUNT ZION INSTITUTE OF SCIENCE AND TECHNOLOGY,Kerala,ALAPPUZHA,Private-Self Financing,ENGINEERING AND TECHNOLOGY,"APJ Abdul Kalam Technological University, Kerala",UNDER GRADUATE,MECHANICAL ENGINEERING,60,3
890,1-9320790592,MUSALIAR COLLEGE OF ENGINEERING,Kerala,THIRUVANANTHAPURAM,Private-Self Financing,ENGINEERING AND TECHNOLOGY,"APJ Abdul Kalam Technological University, Kerala",UNDER GRADUATE,CIVIL ENGINEERING,60,3
891,1-9320790592,MUSALIAR COLLEGE OF ENGINEERING,Kerala,THIRUVANANTHAPURAM,Private-Self Financing,ENGINEERING AND TECHNOLOGY,"APJ Abdul Kalam Technological University, Kerala",UNDER GRADUATE,MECHANICAL ENGINEERING,30,2
892,1-9320790592,MUSALIAR COLLEGE OF ENGINEERING,Kerala,THIRUVANANTHAPURAM,Private-Self Financing,ENGINEERING AND TECHNOLOGY,"APJ Abdul Kalam Technological University, Kerala",UNDER GRADUATE,ELECTRONICS COMMUNICATION ENGG,30,2
893,1-9320790592,MUSALIAR COLLEGE OF ENGINEERING,Kerala,THIRUVANANTHAPURAM,Private-Self Financing,ENGINEERING AND TECHNOLOGY,"APJ Abdul Kalam Technological University, Kerala",UNDER GRADUATE,COMPUTER SCIENCE ENGINEERING,60,3
894,1-9320790592,MUSALIAR COLLEGE OF ENGINEERING,Kerala,THIRUVANANTHAPURAM,Private-Self Financing,ENGINEERING AND TECHNOLOGY,"APJ Abdul Kalam Technological University, Kerala",UNDER GRADUATE,FOOD TECHNOLOGY,60,3
895,1-9320790592,MUSALIAR COLLEGE OF ENGINEERING,Kerala,THIRUVANANTHAPURAM,Private-Self Financing,ENGINEERING AND TECHNOLOGY,"APJ Abdul Kalam Technological University, Kerala",UNDER GRADUATE,BIOMEDICAL ENGINEERING,60,3
896,1-9322992174,MUSALIAR COLLEGE OF ENGINEERING AND TECHNOLOGY PATHANAMTHITTA,Kerala,PATHANAMTHITTA,Private-Self Financing,COMPUTER APPLICATIONS,"APJ Abdul Kalam Technological University, Kerala",POST GRADUATE,MASTER OF COMPUTER APPLICATIONS,60,3
897,1-9322992174,MUSALIAR COLLEGE OF ENGINEERING AND TECHNOLOGY PATHANAMTHITTA,Kerala,PATHANAMTHITTA,Private-Self Financing,ENGINEERING AND TECHNOLOGY,"APJ Abdul Kalam Technological University, Kerala",UNDER GRADUATE,ELECTRICAL AND ELECTRONICS ENGINEERING,30,2
898,1-9322992174,MUSALIAR COLLEGE OF ENGINEERING AND TECHNOLOGY PATHANAMTHITTA,Kerala,PATHANAMTHITTA,Private-Self Financing,ENGINEERING AND TECHNOLOGY,"APJ Abdul Kalam Technological University, Kerala",UNDER GRADUATE,ELECTRONICS COMMUNICATION ENGG,30,2
899,1-9322992174,MUSALIAR COLLEGE OF ENGINEERING AND TECHNOLOGY PATHANAMTHITTA,Kerala,PATHANAMTHITTA,Private-Self Financing,ENGINEERING AND TECHNOLOGY,"APJ Abdul Kalam Technological University, Kerala",UNDER GRADUATE,COMPUTER SCIENCE AND ENGINEERING,60,3
900,1-9322992174,MUSALIAR COLLEGE OF ENGINEERING AND TECHNOLOGY PATHANAMTHITTA,Kerala,PATHANAMTHITTA,Private-Self Financing,MANAGEMENT,"APJ Abdul Kalam Technological University, Kerala",POST GRADUATE,MBA,60,3
901,1-9322992174,MUSALIAR COLLEGE OF ENGINEERING AND TECHNOLOGY PATHANAMTHITTA,Kerala,PATHANAMTHITTA,Private-Self Financing,ENGINEERING AND TECHNOLOGY,"APJ Abdul Kalam Technological University, Kerala",UNDER GRADUATE,CIVIL ENGINEERING,60,3
902,1-9322992174,MUSALIAR COLLEGE OF ENGINEERING AND TECHNOLOGY PATHANAMTHITTA,Kerala,PATHANAMTHITTA,Private-Self Financing,ENGINEERING AND TECHNOLOGY,"APJ Abdul Kalam Technological University, Kerala",UNDER GRADUATE,MECHANICAL ENGINEERING,60,3
903,1-9322992174,MUSALIAR COLLEGE OF ENGINEERING AND TECHNOLOGY PATHANAMTHITTA,Kerala,PATHANAMTHITTA,Private-Self Financing,ENGINEERING AND TECHNOLOGY,"APJ Abdul Kalam Technological University, Kerala",POST GRADUATE,VLSI AND EMBEDDED SYSTEMS DESIGN,12,1
904,1-9322992174,MUSALIAR COLLEGE OF ENGINEERING AND TECHNOLOGY PATHANAMTHITTA,Kerala,PATHANAMTHITTA,Private-Self Financing,ENGINEERING AND TECHNOLOGY,"APJ Abdul Kalam Technological University, Kerala",POST GRADUATE,COMPUTER SCIENCE AND ENGINEERING,12,1
905,1-9321831644,MUSLIM ASSOCIATION COLLEGE OF ENGINEERING,Kerala,THIRUVANANTHAPURAM,Private-Self Financing,ENGINEERING AND TECHNOLOGY,"APJ Abdul Kalam Technological University, Kerala",UNDER GRADUATE,ELECTRICAL AND ELECTRONICS ENGINEERING,30,2
906,1-9321831644,MUSLIM ASSOCIATION COLLEGE OF ENGINEERING,Kerala,THIRUVANANTHAPURAM,Private-Self Financing,ENGINEERING AND TECHNOLOGY,"APJ Abdul Kalam Technological University, Kerala",UNDER GRADUATE,ELECTRONICS COMMUNICATION ENGG,30,2
907,1-9321831644,MUSLIM ASSOCIATION COLLEGE OF ENGINEERING,Kerala,THIRUVANANTHAPURAM,Private-Self Financing,ENGINEERING AND TECHNOLOGY,"APJ Abdul Kalam Technological University, Kerala",UNDER GRADUATE,MECHANICAL ENGINEERING,60,3
908,1-9321831644,MUSLIM ASSOCIATION COLLEGE OF ENGINEERING,Kerala,THIRUVANANTHAPURAM,Private-Self Financing,ENGINEERING AND TECHNOLOGY,"APJ Abdul Kalam Technological University, Kerala",UNDER GRADUATE,COMPUTER SCIENCE AND ENGINEERING,60,3
909,1-9321831644,MUSLIM ASSOCIATION COLLEGE OF ENGINEERING,Kerala,THIRUVANANTHAPURAM,Private-Self Financing,ENGINEERING AND TECHNOLOGY,"APJ Abdul Kalam Technological University, Kerala",UNDER GRADUATE,CIVIL ENGINEERING,60,3
910,1-9321831644,MUSLIM ASSOCIATION COLLEGE OF ENGINEERING,Kerala,THIRUVANANTHAPURAM,Private-Self Financing,ENGINEERING AND TECHNOLOGY,Directorate of Technical Education,DIPLOMA,CIVIL ENGINEERING,60,3
911,1-9321831644,MUSLIM ASSOCIATION COLLEGE OF ENGINEERING,Kerala,THIRUVANANTHAPURAM,Private-Self Financing,ENGINEERING AND TECHNOLOGY,Directorate of Technical Education,DIPLOMA,COMPUTER SCIENCE AND ENGINEERING,60,3
912,1-9321831644,MUSLIM ASSOCIATION COLLEGE OF ENGINEERING,Kerala,THIRUVANANTHAPURAM,Private-Self Financing,ENGINEERING AND TECHNOLOGY,Directorate of Technical Education,DIPLOMA,MECHANICAL ENGINEERING,60,3
913,1-9319634415,MUTHOOT INSTITUTE OF TECHNOLOGY AND SCIENCE,Kerala,ERNAKULAM,Private-Self Financing,ENGINEERING AND TECHNOLOGY,"APJ Abdul Kalam Technological University, Kerala",UNDER GRADUATE,CIVIL ENGINEERING,60,3
914,1-9319634415,MUTHOOT INSTITUTE OF TECHNOLOGY AND SCIENCE,Kerala,ERNAKULAM,Private-Self Financing,ENGINEERING AND TECHNOLOGY,"APJ Abdul Kalam Technological University, Kerala",UNDER GRADUATE,MECHANICAL ENGINEERING,60,3
915,1-9319634415,MUTHOOT INSTITUTE OF TECHNOLOGY AND SCIENCE,Kerala,ERNAKULAM,Private-Self Financing,ENGINEERING AND TECHNOLOGY,"APJ Abdul Kalam Technological University, Kerala",UNDER GRADUATE,ELECTRONICS AND COMMUNICATIONS ENGINEERING,60,3
916,1-9319634415,MUTHOOT INSTITUTE OF TECHNOLOGY AND SCIENCE,Kerala,ERNAKULAM,Private-Self Financing,ENGINEERING AND TECHNOLOGY,"APJ Abdul Kalam Technological University, Kerala",UNDER GRADUATE,ELECTRICAL AND ELECTRONICS ENGINEERING,60,3
917,1-9319634415,MUTHOOT INSTITUTE OF TECHNOLOGY AND SCIENCE,Kerala,ERNAKULAM,Private-Self Financing,ENGINEERING AND TECHNOLOGY,"APJ Abdul Kalam Technological University, Kerala",UNDER GRADUATE,COMPUTER SCIENCE ENGINEERING,120,6
918,1-9319634415,MUTHOOT INSTITUTE OF TECHNOLOGY AND SCIENCE,Kerala,ERNAKULAM,Private-Self Financing,ENGINEERING AND TECHNOLOGY,"APJ Abdul Kalam Technological University, Kerala",UNDER GRADUATE,COMPUTER SCIENCE AND ENGINEERING ARTIFICIAL INTELLIGENCE,60,3
919,1-9319634415,MUTHOOT INSTITUTE OF TECHNOLOGY AND SCIENCE,Kerala,ERNAKULAM,Private-Self Financing,ENGINEERING AND TECHNOLOGY,"APJ Abdul Kalam Technological University, Kerala",POST GRADUATE,ARTIFICIAL INTELLIGENCE AND DATA SCIENCE,24,1
920,1-9319634415,MUTHOOT INSTITUTE OF TECHNOLOGY AND SCIENCE,Kerala,ERNAKULAM,Private-Self Financing,ENGINEERING AND TECHNOLOGY,"APJ Abdul Kalam Technological University, Kerala",POST GRADUATE,COMPUTER SCIENCE AND ENGINEERING CYBER SECURITY,24,1
921,1-9319634415,MUTHOOT INSTITUTE OF TECHNOLOGY AND SCIENCE,Kerala,ERNAKULAM,Private-Self Financing,ENGINEERING AND TECHNOLOGY,"APJ Abdul Kalam Technological University, Kerala",UNDER GRADUATE,ARTIFICIAL INTELLIGENCE AI AND DATA SCIENCE,60,3
922,1-9322520081,NEHRU COLLEGE OF ENGINEERING AND RESEARCH CENTRE,Kerala,THRISSUR,Private-Self Financing,ENGINEERING AND TECHNOLOGY,"APJ Abdul Kalam Technological University, Kerala",UNDER GRADUATE,COMPUTER SCIENCE ENGINEERING,120,6
923,1-9322520081,NEHRU COLLEGE OF ENGINEERING AND RESEARCH CENTRE,Kerala,THRISSUR,Private-Self Financing,COMPUTER APPLICATIONS,"APJ Abdul Kalam Technological University, Kerala",POST GRADUATE,MASTERS IN COMPUTER APPLICATIONS,60,3
924,1-9322520081,NEHRU COLLEGE OF ENGINEERING AND RESEARCH CENTRE,Kerala,THRISSUR,Private-Self Financing,MANAGEMENT,"APJ Abdul Kalam Technological University, Kerala",POST GRADUATE,MBA,60,3
925,1-9322520081,NEHRU COLLEGE OF ENGINEERING AND RESEARCH CENTRE,Kerala,THRISSUR,Private-Self Financing,ENGINEERING AND TECHNOLOGY,"APJ Abdul Kalam Technological University, Kerala",UNDER GRADUATE,MECHANICAL ENGINEERING,60,3
926,1-9322520081,NEHRU COLLEGE OF ENGINEERING AND RESEARCH CENTRE,Kerala,THRISSUR,Private-Self Financing,ENGINEERING AND TECHNOLOGY,"APJ Abdul Kalam Technological University, Kerala",UNDER GRADUATE,ELECTRONICS COMMUNICATION ENGG,60,3
927,1-9322520081,NEHRU COLLEGE OF ENGINEERING AND RESEARCH CENTRE,Kerala,THRISSUR,Private-Self Financing,ENGINEERING AND TECHNOLOGY,"APJ Abdul Kalam Technological University, Kerala",POST GRADUATE,VLSI DESIGN,18,1
928,1-9322520081,NEHRU COLLEGE OF ENGINEERING AND RESEARCH CENTRE,Kerala,THRISSUR,Private-Self Financing,ENGINEERING AND TECHNOLOGY,"APJ Abdul Kalam Technological University, Kerala",POST GRADUATE,COMPUTER SCIENCE AND ENGINEERING,18,1
929,1-9322520081,NEHRU COLLEGE OF ENGINEERING AND RESEARCH CENTRE,Kerala,THRISSUR,Private-Self Financing,ENGINEERING AND TECHNOLOGY,"APJ Abdul Kalam Technological University, Kerala",POST GRADUATE,ENERGY SYSTEMS,18,1
930,1-9322520081,NEHRU COLLEGE OF ENGINEERING AND RESEARCH CENTRE,Kerala,THRISSUR,Private-Self Financing,ENGINEERING AND TECHNOLOGY,"APJ Abdul Kalam Technological University, Kerala",UNDER GRADUATE,MECHATRONICS,60,3
931,1-9322520081,NEHRU COLLEGE OF ENGINEERING AND RESEARCH CENTRE,Kerala,THRISSUR,Private-Self Financing,ENGINEERING AND TECHNOLOGY,"APJ Abdul Kalam Technological University, Kerala",UNDER GRADUATE,ELECTRICAL AND ELECTRONICS ENGINEERING,60,3
932,1-9322520081,NEHRU COLLEGE OF ENGINEERING AND RESEARCH CENTRE,Kerala,THRISSUR,Private-Self Financing,ENGINEERING AND TECHNOLOGY,"APJ Abdul Kalam Technological University, Kerala",POST GRADUATE,CYBER SECURITY,18,1
933,1-9317579554,NIRMALA COLLEGE OF ENGINEERING,Kerala,THRISSUR,Private-Self Financing,ENGINEERING AND TECHNOLOGY,"APJ Abdul Kalam Technological University, Kerala",UNDER GRADUATE,CIVIL ENGINEERING,60,3
934,1-9317579554,NIRMALA COLLEGE OF ENGINEERING,Kerala,THRISSUR,Private-Self Financing,ENGINEERING AND TECHNOLOGY,"APJ Abdul Kalam Technological University, Kerala",UNDER GRADUATE,MECHANICAL ENGINEERING,60,3
935,1-9317579554,NIRMALA COLLEGE OF ENGINEERING,Kerala,THRISSUR,Private-Self Financing,ENGINEERING AND TECHNOLOGY,"APJ Abdul Kalam Technological University, Kerala",UNDER GRADUATE,MECHATRONICS,30,2
936,1-9317579554,NIRMALA COLLEGE OF ENGINEERING,Kerala,THRISSUR,Private-Self Financing,ENGINEERING AND TECHNOLOGY,"APJ Abdul Kalam Technological University, Kerala",UNDER GRADUATE,COMPUTER SCIENCE AND ENGINEERING,60,3
937,1-9317579554,NIRMALA COLLEGE OF ENGINEERING,Kerala,THRISSUR,Private-Self Financing,ENGINEERING AND TECHNOLOGY,"APJ Abdul Kalam Technological University, Kerala",UNDER GRADUATE,FOOD TECHNOLOGY,60,3
938,1-9319093410,P.A.AZIZ COLLEGE OF ENGINEERING AND TECHNOLOGY,Kerala,THIRUVANANTHAPURAM,Private-Self Financing,ENGINEERING AND TECHNOLOGY,"APJ Abdul Kalam Technological University, Kerala",UNDER GRADUATE,APPLIED ELECTRONICS AND INSTRUMENTATION ENGINEERING,30,2
939,1-9319093410,P.A.AZIZ COLLEGE OF ENGINEERING AND TECHNOLOGY,Kerala,THIRUVANANTHAPURAM,Private-Self Financing,ENGINEERING AND TECHNOLOGY,"APJ Abdul Kalam Technological University, Kerala",UNDER GRADUATE,CIVIL ENGINEERING,30,2
940,1-9319093410,P.A.AZIZ COLLEGE OF ENGINEERING AND TECHNOLOGY,Kerala,THIRUVANANTHAPURAM,Private-Self Financing,ENGINEERING AND TECHNOLOGY,"APJ Abdul Kalam Technological University, Kerala",UNDER GRADUATE,COMPUTER SCIENCE ENGINEERING,30,2
941,1-9319093410,P.A.AZIZ COLLEGE OF ENGINEERING AND TECHNOLOGY,Kerala,THIRUVANANTHAPURAM,Private-Self Financing,ENGINEERING AND TECHNOLOGY,"APJ Abdul Kalam Technological University, Kerala",UNDER GRADUATE,ELECTRICAL AND ELECTRONICS ENGINEERING,30,2
942,1-9319093410,P.A.AZIZ COLLEGE OF ENGINEERING AND TECHNOLOGY,Kerala,THIRUVANANTHAPURAM,Private-Self Financing,ENGINEERING AND TECHNOLOGY,"APJ Abdul Kalam Technological University, Kerala",UNDER GRADUATE,ELECTRONICS AND COMMUNICATIONS ENGINEERING,60,3
943,1-9319093410,P.A.AZIZ COLLEGE OF ENGINEERING AND TECHNOLOGY,Kerala,THIRUVANANTHAPURAM,Private-Self Financing,ENGINEERING AND TECHNOLOGY,"APJ Abdul Kalam Technological University, Kerala",UNDER GRADUATE,MECHANICAL ENGINEERING,30,2
944,1-9319093410,P.A.AZIZ COLLEGE OF ENGINEERING AND TECHNOLOGY,Kerala,THIRUVANANTHAPURAM,Private-Self Financing,COMPUTER APPLICATIONS,"APJ Abdul Kalam Technological University, Kerala",POST GRADUATE,MASTERS IN COMPUTER APPLICATIONS,30,2
945,1-9319093410,P.A.AZIZ COLLEGE OF ENGINEERING AND TECHNOLOGY,Kerala,THIRUVANANTHAPURAM,Private-Self Financing,ENGINEERING AND TECHNOLOGY,"Board of Technical Examination, Kerala",DIPLOMA,CIVIL ENGINEERING,60,3
946,1-9319093410,P.A.AZIZ COLLEGE OF ENGINEERING AND TECHNOLOGY,Kerala,THIRUVANANTHAPURAM,Private-Self Financing,ENGINEERING AND TECHNOLOGY,Directorate of Technical Education,DIPLOMA,MECHANICAL ENGINEERING,60,3
947,1-9319093410,P.A.AZIZ COLLEGE OF ENGINEERING AND TECHNOLOGY,Kerala,THIRUVANANTHAPURAM,Private-Self Financing,ENGINEERING AND TECHNOLOGY,"Board of Technical Examination, Kerala",DIPLOMA,AUTOMOBILE ENGINEERING,60,3
948,1-9319093410,P.A.AZIZ COLLEGE OF ENGINEERING AND TECHNOLOGY,Kerala,THIRUVANANTHAPURAM,Private-Self Financing,ENGINEERING AND TECHNOLOGY,Directorate of Technical Education,DIPLOMA,COMPUTER ENGINEERING,60,3
949,1-9319093410,P.A.AZIZ COLLEGE OF ENGINEERING AND TECHNOLOGY,Kerala,THIRUVANANTHAPURAM,Private-Self Financing,ENGINEERING AND TECHNOLOGY,Directorate of Technical Education,DIPLOMA,BIOMEDICAL ENGINEERING,60,3
950,1-9321789023,PROVIDENCE COLLEGE OF ENGINEERING,Kerala,ALAPPUZHA,Private-Self Financing,ENGINEERING AND TECHNOLOGY,"APJ Abdul Kalam Technological University, Kerala",UNDER GRADUATE,CIVIL ENGINEERING,60,3
951,1-9321789023,PROVIDENCE COLLEGE OF ENGINEERING,Kerala,ALAPPUZHA,Private-Self Financing,ENGINEERING AND TECHNOLOGY,"APJ Abdul Kalam Technological University, Kerala",UNDER GRADUATE,ELECTRONICS AND COMMUNICATIONS ENGINEERING,30,2
952,1-9321789023,PROVIDENCE COLLEGE OF ENGINEERING,Kerala,ALAPPUZHA,Private-Self Financing,ENGINEERING AND TECHNOLOGY,"APJ Abdul Kalam Technological University, Kerala",UNDER GRADUATE,ELECTRICAL AND ELECTRONICS ENGINEERING,30,2
953,1-9321789023,PROVIDENCE COLLEGE OF ENGINEERING,Kerala,ALAPPUZHA,Private-Self Financing,ENGINEERING AND TECHNOLOGY,"APJ Abdul Kalam Technological University, Kerala",UNDER GRADUATE,MECHANICAL ENGINEERING,60,3
954,1-9321789023,PROVIDENCE COLLEGE OF ENGINEERING,Kerala,ALAPPUZHA,Private-Self Financing,ENGINEERING AND TECHNOLOGY,"APJ Abdul Kalam Technological University, Kerala",UNDER GRADUATE,COMPUTER SCIENCE ENGINEERING,60,3
955,1-9318840482,PRS COLLEGE OF ENGINEERING AND TECHNOLOGY,Kerala,THIRUVANANTHAPURAM,Private-Self Financing,ENGINEERING AND TECHNOLOGY,"APJ Abdul Kalam Technological University, Kerala",UNDER GRADUATE,MECHANICAL ENGINEERING,30,2
956,1-9318840482,PRS COLLEGE OF ENGINEERING AND TECHNOLOGY,Kerala,THIRUVANANTHAPURAM,Private-Self Financing,ENGINEERING AND TECHNOLOGY,"APJ Abdul Kalam Technological University, Kerala",UNDER GRADUATE,CIVIL ENGINEERING,60,3
957,1-9318840482,PRS COLLEGE OF ENGINEERING AND TECHNOLOGY,Kerala,THIRUVANANTHAPURAM,Private-Self Financing,ENGINEERING AND TECHNOLOGY,"APJ Abdul Kalam Technological University, Kerala",UNDER GRADUATE,COMPUTER SCIENCE AND ENGINEERING,30,2
958,1-9318840482,PRS COLLEGE OF ENGINEERING AND TECHNOLOGY,Kerala,THIRUVANANTHAPURAM,Private-Self Financing,ENGINEERING AND TECHNOLOGY,"APJ Abdul Kalam Technological University, Kerala",UNDER GRADUATE,COMPUTER SCIENCE AND ENGINEERINGARTIFICIAL INTELLIGENCE AND MACHINE LEARNING,30,2
959,1-9319782344,RAJADHANI INSTITUTE OF ENGINEERING AND TECHNOLOGY,Kerala,THIRUVANANTHAPURAM,Private-Self Financing,ENGINEERING AND TECHNOLOGY,"APJ Abdul Kalam Technological University, Kerala",UNDER GRADUATE,CIVIL ENGINEERING,60,3
960,1-9319782344,RAJADHANI INSTITUTE OF ENGINEERING AND TECHNOLOGY,Kerala,THIRUVANANTHAPURAM,Private-Self Financing,ENGINEERING AND TECHNOLOGY,"APJ Abdul Kalam Technological University, Kerala",UNDER GRADUATE,MECHANICAL ENGINEERING,60,3
961,1-9319782344,RAJADHANI INSTITUTE OF ENGINEERING AND TECHNOLOGY,Kerala,THIRUVANANTHAPURAM,Private-Self Financing,ENGINEERING AND TECHNOLOGY,"APJ Abdul Kalam Technological University, Kerala",UNDER GRADUATE,COMPUTER SCIENCE AND ENGINEERING,60,3
962,1-9319782344,RAJADHANI INSTITUTE OF ENGINEERING AND TECHNOLOGY,Kerala,THIRUVANANTHAPURAM,Private-Self Financing,ENGINEERING AND TECHNOLOGY,"APJ Abdul Kalam Technological University, Kerala",UNDER GRADUATE,ELECTRONICS COMMUNICATION ENGG,30,2
963,1-9319782344,RAJADHANI INSTITUTE OF ENGINEERING AND TECHNOLOGY,Kerala,THIRUVANANTHAPURAM,Private-Self Financing,ENGINEERING AND TECHNOLOGY,"APJ Abdul Kalam Technological University, Kerala",UNDER GRADUATE,ELECTRICAL AND ELECTRONICS ENGINEERING,30,2
964,1-9319782344,RAJADHANI INSTITUTE OF ENGINEERING AND TECHNOLOGY,Kerala,THIRUVANANTHAPURAM,Private-Self Financing,ENGINEERING AND TECHNOLOGY,"APJ Abdul Kalam Technological University, Kerala",UNDER GRADUATE,AERONAUTICAL ENGINEERING,60,3
965,1-9319782344,RAJADHANI INSTITUTE OF ENGINEERING AND TECHNOLOGY,Kerala,THIRUVANANTHAPURAM,Private-Self Financing,MANAGEMENT,"APJ Abdul Kalam Technological University, Kerala",POST GRADUATE,MBA,120,6
966,1-9319782344,RAJADHANI INSTITUTE OF ENGINEERING AND TECHNOLOGY,Kerala,THIRUVANANTHAPURAM,Private-Self Financing,ENGINEERING AND TECHNOLOGY,"APJ Abdul Kalam Technological University, Kerala",UNDER GRADUATE,COMPUTER SCIENCE AND ENGINEERING CYBER SECURITY,60,3
967,1-9319782344,RAJADHANI INSTITUTE OF ENGINEERING AND TECHNOLOGY,Kerala,THIRUVANANTHAPURAM,Private-Self Financing,ENGINEERING AND TECHNOLOGY,"APJ Abdul Kalam Technological University, Kerala",UNDER GRADUATE,ROBOTICS AND AUTOMATION,60,3
968,1-9322358877,RAJADHANI INSTITUTE OF SCIENCE AND TECHNOLOGY,Kerala,PALAKKAD,Private-Self Financing,ENGINEERING AND TECHNOLOGY,"APJ Abdul Kalam Technological University, Kerala",UNDER GRADUATE,CIVIL ENGINEERING,90,5
969,1-9322358877,RAJADHANI INSTITUTE OF SCIENCE AND TECHNOLOGY,Kerala,PALAKKAD,Private-Self Financing,ENGINEERING AND TECHNOLOGY,"APJ Abdul Kalam Technological University, Kerala",UNDER GRADUATE,MECHANICAL ENGINEERING,90,5
970,1-9322358877,RAJADHANI INSTITUTE OF SCIENCE AND TECHNOLOGY,Kerala,PALAKKAD,Private-Self Financing,ENGINEERING AND TECHNOLOGY,"APJ Abdul Kalam Technological University, Kerala",UNDER GRADUATE,ELECTRICAL AND ELECTRONICS ENGINEERING,60,3
971,1-9322358877,RAJADHANI INSTITUTE OF SCIENCE AND TECHNOLOGY,Kerala,PALAKKAD,Private-Self Financing,ENGINEERING AND TECHNOLOGY,"APJ Abdul Kalam Technological University, Kerala",UNDER GRADUATE,ELECTRONICS COMMUNICATION ENGG,60,3
972,1-9322358877,RAJADHANI INSTITUTE OF SCIENCE AND TECHNOLOGY,Kerala,PALAKKAD,Private-Self Financing,ENGINEERING AND TECHNOLOGY,"APJ Abdul Kalam Technological University, Kerala",UNDER GRADUATE,COMPUTER SCIENCE ENGINEERING,60,3
973,1-9320914508,RAJAGIRI SCHOOL OF ENGINEERING TECHNOLOGY,Kerala,ERNAKULAM,Private-Self Financing,ENGINEERING AND TECHNOLOGY,"APJ Abdul Kalam Technological University, Kerala",UNDER GRADUATE,APPLIED ELECTRONICS AND INSTRUMENTATION ENGINEERING,60,3
974,1-9320914508,RAJAGIRI SCHOOL OF ENGINEERING TECHNOLOGY,Kerala,ERNAKULAM,Private-Self Financing,ENGINEERING AND TECHNOLOGY,"APJ Abdul Kalam Technological University, Kerala",UNDER GRADUATE,COMPUTER SCIENCE AND ENGINEERING,180,9
975,1-9320914508,RAJAGIRI SCHOOL OF ENGINEERING TECHNOLOGY,Kerala,ERNAKULAM,Private-Self Financing,ENGINEERING AND TECHNOLOGY,"APJ Abdul Kalam Technological University, Kerala",UNDER GRADUATE,ELECTRICAL AND ELECTRONICS ENGINEERING,60,3
976,1-9320914508,RAJAGIRI SCHOOL OF ENGINEERING TECHNOLOGY,Kerala,ERNAKULAM,Private-Self Financing,ENGINEERING AND TECHNOLOGY,"APJ Abdul Kalam Technological University, Kerala",UNDER GRADUATE,ELECTRONICS AND COMMUNICATIONS ENGINEERING,180,9
977,1-9320914508,RAJAGIRI SCHOOL OF ENGINEERING TECHNOLOGY,Kerala,ERNAKULAM,Private-Self Financing,ENGINEERING AND TECHNOLOGY,"APJ Abdul Kalam Technological University, Kerala",UNDER GRADUATE,INFORMATION TECHNOLOGY,60,3
978,1-9320914508,RAJAGIRI SCHOOL OF ENGINEERING TECHNOLOGY,Kerala,ERNAKULAM,Private-Self Financing,ENGINEERING AND TECHNOLOGY,"APJ Abdul Kalam Technological University, Kerala",POST GRADUATE,COMPUTER SCIENCE AND INFORMATION SYSTEM,18,1
979,1-9320914508,RAJAGIRI SCHOOL OF ENGINEERING TECHNOLOGY,Kerala,ERNAKULAM,Private-Self Financing,ENGINEERING AND TECHNOLOGY,"APJ Abdul Kalam Technological University, Kerala",POST GRADUATE,VLSI AND EMBEDDED SYSTEMS,18,1
980,1-9320914508,RAJAGIRI SCHOOL OF ENGINEERING TECHNOLOGY,Kerala,ERNAKULAM,Private-Self Financing,ENGINEERING AND TECHNOLOGY,"APJ Abdul Kalam Technological University, Kerala",POST GRADUATE,INDUSTRIAL DRIVES AND CONTROL,12,1
981,1-9320914508,RAJAGIRI SCHOOL OF ENGINEERING TECHNOLOGY,Kerala,ERNAKULAM,Private-Self Financing,ENGINEERING AND TECHNOLOGY,"APJ Abdul Kalam Technological University, Kerala",POST GRADUATE,NETWORK ENGINEERING,18,1
982,1-9320914508,RAJAGIRI SCHOOL OF ENGINEERING TECHNOLOGY,Kerala,ERNAKULAM,Private-Self Financing,ENGINEERING AND TECHNOLOGY,"APJ Abdul Kalam Technological University, Kerala",UNDER GRADUATE,MECHANICAL ENGINEERING,120,6
983,1-9320914508,RAJAGIRI SCHOOL OF ENGINEERING TECHNOLOGY,Kerala,ERNAKULAM,Private-Self Financing,ENGINEERING AND TECHNOLOGY,"APJ Abdul Kalam Technological University, Kerala",UNDER GRADUATE,CIVIL ENGINEERING,60,3
984,1-9320914508,RAJAGIRI SCHOOL OF ENGINEERING TECHNOLOGY,Kerala,ERNAKULAM,Private-Self Financing,ENGINEERING AND TECHNOLOGY,"APJ Abdul Kalam Technological University, Kerala",POST GRADUATE,COMMUNICATION ENGINEERING,12,1
985,1-9320914508,RAJAGIRI SCHOOL OF ENGINEERING TECHNOLOGY,Kerala,ERNAKULAM,Private-Self Financing,ENGINEERING AND TECHNOLOGY,"APJ Abdul Kalam Technological University, Kerala",UNDER GRADUATE,ARTIFICIAL INTELLIGENCE AND DATA SCIENCE,60,3
986,1-9320914508,RAJAGIRI SCHOOL OF ENGINEERING TECHNOLOGY,Kerala,ERNAKULAM,Private-Self Financing,ENGINEERING AND TECHNOLOGY,"APJ Abdul Kalam Technological University, Kerala",UNDER GRADUATE,COMPUTER SCIENCE BUSINESS SYSTEMS,60,3
987,1-9323061069,ROYAL COLLEGE OF ENGINEERING TECHNOLOGY,Kerala,THRISSUR,Private-Self Financing,ENGINEERING AND TECHNOLOGY,"APJ Abdul Kalam Technological University, Kerala",UNDER GRADUATE,MECHANICAL ENGINEERING,60,3
988,1-9323061069,ROYAL COLLEGE OF ENGINEERING TECHNOLOGY,Kerala,THRISSUR,Private-Self Financing,ENGINEERING AND TECHNOLOGY,"APJ Abdul Kalam Technological University, Kerala",UNDER GRADUATE,COMPUTER SCIENCE AND ENGINEERING,60,3
989,1-9323061069,ROYAL COLLEGE OF ENGINEERING TECHNOLOGY,Kerala,THRISSUR,Private-Self Financing,ENGINEERING AND TECHNOLOGY,"APJ Abdul Kalam Technological University, Kerala",UNDER GRADUATE,CIVIL ENGINEERING,60,3
990,1-9323061069,ROYAL COLLEGE OF ENGINEERING TECHNOLOGY,Kerala,THRISSUR,Private-Self Financing,ENGINEERING AND TECHNOLOGY,"APJ Abdul Kalam Technological University, Kerala",POST GRADUATE,COMPUTER SCIENCE ENGINEERING,24,1
991,1-9323061069,ROYAL COLLEGE OF ENGINEERING TECHNOLOGY,Kerala,THRISSUR,Private-Self Financing,ENGINEERING AND TECHNOLOGY,"APJ Abdul Kalam Technological University, Kerala",UNDER GRADUATE,ARTIFICIAL INTELLIGENCE AND DATA SCIENCE,60,3
992,1-9318902729,SADGURU SWAMY NITHYANANDA INSTITUTE OF TECHNOLGY,Kerala,KASARAGOD,Private-Self Financing,ENGINEERING AND TECHNOLOGY,"APJ Abdul Kalam Technological University, Kerala",UNDER GRADUATE,CIVIL ENGINEERING,30,2
993,1-9318902729,SADGURU SWAMY NITHYANANDA INSTITUTE OF TECHNOLGY,Kerala,KASARAGOD,Private-Self Financing,ENGINEERING AND TECHNOLOGY,"APJ Abdul Kalam Technological University, Kerala",UNDER GRADUATE,MECHANICAL ENGINEERING,30,2
994,1-9318902729,SADGURU SWAMY NITHYANANDA INSTITUTE OF TECHNOLGY,Kerala,KASARAGOD,Private-Self Financing,ENGINEERING AND TECHNOLOGY,"APJ Abdul Kalam Technological University, Kerala",UNDER GRADUATE,COMPUTER SCIENCE TECHNOLOGY,30,2
995,1-9319760456,SAHRDAYA COLLEGE OF ENGINEERING TECHNOLOGY,Kerala,THRISSUR,Private-Self Financing,ENGINEERING AND TECHNOLOGY,"APJ Abdul Kalam Technological University, Kerala",UNDER GRADUATE,BIOMEDICAL ENGINEERING,60,3
996,1-9319760456,SAHRDAYA COLLEGE OF ENGINEERING TECHNOLOGY,Kerala,THRISSUR,Private-Self Financing,ENGINEERING AND TECHNOLOGY,"APJ Abdul Kalam Technological University, Kerala",UNDER GRADUATE,BIOTECHNOLOGY,60,3
997,1-9319760456,SAHRDAYA COLLEGE OF ENGINEERING TECHNOLOGY,Kerala,THRISSUR,Private-Self Financing,ENGINEERING AND TECHNOLOGY,"APJ Abdul Kalam Technological University, Kerala",UNDER GRADUATE,COMPUTER SCIENCE AND ENGINEERING,120,6
998,1-9319760456,SAHRDAYA COLLEGE OF ENGINEERING TECHNOLOGY,Kerala,THRISSUR,Private-Self Financing,ENGINEERING AND TECHNOLOGY,"APJ Abdul Kalam Technological University, Kerala",UNDER GRADUATE,ELECTRONICS AND COMMUNICATIONS ENGINEERING,60,3
999,1-9319760456,SAHRDAYA COLLEGE OF ENGINEERING TECHNOLOGY,Kerala,THRISSUR,Private-Self Financing,ENGINEERING AND TECHNOLOGY,"APJ Abdul Kalam Technological University, Kerala",UNDER GRADUATE,ELECTRICAL AND ELECTRONICS ENGINEERING,30,2
1000,1-9319760456,SAHRDAYA COLLEGE OF ENGINEERING TECHNOLOGY,Kerala,THRISSUR,Private-Self Financing,ENGINEERING AND TECHNOLOGY,"APJ Abdul Kalam Technological University, Kerala",UNDER GRADUATE,CIVIL ENGINEERING,60,3
1001,1-9319762924,SAINTGITS COLLEGE OF ENGINEERING,Kerala,KOTTAYAM,Private-Self Financing,ENGINEERING AND TECHNOLOGY,"APJ Abdul Kalam Technological University, Kerala",POST GRADUATE,STRUCTURAL ENGINEERING AND CONSTRUCTION MANAGEMENT,24,1
1002,1-9319762924,SAINTGITS COLLEGE OF ENGINEERING,Kerala,KOTTAYAM,Private-Self Financing,ENGINEERING AND TECHNOLOGY,"APJ Abdul Kalam Technological University, Kerala",POST GRADUATE,COMPUTER SCIENCE AND SYSTEMS ENGINEERING,24,1
1003,1-9319762924,SAINTGITS COLLEGE OF ENGINEERING,Kerala,KOTTAYAM,Private-Self Financing,ENGINEERING AND TECHNOLOGY,"APJ Abdul Kalam Technological University, Kerala",UNDER GRADUATE,ELECTRONICS AND COMMUNICATION ENGINEERING,60,3
1004,1-9319762924,SAINTGITS COLLEGE OF ENGINEERING,Kerala,KOTTAYAM,Private-Self Financing,ENGINEERING AND TECHNOLOGY,"APJ Abdul Kalam Technological University, Kerala",UNDER GRADUATE,ELECTRICAL AND ELECTRONICS ENGINEERING,60,3
1005,1-9319762924,SAINTGITS COLLEGE OF ENGINEERING,Kerala,KOTTAYAM,Private-Self Financing,ENGINEERING AND TECHNOLOGY,"APJ Abdul Kalam Technological University, Kerala",UNDER GRADUATE,MECHANICAL ENGINEERING,120,6
1006,1-9319762924,SAINTGITS COLLEGE OF ENGINEERING,Kerala,KOTTAYAM,Private-Self Financing,ENGINEERING AND TECHNOLOGY,"APJ Abdul Kalam Technological University, Kerala",UNDER GRADUATE,CIVIL ENGINEERING,120,6
1007,1-9319762924,SAINTGITS COLLEGE OF ENGINEERING,Kerala,KOTTAYAM,Private-Self Financing,ENGINEERING AND TECHNOLOGY,"APJ Abdul Kalam Technological University, Kerala",UNDER GRADUATE,COMPUTER SCIENCE AND ENGINEERING,120,6
1008,1-9319762924,SAINTGITS COLLEGE OF ENGINEERING,Kerala,KOTTAYAM,Private-Self Financing,ENGINEERING AND TECHNOLOGY,"APJ Abdul Kalam Technological University, Kerala",POST GRADUATE,POWER SYSTEMS,12,1
1009,1-9319762924,SAINTGITS COLLEGE OF ENGINEERING,Kerala,KOTTAYAM,Private-Self Financing,ENGINEERING AND TECHNOLOGY,"APJ Abdul Kalam Technological University, Kerala",POST GRADUATE,MACHINE DESIGN,18,1
1010,1-9319762924,SAINTGITS COLLEGE OF ENGINEERING,Kerala,KOTTAYAM,Private-Self Financing,ENGINEERING AND TECHNOLOGY,"APJ Abdul Kalam Technological University, Kerala",POST GRADUATE,VLSI AND EMBEDDED SYSTEMS,12,1
1011,1-9319762924,SAINTGITS COLLEGE OF ENGINEERING,Kerala,KOTTAYAM,Private-Self Financing,ENGINEERING AND TECHNOLOGY,"APJ Abdul Kalam Technological University, Kerala",POST GRADUATE,GEOMECHANICS AND STRUCTURES,24,1
1012,1-9319762924,SAINTGITS COLLEGE OF ENGINEERING,Kerala,KOTTAYAM,Private-Self Financing,COMPUTER APPLICATIONS,"APJ Abdul Kalam Technological University, Kerala",POST GRADUATE,MASTERS IN COMPUTER APPLICATIONS,60,3
1013,1-9319762924,SAINTGITS COLLEGE OF ENGINEERING,Kerala,KOTTAYAM,Private-Self Financing,MANAGEMENT,"APJ Abdul Kalam Technological University, Kerala",POST GRADUATE,MBA,120,6
1014,1-9319762924,SAINTGITS COLLEGE OF ENGINEERING,Kerala,KOTTAYAM,Private-Self Financing,ENGINEERING AND TECHNOLOGY,"APJ Abdul Kalam Technological University, Kerala",UNDER GRADUATE,CHEMICAL ENGINEERING,60,3
1015,1-9319762924,SAINTGITS COLLEGE OF ENGINEERING,Kerala,KOTTAYAM,Private-Self Financing,ENGINEERING AND TECHNOLOGY,"APJ Abdul Kalam Technological University, Kerala",POST GRADUATE,ROBOTICS AND AUTOMATION,12,1
1016,1-9319762924,SAINTGITS COLLEGE OF ENGINEERING,Kerala,KOTTAYAM,Private-Self Financing,ENGINEERING AND TECHNOLOGY,"APJ Abdul Kalam Technological University, Kerala",POST GRADUATE,TELECOMMUNICATION ENGINEERING,12,1
1017,1-9319762924,SAINTGITS COLLEGE OF ENGINEERING,Kerala,KOTTAYAM,Private-Self Financing,ENGINEERING AND TECHNOLOGY,"APJ Abdul Kalam Technological University, Kerala",UNDER GRADUATE,FOOD TECHNOLOGY,60,3
1018,1-9319762924,SAINTGITS COLLEGE OF ENGINEERING,Kerala,KOTTAYAM,Private-Self Financing,MANAGEMENT,"APJ Abdul Kalam Technological University, Kerala",FELLOWSHIP,FELLOW PROGRAM IN MANAGEMENT,10,1
1019,1-9319762924,SAINTGITS COLLEGE OF ENGINEERING,Kerala,KOTTAYAM,Private-Self Financing,ENGINEERING AND TECHNOLOGY,"APJ Abdul Kalam Technological University, Kerala",UNDER GRADUATE,ROBOTICS AND AUTOMATION,120,6
1020,1-9319353419,SARABHAI INSTITUTE OF SCIENCE AND TECHNOLOGY,Kerala,THIRUVANANTHAPURAM,Private-Self Financing,ENGINEERING AND TECHNOLOGY,"APJ Abdul Kalam Technological University, Kerala",POST GRADUATE,THERMAL ENGINEERING,12,1
1021,1-9319353419,SARABHAI INSTITUTE OF SCIENCE AND TECHNOLOGY,Kerala,THIRUVANANTHAPURAM,Private-Self Financing,ENGINEERING AND TECHNOLOGY,"APJ Abdul Kalam Technological University, Kerala",POST GRADUATE,GEOTECHNICAL ENGINEERING,24,1
1022,1-9319353419,SARABHAI INSTITUTE OF SCIENCE AND TECHNOLOGY,Kerala,THIRUVANANTHAPURAM,Private-Self Financing,ENGINEERING AND TECHNOLOGY,"APJ Abdul Kalam Technological University, Kerala",UNDER GRADUATE,MECHANICAL ENGINEERING,60,3
1023,1-9319353419,SARABHAI INSTITUTE OF SCIENCE AND TECHNOLOGY,Kerala,THIRUVANANTHAPURAM,Private-Self Financing,ENGINEERING AND TECHNOLOGY,"APJ Abdul Kalam Technological University, Kerala",UNDER GRADUATE,CIVIL ENGINEERING,60,3
1024,1-9319353419,SARABHAI INSTITUTE OF SCIENCE AND TECHNOLOGY,Kerala,THIRUVANANTHAPURAM,Private-Self Financing,ENGINEERING AND TECHNOLOGY,"APJ Abdul Kalam Technological University, Kerala",UNDER GRADUATE,COMPUTER SCIENCE AND ENGINEERING,60,3
1025,1-9319353419,SARABHAI INSTITUTE OF SCIENCE AND TECHNOLOGY,Kerala,THIRUVANANTHAPURAM,Private-Self Financing,ENGINEERING AND TECHNOLOGY,"APJ Abdul Kalam Technological University, Kerala",UNDER GRADUATE,ELECTRONICS AND COMMUNICATIONS ENGINEERING,60,3
1026,1-9319353419,SARABHAI INSTITUTE OF SCIENCE AND TECHNOLOGY,Kerala,THIRUVANANTHAPURAM,Private-Self Financing,ENGINEERING AND TECHNOLOGY,"APJ Abdul Kalam Technological University, Kerala",UNDER GRADUATE,ELECTRICAL AND ELECTRONICS ENGINEERING,60,3
1027,1-9319353419,SARABHAI INSTITUTE OF SCIENCE AND TECHNOLOGY,Kerala,THIRUVANANTHAPURAM,Private-Self Financing,ENGINEERING AND TECHNOLOGY,"APJ Abdul Kalam Technological University, Kerala",POST GRADUATE,COMPUTER AND INFORMATION SCIENCE,9,0
1028,1-9319353419,SARABHAI INSTITUTE OF SCIENCE AND TECHNOLOGY,Kerala,THIRUVANANTHAPURAM,Private-Self Financing,ENGINEERING AND TECHNOLOGY,"APJ Abdul Kalam Technological University, Kerala",POST GRADUATE,SOFTWARE ENGINEERING,9,0
1029,1-9319353419,SARABHAI INSTITUTE OF SCIENCE AND TECHNOLOGY,Kerala,THIRUVANANTHAPURAM,Private-Self Financing,ENGINEERING AND TECHNOLOGY,"APJ Abdul Kalam Technological University, Kerala",UNDER GRADUATE,ELECTRONICS AND INSTRUMENTATION ENGINEERING,30,2
1030,1-9319353419,SARABHAI INSTITUTE OF SCIENCE AND TECHNOLOGY,Kerala,THIRUVANANTHAPURAM,Private-Self Financing,ENGINEERING AND TECHNOLOGY,"APJ Abdul Kalam Technological University, Kerala",POST GRADUATE,SIGNAL PROCESSING,12,1
1031,1-9319353419,SARABHAI INSTITUTE OF SCIENCE AND TECHNOLOGY,Kerala,THIRUVANANTHAPURAM,Private-Self Financing,ENGINEERING AND TECHNOLOGY,"APJ Abdul Kalam Technological University, Kerala",POST GRADUATE,OPTOELECTRONICS COMMUNICATION,12,1
1032,1-9321362341,SCMS SCHOOL OF ENGINEERING TECHNOLOGY,Kerala,ERNAKULAM,Private-Self Financing,ENGINEERING AND TECHNOLOGY,"APJ Abdul Kalam Technological University, Kerala",UNDER GRADUATE,CIVIL ENGINEERING,90,5
1033,1-9321362341,SCMS SCHOOL OF ENGINEERING TECHNOLOGY,Kerala,ERNAKULAM,Private-Self Financing,ENGINEERING AND TECHNOLOGY,"APJ Abdul Kalam Technological University, Kerala",UNDER GRADUATE,COMPUTER SCIENCE AND ENGINEERING,120,6
1034,1-9321362341,SCMS SCHOOL OF ENGINEERING TECHNOLOGY,Kerala,ERNAKULAM,Private-Self Financing,ENGINEERING AND TECHNOLOGY,"APJ Abdul Kalam Technological University, Kerala",UNDER GRADUATE,ELECTRONICS AND COMMUNICATIONS ENGINEERING,60,3
1035,1-9321362341,SCMS SCHOOL OF ENGINEERING TECHNOLOGY,Kerala,ERNAKULAM,Private-Self Financing,ENGINEERING AND TECHNOLOGY,"APJ Abdul Kalam Technological University, Kerala",UNDER GRADUATE,MECHANICAL ENGINEERING,120,6
1036,1-9321362341,SCMS SCHOOL OF ENGINEERING TECHNOLOGY,Kerala,ERNAKULAM,Private-Self Financing,ENGINEERING AND TECHNOLOGY,"APJ Abdul Kalam Technological University, Kerala",UNDER GRADUATE,ELECTRICAL AND ELECTRONICS ENGINEERING,30,2
1037,1-9321362341,SCMS SCHOOL OF ENGINEERING TECHNOLOGY,Kerala,ERNAKULAM,Private-Self Financing,ENGINEERING AND TECHNOLOGY,"APJ Abdul Kalam Technological University, Kerala",UNDER GRADUATE,AUTOMOBILE ENGINEERING,60,3
1038,1-9321362341,SCMS SCHOOL OF ENGINEERING TECHNOLOGY,Kerala,ERNAKULAM,Private-Self Financing,ENGINEERING AND TECHNOLOGY,"APJ Abdul Kalam Technological University, Kerala",UNDER GRADUATE,CIVIL AND ENVIRONMENTAL ENGINEERING,30,2
1039,1-9321362341,SCMS SCHOOL OF ENGINEERING TECHNOLOGY,Kerala,ERNAKULAM,Private-Self Financing,ENGINEERING AND TECHNOLOGY,"APJ Abdul Kalam Technological University, Kerala",UNDER GRADUATE,COMPUTER SCIENCE ENGINEERING DATA SCIENCE,60,3
1040,1-9319168791,SHAHUL HAMEED MEMORIAL ENGINEERING COLLEGE,Kerala,KOLLAM,Private-Self Financing,ENGINEERING AND TECHNOLOGY,"APJ Abdul Kalam Technological University, Kerala",UNDER GRADUATE,COMPUTER SCIENCE AND ENGINEERING,60,3
1041,1-9319168791,SHAHUL HAMEED MEMORIAL ENGINEERING COLLEGE,Kerala,KOLLAM,Private-Self Financing,ENGINEERING AND TECHNOLOGY,"APJ Abdul Kalam Technological University, Kerala",UNDER GRADUATE,ELECTRICAL AND ELECTRONICS ENGINEERING,60,3
1042,1-9319168791,SHAHUL HAMEED MEMORIAL ENGINEERING COLLEGE,Kerala,KOLLAM,Private-Self Financing,ENGINEERING AND TECHNOLOGY,"APJ Abdul Kalam Technological University, Kerala",UNDER GRADUATE,ELECTRONICS COMMUNICATION ENGG,60,3
1043,1-9319168791,SHAHUL HAMEED MEMORIAL ENGINEERING COLLEGE,Kerala,KOLLAM,Private-Self Financing,ENGINEERING AND TECHNOLOGY,"APJ Abdul Kalam Technological University, Kerala",UNDER GRADUATE,MECHANICAL ENGINEERING,60,3
1044,1-9319168791,SHAHUL HAMEED MEMORIAL ENGINEERING COLLEGE,Kerala,KOLLAM,Private-Self Financing,ENGINEERING AND TECHNOLOGY,"APJ Abdul Kalam Technological University, Kerala",UNDER GRADUATE,CIVIL ENGINEERING,60,3
1045,1-9318005308,SNGIST GROUP OF INSTITUTIONS,Kerala,ERNAKULAM,Private-Self Financing,COMPUTER APPLICATIONS,"APJ Abdul Kalam Technological University, Kerala",POST GRADUATE,MASTERS IN COMPUTER APPLICATIONS,90,5
1046,1-9318005308,SNGIST GROUP OF INSTITUTIONS,Kerala,ERNAKULAM,Private-Self Financing,ENGINEERING AND TECHNOLOGY,"APJ Abdul Kalam Technological University, Kerala",UNDER GRADUATE,CIVIL ENGINEERING,60,3
1047,1-9318005308,SNGIST GROUP OF INSTITUTIONS,Kerala,ERNAKULAM,Private-Self Financing,ENGINEERING AND TECHNOLOGY,"APJ Abdul Kalam Technological University, Kerala",UNDER GRADUATE,COMPUTER SCIENCE ENGINEERING,60,3
1048,1-9318005308,SNGIST GROUP OF INSTITUTIONS,Kerala,ERNAKULAM,Private-Self Financing,ENGINEERING AND TECHNOLOGY,"APJ Abdul Kalam Technological University, Kerala",UNDER GRADUATE,ELECTRICAL AND ELECTRONICS ENGINEERING,60,3
1049,1-9318005308,SNGIST GROUP OF INSTITUTIONS,Kerala,ERNAKULAM,Private-Self Financing,ENGINEERING AND TECHNOLOGY,"APJ Abdul Kalam Technological University, Kerala",UNDER GRADUATE,MECHANICAL ENGINEERING,60,3
1050,1-9318005308,SNGIST GROUP OF INSTITUTIONS,Kerala,ERNAKULAM,Private-Self Financing,MANAGEMENT,"APJ Abdul Kalam Technological University, Kerala",POST GRADUATE,MBA,120,6
1051,1-9318005308,SNGIST GROUP OF INSTITUTIONS,Kerala,ERNAKULAM,Private-Self Financing,ENGINEERING AND TECHNOLOGY,"APJ Abdul Kalam Technological University, Kerala",UNDER GRADUATE,ARTIFICIAL INTELLIGENCE,60,3
1052,1-9318005308,SNGIST GROUP OF INSTITUTIONS,Kerala,ERNAKULAM,Private-Self Financing,ENGINEERING AND TECHNOLOGY,Directorate of Technical Education,DIPLOMA,MECHANICAL ENGINEERING,60,3
1053,1-9318005308,SNGIST GROUP OF INSTITUTIONS,Kerala,ERNAKULAM,Private-Self Financing,ENGINEERING AND TECHNOLOGY,Directorate of Technical Education,DIPLOMA,CIVIL ENGINEERING,60,3
1054,1-9318005308,SNGIST GROUP OF INSTITUTIONS,Kerala,ERNAKULAM,Private-Self Financing,ENGINEERING AND TECHNOLOGY,Directorate of Technical Education,DIPLOMA,ELECTRICAL AND ELECTRONICS ENGINEERING,60,3
1055,1-9317862082,SNM INSTITUTE OF MANAGEMENT AND TECHNOLOGY,Kerala,ERNAKULAM,Private-Self Financing,ENGINEERING AND TECHNOLOGY,"APJ Abdul Kalam Technological University, Kerala",UNDER GRADUATE,INSTRUMENTATION AND CONTROL ENGINEERING,60,3
1056,1-9317862082,SNM INSTITUTE OF MANAGEMENT AND TECHNOLOGY,Kerala,ERNAKULAM,Private-Self Financing,ENGINEERING AND TECHNOLOGY,"APJ Abdul Kalam Technological University, Kerala",UNDER GRADUATE,COMPUTER SCIENCE AND ENGINEERING,60,3
1057,1-9317862082,SNM INSTITUTE OF MANAGEMENT AND TECHNOLOGY,Kerala,ERNAKULAM,Private-Self Financing,ENGINEERING AND TECHNOLOGY,"APJ Abdul Kalam Technological University, Kerala",UNDER GRADUATE,ELECTRICAL AND ELECTRONICS ENGINEERING,60,3
1058,1-9317862082,SNM INSTITUTE OF MANAGEMENT AND TECHNOLOGY,Kerala,ERNAKULAM,Private-Self Financing,ENGINEERING AND TECHNOLOGY,"APJ Abdul Kalam Technological University, Kerala",UNDER GRADUATE,ELECTRONICS AND COMMUNICATIONS ENGINEERING,60,3
1059,1-9317862082,SNM INSTITUTE OF MANAGEMENT AND TECHNOLOGY,Kerala,ERNAKULAM,Private-Self Financing,ENGINEERING AND TECHNOLOGY,"APJ Abdul Kalam Technological University, Kerala",UNDER GRADUATE,MECHANICAL ENGINEERING,60,3
1060,1-9317862082,SNM INSTITUTE OF MANAGEMENT AND TECHNOLOGY,Kerala,ERNAKULAM,Private-Self Financing,ENGINEERING AND TECHNOLOGY,"APJ Abdul Kalam Technological University, Kerala",UNDER GRADUATE,CIVIL ENGINEERING,60,3
1061,1-9321646453,SREE BUDDHA COLLEGE OF ENGINEERING,Kerala,PATHANAMTHITTA,Private-Self Financing,ENGINEERING AND TECHNOLOGY,"APJ Abdul Kalam Technological University, Kerala",UNDER GRADUATE,ELECTRONICS COMMUNICATION ENGG,30,2
1062,1-9321646453,SREE BUDDHA COLLEGE OF ENGINEERING,Kerala,PATHANAMTHITTA,Private-Self Financing,ENGINEERING AND TECHNOLOGY,"APJ Abdul Kalam Technological University, Kerala",UNDER GRADUATE,ELECTRICAL AND ELECTRONICS ENGINEERING,30,2
1063,1-9321646453,SREE BUDDHA COLLEGE OF ENGINEERING,Kerala,PATHANAMTHITTA,Private-Self Financing,ENGINEERING AND TECHNOLOGY,"APJ Abdul Kalam Technological University, Kerala",UNDER GRADUATE,CIVIL ENGINEERING,60,3
1064,1-9321646453,SREE BUDDHA COLLEGE OF ENGINEERING,Kerala,PATHANAMTHITTA,Private-Self Financing,ENGINEERING AND TECHNOLOGY,"APJ Abdul Kalam Technological University, Kerala",UNDER GRADUATE,COMPUTER SCIENCE AND ENGINEERING,60,3
1065,1-9321646453,SREE BUDDHA COLLEGE OF ENGINEERING,Kerala,PATHANAMTHITTA,Private-Self Financing,ENGINEERING AND TECHNOLOGY,"APJ Abdul Kalam Technological University, Kerala",UNDER GRADUATE,MECHANICAL ENGINEERING,60,3
1066,1-9319870435,SREE BUDDHA COLLEGE OF ENGINEERING PATTOOR,Kerala,ALAPPUZHA,Private-Self Financing,ENGINEERING AND TECHNOLOGY,"APJ Abdul Kalam Technological University, Kerala",UNDER GRADUATE,BIOTECHNOLOGY AND BIOCHEMICAL ENGINEERING,30,2
1067,1-9319870435,SREE BUDDHA COLLEGE OF ENGINEERING PATTOOR,Kerala,ALAPPUZHA,Private-Self Financing,ENGINEERING AND TECHNOLOGY,"APJ Abdul Kalam Technological University, Kerala",UNDER GRADUATE,COMPUTER SCIENCE AND ENGINEERING,60,3
1068,1-9319870435,SREE BUDDHA COLLEGE OF ENGINEERING PATTOOR,Kerala,ALAPPUZHA,Private-Self Financing,ENGINEERING AND TECHNOLOGY,"APJ Abdul Kalam Technological University, Kerala",UNDER GRADUATE,ELECTRONICS COMMUNICATION ENGG,30,2
1069,1-9319870435,SREE BUDDHA COLLEGE OF ENGINEERING PATTOOR,Kerala,ALAPPUZHA,Private-Self Financing,ENGINEERING AND TECHNOLOGY,"APJ Abdul Kalam Technological University, Kerala",UNDER GRADUATE,ELECTRICAL AND ELECTRONICS ENGINEERING,30,2
1070,1-9319870435,SREE BUDDHA COLLEGE OF ENGINEERING PATTOOR,Kerala,ALAPPUZHA,Private-Self Financing,ENGINEERING AND TECHNOLOGY,"APJ Abdul Kalam Technological University, Kerala",UNDER GRADUATE,MECHANICAL ENGINEERING,120,6
1071,1-9319870435,SREE BUDDHA COLLEGE OF ENGINEERING PATTOOR,Kerala,ALAPPUZHA,Private-Self Financing,ENGINEERING AND TECHNOLOGY,"APJ Abdul Kalam Technological University, Kerala",UNDER GRADUATE,CIVIL ENGINEERING,60,3
1072,1-9319870435,SREE BUDDHA COLLEGE OF ENGINEERING PATTOOR,Kerala,ALAPPUZHA,Private-Self Financing,ENGINEERING AND TECHNOLOGY,"APJ Abdul Kalam Technological University, Kerala",UNDER GRADUATE,ARTIFICIAL INTELLIGENCE AND MACHINE LEARNING,60,3
1073,1-9319870435,SREE BUDDHA COLLEGE OF ENGINEERING PATTOOR,Kerala,ALAPPUZHA,Private-Self Financing,ENGINEERING AND TECHNOLOGY,"APJ Abdul Kalam Technological University, Kerala",UNDER GRADUATE,FOOD TECHNOLOGY,30,2
1074,1-9319870435,SREE BUDDHA COLLEGE OF ENGINEERING PATTOOR,Kerala,ALAPPUZHA,Private-Self Financing,ENGINEERING AND TECHNOLOGY,"APJ Abdul Kalam Technological University, Kerala",UNDER GRADUATE,ROBOTICS AND AUTOMATION,30,2
1075,1-9320740877,SREE CHITRA THIRUNAL COLLEGE OF ENGINEERING,Kerala,THIRUVANANTHAPURAM,Government,ENGINEERING AND TECHNOLOGY,"APJ Abdul Kalam Technological University, Kerala",UNDER GRADUATE,BIOTECHNOLOGY AND BIOCHEMICAL ENGINEERING,60,3
1076,1-9320740877,SREE CHITRA THIRUNAL COLLEGE OF ENGINEERING,Kerala,THIRUVANANTHAPURAM,Government,ENGINEERING AND TECHNOLOGY,"APJ Abdul Kalam Technological University, Kerala",UNDER GRADUATE,COMPUTER SCIENCE AND ENGINEERING,60,3
1077,1-9320740877,SREE CHITRA THIRUNAL COLLEGE OF ENGINEERING,Kerala,THIRUVANANTHAPURAM,Government,ENGINEERING AND TECHNOLOGY,"APJ Abdul Kalam Technological University, Kerala",UNDER GRADUATE,ELECTRONICS AND COMMUNICATIONS ENGINEERING,120,6
1078,1-9320740877,SREE CHITRA THIRUNAL COLLEGE OF ENGINEERING,Kerala,THIRUVANANTHAPURAM,Government,ENGINEERING AND TECHNOLOGY,"APJ Abdul Kalam Technological University, Kerala",UNDER GRADUATE,MECHANICAL ENGINEERING AUTO,60,3
1079,1-9320740877,SREE CHITRA THIRUNAL COLLEGE OF ENGINEERING,Kerala,THIRUVANANTHAPURAM,Government,ENGINEERING AND TECHNOLOGY,"APJ Abdul Kalam Technological University, Kerala",UNDER GRADUATE,MECHANICAL ENGINEERING,120,6
1080,1-9320740877,SREE CHITRA THIRUNAL COLLEGE OF ENGINEERING,Kerala,THIRUVANANTHAPURAM,Government,ENGINEERING AND TECHNOLOGY,"APJ Abdul Kalam Technological University, Kerala",UNDER GRADUATE,COMPUTER SCIENCE AND ENGINEERINGARTIFICIAL INTELLIGENCE AND MACHINE LEARNING,60,3
1081,1-9319478850,SREE NARAYANA GURU COLLEGE OF ENGINEERING TECHNOLOGY,Kerala,KANNUR,Private-Self Financing,ENGINEERING AND TECHNOLOGY,"APJ Abdul Kalam Technological University, Kerala",UNDER GRADUATE,ELECTRICAL AND ELECTRONICS ENGINEERING,30,2
1082,1-9319478850,SREE NARAYANA GURU COLLEGE OF ENGINEERING TECHNOLOGY,Kerala,KANNUR,Private-Self Financing,ENGINEERING AND TECHNOLOGY,"APJ Abdul Kalam Technological University, Kerala",UNDER GRADUATE,MECHANICAL ENGINEERING,60,3
1083,1-9319478850,SREE NARAYANA GURU COLLEGE OF ENGINEERING TECHNOLOGY,Kerala,KANNUR,Private-Self Financing,ENGINEERING AND TECHNOLOGY,"APJ Abdul Kalam Technological University, Kerala",UNDER GRADUATE,ELECTRONICS AND COMMUNICATIONS ENGINEERING,30,2
1084,1-9319478850,SREE NARAYANA GURU COLLEGE OF ENGINEERING TECHNOLOGY,Kerala,KANNUR,Private-Self Financing,ENGINEERING AND TECHNOLOGY,"APJ Abdul Kalam Technological University, Kerala",UNDER GRADUATE,COMPUTER SCIENCE AND ENGINEERING,60,3
1085,1-9319478850,SREE NARAYANA GURU COLLEGE OF ENGINEERING TECHNOLOGY,Kerala,KANNUR,Private-Self Financing,ENGINEERING AND TECHNOLOGY,"APJ Abdul Kalam Technological University, Kerala",UNDER GRADUATE,CIVIL ENGINEERING,60,3
1086,1-9317711589,SREE NARAYANA GURUKULAM COLLEGE OF ENGINEERING,Kerala,ERNAKULAM,Private-Self Financing,ENGINEERING AND TECHNOLOGY,"APJ Abdul Kalam Technological University, Kerala",UNDER GRADUATE,COMPUTER SCIENCE AND ENGINEERING,120,6
1087,1-9317711589,SREE NARAYANA GURUKULAM COLLEGE OF ENGINEERING,Kerala,ERNAKULAM,Private-Self Financing,ENGINEERING AND TECHNOLOGY,"APJ Abdul Kalam Technological University, Kerala",UNDER GRADUATE,ELECTRONICS AND COMMUNICATIONS ENGINEERING,60,3
1088,1-9317711589,SREE NARAYANA GURUKULAM COLLEGE OF ENGINEERING,Kerala,ERNAKULAM,Private-Self Financing,ENGINEERING AND TECHNOLOGY,"APJ Abdul Kalam Technological University, Kerala",UNDER GRADUATE,ELECTRICAL AND ELECTRONICS ENGINEERING,60,3
1089,1-9317711589,SREE NARAYANA GURUKULAM COLLEGE OF ENGINEERING,Kerala,ERNAKULAM,Private-Self Financing,ENGINEERING AND TECHNOLOGY,"APJ Abdul Kalam Technological University, Kerala",UNDER GRADUATE,MECHANICAL ENGINEERING,60,3
1090,1-9317711589,SREE NARAYANA GURUKULAM COLLEGE OF ENGINEERING,Kerala,ERNAKULAM,Private-Self Financing,ENGINEERING AND TECHNOLOGY,"APJ Abdul Kalam Technological University, Kerala",UNDER GRADUATE,CIVIL ENGINEERING,60,3
1091,1-9317711589,SREE NARAYANA GURUKULAM COLLEGE OF ENGINEERING,Kerala,ERNAKULAM,Private-Self Financing,ENGINEERING AND TECHNOLOGY,"APJ Abdul Kalam Technological University, Kerala",UNDER GRADUATE,NAVAL ARCHITECTURE SHIP BUILDING ENGG,60,3
1092,1-9320791846,SREE NARAYANA INSTITUTE OF TECHNOLOGY,Kerala,PATHANAMTHITTA,Private-Self Financing,ENGINEERING AND TECHNOLOGY,"APJ Abdul Kalam Technological University, Kerala",UNDER GRADUATE,MECHANICAL ENGINEERING,60,3
1093,1-9320791846,SREE NARAYANA INSTITUTE OF TECHNOLOGY,Kerala,PATHANAMTHITTA,Private-Self Financing,ENGINEERING AND TECHNOLOGY,"APJ Abdul Kalam Technological University, Kerala",UNDER GRADUATE,MECHANICAL ENGINEERING AUTOMOBILE,60,3
1094,1-9320791846,SREE NARAYANA INSTITUTE OF TECHNOLOGY,Kerala,PATHANAMTHITTA,Private-Self Financing,ENGINEERING AND TECHNOLOGY,"APJ Abdul Kalam Technological University, Kerala",UNDER GRADUATE,ELECTRONICS AND COMMUNICATIONS ENGINEERING,60,3
1095,1-9320791846,SREE NARAYANA INSTITUTE OF TECHNOLOGY,Kerala,PATHANAMTHITTA,Private-Self Financing,ENGINEERING AND TECHNOLOGY,"APJ Abdul Kalam Technological University, Kerala",UNDER GRADUATE,ELECTRICAL AND ELECTRONICS ENGINEERING,60,3
1096,1-9320791846,SREE NARAYANA INSTITUTE OF TECHNOLOGY,Kerala,PATHANAMTHITTA,Private-Self Financing,ENGINEERING AND TECHNOLOGY,"APJ Abdul Kalam Technological University, Kerala",UNDER GRADUATE,CIVIL ENGINEERING,60,3
1097,1-9317992659,SREEPATHY INSTITUTE OF MANAGEMENT AND TECHNOLOGY,Kerala,PALAKKAD,Private-Self Financing,ENGINEERING AND TECHNOLOGY,"APJ Abdul Kalam Technological University, Kerala",UNDER GRADUATE,ELECTRICAL AND ELECTRONICS ENGINEERING,30,2
1098,1-9317992659,SREEPATHY INSTITUTE OF MANAGEMENT AND TECHNOLOGY,Kerala,PALAKKAD,Private-Self Financing,ENGINEERING AND TECHNOLOGY,"APJ Abdul Kalam Technological University, Kerala",UNDER GRADUATE,ELECTRONICS COMMUNICATION ENGG,30,2
1099,1-9317992659,SREEPATHY INSTITUTE OF MANAGEMENT AND TECHNOLOGY,Kerala,PALAKKAD,Private-Self Financing,ENGINEERING AND TECHNOLOGY,"APJ Abdul Kalam Technological University, Kerala",UNDER GRADUATE,MECHANICAL ENGINEERING,60,3
1100,1-9317992659,SREEPATHY INSTITUTE OF MANAGEMENT AND TECHNOLOGY,Kerala,PALAKKAD,Private-Self Financing,ENGINEERING AND TECHNOLOGY,"APJ Abdul Kalam Technological University, Kerala",UNDER GRADUATE,CIVIL ENGINEERING,60,3
1101,1-9317992659,SREEPATHY INSTITUTE OF MANAGEMENT AND TECHNOLOGY,Kerala,PALAKKAD,Private-Self Financing,ENGINEERING AND TECHNOLOGY,"APJ Abdul Kalam Technological University, Kerala",UNDER GRADUATE,COMPUTER SCIENCE AND ENGINEERING,60,3
1102,1-9317992659,SREEPATHY INSTITUTE OF MANAGEMENT AND TECHNOLOGY,Kerala,PALAKKAD,Private-Self Financing,ENGINEERING AND TECHNOLOGY,"Board of Technical Examination, Kerala",DIPLOMA,ARTIFICIAL INTELLIGENCE AI AND MACHINE LEARNING,60,3
1103,1-9317992659,SREEPATHY INSTITUTE OF MANAGEMENT AND TECHNOLOGY,Kerala,PALAKKAD,Private-Self Financing,ENGINEERING AND TECHNOLOGY,"Board of Technical Examination, Kerala",DIPLOMA,AUTOMATION AND ROBOTICS,60,3
1104,1-9317992659,SREEPATHY INSTITUTE OF MANAGEMENT AND TECHNOLOGY,Kerala,PALAKKAD,Private-Self Financing,ENGINEERING AND TECHNOLOGY,"Board of Technical Examination, Kerala",DIPLOMA,CIVIL AND ENVIRONMENTAL ENGINEERING,60,3
1105,1-9323134326,ST THOMAS INSTITUTE FOR SCIENCE AND TECHNOLOGY,Kerala,THIRUVANANTHAPURAM,Private-Self Financing,ENGINEERING AND TECHNOLOGY,"APJ Abdul Kalam Technological University, Kerala",UNDER GRADUATE,MECHANICAL ENGINEERING,60,3
1106,1-9323134326,ST THOMAS INSTITUTE FOR SCIENCE AND TECHNOLOGY,Kerala,THIRUVANANTHAPURAM,Private-Self Financing,ENGINEERING AND TECHNOLOGY,"APJ Abdul Kalam Technological University, Kerala",UNDER GRADUATE,CIVIL ENGINEERING,60,3
1107,1-9323134326,ST THOMAS INSTITUTE FOR SCIENCE AND TECHNOLOGY,Kerala,THIRUVANANTHAPURAM,Private-Self Financing,ENGINEERING AND TECHNOLOGY,"APJ Abdul Kalam Technological University, Kerala",UNDER GRADUATE,ELECTRICAL AND ELECTRONICS ENGINEERING,30,2
1108,1-9323134326,ST THOMAS INSTITUTE FOR SCIENCE AND TECHNOLOGY,Kerala,THIRUVANANTHAPURAM,Private-Self Financing,ENGINEERING AND TECHNOLOGY,"APJ Abdul Kalam Technological University, Kerala",UNDER GRADUATE,ELECTRONICS COMMUNICATION ENGG,30,2
1109,1-9323134326,ST THOMAS INSTITUTE FOR SCIENCE AND TECHNOLOGY,Kerala,THIRUVANANTHAPURAM,Private-Self Financing,ENGINEERING AND TECHNOLOGY,"APJ Abdul Kalam Technological University, Kerala",UNDER GRADUATE,COMPUTER SCIENCE ENGINEERING,60,3
1110,1-9323134326,ST THOMAS INSTITUTE FOR SCIENCE AND TECHNOLOGY,Kerala,THIRUVANANTHAPURAM,Private-Self Financing,ENGINEERING AND TECHNOLOGY,"APJ Abdul Kalam Technological University, Kerala",UNDER GRADUATE,DATA SCIENCE,30,2
1111,1-9318921477,ST. JOSEPHS COLLEGE OF ENGINEERING TECHNOLOGY PALAI,Kerala,KOTTAYAM,Private-Self Financing,ENGINEERING AND TECHNOLOGY,"APJ Abdul Kalam Technological University, Kerala",POST GRADUATE,STRUCTURAL ENGINEERING AND CONSTRUCTION MANAGEMENT,24,1
1112,1-9318921477,ST. JOSEPHS COLLEGE OF ENGINEERING TECHNOLOGY PALAI,Kerala,KOTTAYAM,Private-Self Financing,ENGINEERING AND TECHNOLOGY,"APJ Abdul Kalam Technological University, Kerala",UNDER GRADUATE,CIVIL ENGINEERING,60,3
1113,1-9318921477,ST. JOSEPHS COLLEGE OF ENGINEERING TECHNOLOGY PALAI,Kerala,KOTTAYAM,Private-Self Financing,ENGINEERING AND TECHNOLOGY,"APJ Abdul Kalam Technological University, Kerala",UNDER GRADUATE,ELECTRICAL AND ELECTRONICS ENGINEERING,60,3
1114,1-9318921477,ST. JOSEPHS COLLEGE OF ENGINEERING TECHNOLOGY PALAI,Kerala,KOTTAYAM,Private-Self Financing,ENGINEERING AND TECHNOLOGY,"APJ Abdul Kalam Technological University, Kerala",UNDER GRADUATE,ELECTRONICS COMMUNICATION ENGG,60,3
1115,1-9318921477,ST. JOSEPHS COLLEGE OF ENGINEERING TECHNOLOGY PALAI,Kerala,KOTTAYAM,Private-Self Financing,COMPUTER APPLICATIONS,"APJ Abdul Kalam Technological University, Kerala",POST GRADUATE,MASTERS IN COMPUTER APPLICATIONS,60,3
1116,1-9318921477,ST. JOSEPHS COLLEGE OF ENGINEERING TECHNOLOGY PALAI,Kerala,KOTTAYAM,Private-Self Financing,ENGINEERING AND TECHNOLOGY,"APJ Abdul Kalam Technological University, Kerala",UNDER GRADUATE,COMPUTER SCIENCE AND ENGINEERING,120,6
1117,1-9318921477,ST. JOSEPHS COLLEGE OF ENGINEERING TECHNOLOGY PALAI,Kerala,KOTTAYAM,Private-Self Financing,ENGINEERING AND TECHNOLOGY,"APJ Abdul Kalam Technological University, Kerala",UNDER GRADUATE,MECHANICAL ENGINEERING,120,6
1118,1-9318921477,ST. JOSEPHS COLLEGE OF ENGINEERING TECHNOLOGY PALAI,Kerala,KOTTAYAM,Private-Self Financing,MANAGEMENT,"APJ Abdul Kalam Technological University, Kerala",POST GRADUATE,MBA,60,3
1119,1-9318921477,ST. JOSEPHS COLLEGE OF ENGINEERING TECHNOLOGY PALAI,Kerala,KOTTAYAM,Private-Self Financing,ENGINEERING AND TECHNOLOGY,"APJ Abdul Kalam Technological University, Kerala",POST GRADUATE,ADVANCED MANUFACTURING AND PRODUCTION MANAGEMENT,18,1
1120,1-9318921477,ST. JOSEPHS COLLEGE OF ENGINEERING TECHNOLOGY PALAI,Kerala,KOTTAYAM,Private-Self Financing,ENGINEERING AND TECHNOLOGY,"APJ Abdul Kalam Technological University, Kerala",POST GRADUATE,VLSI AND EMBEDDED SYSTEMS,9,0
1121,1-9318921477,ST. JOSEPHS COLLEGE OF ENGINEERING TECHNOLOGY PALAI,Kerala,KOTTAYAM,Private-Self Financing,ENGINEERING AND TECHNOLOGY,"APJ Abdul Kalam Technological University, Kerala",POST GRADUATE,COMPUTER SCIENCE AND ENGINEERING,18,1
1122,1-9318921477,ST. JOSEPHS COLLEGE OF ENGINEERING TECHNOLOGY PALAI,Kerala,KOTTAYAM,Private-Self Financing,ENGINEERING AND TECHNOLOGY,"APJ Abdul Kalam Technological University, Kerala",UNDER GRADUATE,ARTIFICIAL INTELLIGENCE AND DATA SCIENCE,60,3
1123,1-9318921477,ST. JOSEPHS COLLEGE OF ENGINEERING TECHNOLOGY PALAI,Kerala,KOTTAYAM,Private-Self Financing,ENGINEERING AND TECHNOLOGY,"APJ Abdul Kalam Technological University, Kerala",UNDER GRADUATE,ELECTRONICS AND COMPUTER ENGINEERING,60,3
1124,1-9319955716,ST.THOMAS COLLEGE OF ENGINEERING TECHNOLOGY,Kerala,KANNUR,Private-Self Financing,ENGINEERING AND TECHNOLOGY,"APJ Abdul Kalam Technological University, Kerala",UNDER GRADUATE,CIVIL ENGINEERING,60,3
1125,1-9319955716,ST.THOMAS COLLEGE OF ENGINEERING TECHNOLOGY,Kerala,KANNUR,Private-Self Financing,ENGINEERING AND TECHNOLOGY,"APJ Abdul Kalam Technological University, Kerala",UNDER GRADUATE,MECHANICAL ENGINEERING,60,3
1126,1-9319955716,ST.THOMAS COLLEGE OF ENGINEERING TECHNOLOGY,Kerala,KANNUR,Private-Self Financing,ENGINEERING AND TECHNOLOGY,"APJ Abdul Kalam Technological University, Kerala",UNDER GRADUATE,ELECTRONICS COMMUNICATION ENGG,30,2
1127,1-9319955716,ST.THOMAS COLLEGE OF ENGINEERING TECHNOLOGY,Kerala,KANNUR,Private-Self Financing,ENGINEERING AND TECHNOLOGY,"APJ Abdul Kalam Technological University, Kerala",UNDER GRADUATE,COMPUTER SCIENCE ENGINEERING,60,3
1128,1-9319683072,ST.THOMAS COLLEGE OF ENGINEERING TECHNOLOGY,Kerala,ALAPPUZHA,Private-Self Financing,ENGINEERING AND TECHNOLOGY,"APJ Abdul Kalam Technological University, Kerala",UNDER GRADUATE,CIVIL ENGINEERING,60,3
1129,1-9319683072,ST.THOMAS COLLEGE OF ENGINEERING TECHNOLOGY,Kerala,ALAPPUZHA,Private-Self Financing,ENGINEERING AND TECHNOLOGY,"APJ Abdul Kalam Technological University, Kerala",UNDER GRADUATE,MECHANICAL ENGINEERING,60,3
1130,1-9319683072,ST.THOMAS COLLEGE OF ENGINEERING TECHNOLOGY,Kerala,ALAPPUZHA,Private-Self Financing,ENGINEERING AND TECHNOLOGY,"APJ Abdul Kalam Technological University, Kerala",UNDER GRADUATE,ELECTRICAL AND ELECTRONICS ENGINEERING,30,2
1131,1-9319683072,ST.THOMAS COLLEGE OF ENGINEERING TECHNOLOGY,Kerala,ALAPPUZHA,Private-Self Financing,ENGINEERING AND TECHNOLOGY,"APJ Abdul Kalam Technological University, Kerala",UNDER GRADUATE,ELECTRONICS COMMUNICATION ENGG,30,2
1132,1-9319683072,ST.THOMAS COLLEGE OF ENGINEERING TECHNOLOGY,Kerala,ALAPPUZHA,Private-Self Financing,ENGINEERING AND TECHNOLOGY,"APJ Abdul Kalam Technological University, Kerala",UNDER GRADUATE,COMPUTER SCIENCE ENGINEERING,60,3
1133,1-9319683072,ST.THOMAS COLLEGE OF ENGINEERING TECHNOLOGY,Kerala,ALAPPUZHA,Private-Self Financing,ENGINEERING AND TECHNOLOGY,"APJ Abdul Kalam Technological University, Kerala",UNDER GRADUATE,AGRICULTURE ENGINEERING,30,2
1134,1-9319683072,ST.THOMAS COLLEGE OF ENGINEERING TECHNOLOGY,Kerala,ALAPPUZHA,Private-Self Financing,ENGINEERING AND TECHNOLOGY,"APJ Abdul Kalam Technological University, Kerala",UNDER GRADUATE,COMPUTER SCIENCE AND ENGINEERINGARTIFICIAL INTELLIGENCE AND MACHINE LEARNING,30,2
1135,1-9317757962,T.K.M INSTITUTE OF TECHNOLOGY,Kerala,KOLLAM,Private-Self Financing,ENGINEERING AND TECHNOLOGY,"APJ Abdul Kalam Technological University, Kerala",UNDER GRADUATE,COMPUTER SCIENCE AND ENGINEERING,60,3
1136,1-9317757962,T.K.M INSTITUTE OF TECHNOLOGY,Kerala,KOLLAM,Private-Self Financing,ENGINEERING AND TECHNOLOGY,"APJ Abdul Kalam Technological University, Kerala",UNDER GRADUATE,BIOMEDICAL ENGINEERING,60,3
1137,1-9317757962,T.K.M INSTITUTE OF TECHNOLOGY,Kerala,KOLLAM,Private-Self Financing,ENGINEERING AND TECHNOLOGY,"APJ Abdul Kalam Technological University, Kerala",UNDER GRADUATE,FOOD TECHNOLOGY,60,3
1138,1-9317757962,T.K.M INSTITUTE OF TECHNOLOGY,Kerala,KOLLAM,Private-Self Financing,ENGINEERING AND TECHNOLOGY,"APJ Abdul Kalam Technological University, Kerala",UNDER GRADUATE,ELECTRICAL AND ELECTRONICS ENGINEERING,30,2
1139,1-9317757962,T.K.M INSTITUTE OF TECHNOLOGY,Kerala,KOLLAM,Private-Self Financing,ENGINEERING AND TECHNOLOGY,"APJ Abdul Kalam Technological University, Kerala",UNDER GRADUATE,MECHANICAL ENGINEERING,60,3
1140,1-9317757962,T.K.M INSTITUTE OF TECHNOLOGY,Kerala,KOLLAM,Private-Self Financing,ENGINEERING AND TECHNOLOGY,"APJ Abdul Kalam Technological University, Kerala",UNDER GRADUATE,CIVIL ENGINEERING,60,3
1141,1-9319778247,THEJUS ENGINEERING COLLEGE,Kerala,THRISSUR,Private-Self Financing,ENGINEERING AND TECHNOLOGY,"APJ Abdul Kalam Technological University, Kerala",UNDER GRADUATE,CIVIL ENGINEERING,60,3
1142,1-9319778247,THEJUS ENGINEERING COLLEGE,Kerala,THRISSUR,Private-Self Financing,ENGINEERING AND TECHNOLOGY,"APJ Abdul Kalam Technological University, Kerala",UNDER GRADUATE,ELECTRICAL AND ELECTRONICS ENGINEERING,30,2
1143,1-9319778247,THEJUS ENGINEERING COLLEGE,Kerala,THRISSUR,Private-Self Financing,ENGINEERING AND TECHNOLOGY,"APJ Abdul Kalam Technological University, Kerala",UNDER GRADUATE,COMPUTER SCIENCE AND ENGINEERING,90,5
1144,1-9319778247,THEJUS ENGINEERING COLLEGE,Kerala,THRISSUR,Private-Self Financing,ENGINEERING AND TECHNOLOGY,"APJ Abdul Kalam Technological University, Kerala",UNDER GRADUATE,MECHANICAL ENGINEERING,60,3
1145,1-9321481732,TOC H INSTITUTE OF SCIENCE TECHNOLOGY,Kerala,ERNAKULAM,Private-Self Financing,ENGINEERING AND TECHNOLOGY,"APJ Abdul Kalam Technological University, Kerala",UNDER GRADUATE,ELECTRICAL AND ELECTRONICS ENGINEERING,30,2
1146,1-9321481732,TOC H INSTITUTE OF SCIENCE TECHNOLOGY,Kerala,ERNAKULAM,Private-Self Financing,ENGINEERING AND TECHNOLOGY,"APJ Abdul Kalam Technological University, Kerala",UNDER GRADUATE,INFORMATION TECHNOLOGY,30,2
1147,1-9321481732,TOC H INSTITUTE OF SCIENCE TECHNOLOGY,Kerala,ERNAKULAM,Private-Self Financing,ENGINEERING AND TECHNOLOGY,"APJ Abdul Kalam Technological University, Kerala",UNDER GRADUATE,COMPUTER SCIENCE AND ENGINEERING,90,5
1148,1-9321481732,TOC H INSTITUTE OF SCIENCE TECHNOLOGY,Kerala,ERNAKULAM,Private-Self Financing,ENGINEERING AND TECHNOLOGY,"APJ Abdul Kalam Technological University, Kerala",UNDER GRADUATE,ELECTRONICS COMMUNICATION ENGG,30,2
1149,1-9321481732,TOC H INSTITUTE OF SCIENCE TECHNOLOGY,Kerala,ERNAKULAM,Private-Self Financing,MANAGEMENT,"APJ Abdul Kalam Technological University, Kerala",POST GRADUATE,MBA,60,3
1150,1-9321481732,TOC H INSTITUTE OF SCIENCE TECHNOLOGY,Kerala,ERNAKULAM,Private-Self Financing,ENGINEERING AND TECHNOLOGY,"APJ Abdul Kalam Technological University, Kerala",UNDER GRADUATE,SAFETY AND FIRE ENGINEERING,60,3
1151,1-9321481732,TOC H INSTITUTE OF SCIENCE TECHNOLOGY,Kerala,ERNAKULAM,Private-Self Financing,ENGINEERING AND TECHNOLOGY,"APJ Abdul Kalam Technological University, Kerala",UNDER GRADUATE,CIVIL ENGINEERING,60,3
1152,1-9321481732,TOC H INSTITUTE OF SCIENCE TECHNOLOGY,Kerala,ERNAKULAM,Private-Self Financing,ENGINEERING AND TECHNOLOGY,"APJ Abdul Kalam Technological University, Kerala",UNDER GRADUATE,MECHANICAL ENGINEERING,60,3
1153,1-9321481732,TOC H INSTITUTE OF SCIENCE TECHNOLOGY,Kerala,ERNAKULAM,Private-Self Financing,ENGINEERING AND TECHNOLOGY,"APJ Abdul Kalam Technological University, Kerala",UNDER GRADUATE,ROBOTICS AND AUTOMATION,60,3
1154,1-9321481732,TOC H INSTITUTE OF SCIENCE TECHNOLOGY,Kerala,ERNAKULAM,Private-Self Financing,ENGINEERING AND TECHNOLOGY,"APJ Abdul Kalam Technological University, Kerala",UNDER GRADUATE,ELECTRICAL AND COMPUTER ENGINEERING,30,2
1155,1-9320885551,TOMS COLLEGE OF ENGINEERING,Kerala,KOTTAYAM,Private-Self Financing,ENGINEERING AND TECHNOLOGY,"APJ Abdul Kalam Technological University, Kerala",UNDER GRADUATE,CIVIL ENGINEERING,60,3
1156,1-9320885551,TOMS COLLEGE OF ENGINEERING,Kerala,KOTTAYAM,Private-Self Financing,ENGINEERING AND TECHNOLOGY,"APJ Abdul Kalam Technological University, Kerala",UNDER GRADUATE,CHEMICAL ENGINEERING,60,3
1157,1-9320885551,TOMS COLLEGE OF ENGINEERING,Kerala,KOTTAYAM,Private-Self Financing,ENGINEERING AND TECHNOLOGY,"APJ Abdul Kalam Technological University, Kerala",UNDER GRADUATE,COMPUTER SCIENCE ENGINEERING,60,3
1158,1-9320885551,TOMS COLLEGE OF ENGINEERING,Kerala,KOTTAYAM,Private-Self Financing,ENGINEERING AND TECHNOLOGY,"APJ Abdul Kalam Technological University, Kerala",UNDER GRADUATE,MECHANICAL ENGINEERING,60,3
1159,1-9320885551,TOMS COLLEGE OF ENGINEERING,Kerala,KOTTAYAM,Private-Self Financing,ENGINEERING AND TECHNOLOGY,"APJ Abdul Kalam Technological University, Kerala",UNDER GRADUATE,AERONAUTICAL ENGINEERING,60,3
1160,1-9320885551,TOMS COLLEGE OF ENGINEERING,Kerala,KOTTAYAM,Private-Self Financing,ENGINEERING AND TECHNOLOGY,Directorate of Technical Education,DIPLOMA,CIVIL ENGINEERING,60,3
1161,1-9320885551,TOMS COLLEGE OF ENGINEERING,Kerala,KOTTAYAM,Private-Self Financing,ENGINEERING AND TECHNOLOGY,Directorate of Technical Education,DIPLOMA,CHEMICAL ENGINEERING,60,3
1162,1-9320885551,TOMS COLLEGE OF ENGINEERING,Kerala,KOTTAYAM,Private-Self Financing,ENGINEERING AND TECHNOLOGY,Directorate of Technical Education,DIPLOMA,MECHANICAL ENGINEERING,60,3
1163,1-9321488074,TRAVANCORE ENGINEERING COLLEGE OYOOR,Kerala,KOLLAM,Private-Self Financing,ENGINEERING AND TECHNOLOGY,"APJ Abdul Kalam Technological University, Kerala",UNDER GRADUATE,ELECTRICAL AND ELECTRONICS ENGINEERING,30,2
1164,1-9321488074,TRAVANCORE ENGINEERING COLLEGE OYOOR,Kerala,KOLLAM,Private-Self Financing,ENGINEERING AND TECHNOLOGY,"APJ Abdul Kalam Technological University, Kerala",UNDER GRADUATE,COMPUTER SCIENCE ENGINEERING,60,3
1165,1-9321488074,TRAVANCORE ENGINEERING COLLEGE OYOOR,Kerala,KOLLAM,Private-Self Financing,ENGINEERING AND TECHNOLOGY,"APJ Abdul Kalam Technological University, Kerala",UNDER GRADUATE,MECHANICAL ENGINEERING,60,3
1166,1-9321488074,TRAVANCORE ENGINEERING COLLEGE OYOOR,Kerala,KOLLAM,Private-Self Financing,ENGINEERING AND TECHNOLOGY,"APJ Abdul Kalam Technological University, Kerala",UNDER GRADUATE,CIVIL ENGINEERING,60,3
1167,1-9317642385,TRINITY COLLEGE OF ENGINEERING,Kerala,THIRUVANANTHAPURAM,Private-Self Financing,ENGINEERING AND TECHNOLOGY,"APJ Abdul Kalam Technological University, Kerala",UNDER GRADUATE,CIVIL ENGINEERING,60,3
1168,1-9317642385,TRINITY COLLEGE OF ENGINEERING,Kerala,THIRUVANANTHAPURAM,Private-Self Financing,ENGINEERING AND TECHNOLOGY,"APJ Abdul Kalam Technological University, Kerala",UNDER GRADUATE,ELECTRONICS AND COMMUNICATIONS ENGINEERING,30,2
1169,1-9317642385,TRINITY COLLEGE OF ENGINEERING,Kerala,THIRUVANANTHAPURAM,Private-Self Financing,ENGINEERING AND TECHNOLOGY,"APJ Abdul Kalam Technological University, Kerala",UNDER GRADUATE,ELECTRICAL AND ELECTRONICS ENGINEERING,30,2
1170,1-9317642385,TRINITY COLLEGE OF ENGINEERING,Kerala,THIRUVANANTHAPURAM,Private-Self Financing,ENGINEERING AND TECHNOLOGY,"APJ Abdul Kalam Technological University, Kerala",UNDER GRADUATE,MECHANICAL ENGINEERING,60,3
1171,1-9319056338,UKF COLLEGE OF ENGINEERING TECHNOLOGY,Kerala,KOLLAM,Private-Self Financing,ENGINEERING AND TECHNOLOGY,"APJ Abdul Kalam Technological University, Kerala",UNDER GRADUATE,CIVIL ENGINEERING,60,3
1172,1-9319056338,UKF COLLEGE OF ENGINEERING TECHNOLOGY,Kerala,KOLLAM,Private-Self Financing,ENGINEERING AND TECHNOLOGY,"APJ Abdul Kalam Technological University, Kerala",UNDER GRADUATE,COMPUTER SCIENCE AND ENGINEERING,60,3
1173,1-9319056338,UKF COLLEGE OF ENGINEERING TECHNOLOGY,Kerala,KOLLAM,Private-Self Financing,ENGINEERING AND TECHNOLOGY,"APJ Abdul Kalam Technological University, Kerala",UNDER GRADUATE,ELECTRICAL AND ELECTRONICS ENGINEERING,60,3
1174,1-9319056338,UKF COLLEGE OF ENGINEERING TECHNOLOGY,Kerala,KOLLAM,Private-Self Financing,ENGINEERING AND TECHNOLOGY,"APJ Abdul Kalam Technological University, Kerala",UNDER GRADUATE,ELECTRONICS COMMUNICATION ENGG,120,6
1175,1-9319056338,UKF COLLEGE OF ENGINEERING TECHNOLOGY,Kerala,KOLLAM,Private-Self Financing,ENGINEERING AND TECHNOLOGY,"APJ Abdul Kalam Technological University, Kerala",UNDER GRADUATE,MECHANICAL ENGINEERING,120,6
1176,1-9319056338,UKF COLLEGE OF ENGINEERING TECHNOLOGY,Kerala,KOLLAM,Private-Self Financing,ENGINEERING AND TECHNOLOGY,"APJ Abdul Kalam Technological University, Kerala",POST GRADUATE,POWER SYSTEMS,24,1
1177,1-9319056338,UKF COLLEGE OF ENGINEERING TECHNOLOGY,Kerala,KOLLAM,Private-Self Financing,ENGINEERING AND TECHNOLOGY,"APJ Abdul Kalam Technological University, Kerala",POST GRADUATE,ENVIRONMENTAL ENGINEERING AND MANAGEMENT,24,1
1178,1-9319056338,UKF COLLEGE OF ENGINEERING TECHNOLOGY,Kerala,KOLLAM,Private-Self Financing,ENGINEERING AND TECHNOLOGY,Directorate of Technical Education,DIPLOMA,CIVIL AND ENVIRONMENTAL ENGINEERING,60,3
1179,1-9319056338,UKF COLLEGE OF ENGINEERING TECHNOLOGY,Kerala,KOLLAM,Private-Self Financing,ENGINEERING AND TECHNOLOGY,Directorate of Technical Education,DIPLOMA,ROBOTIC PROCESS AUTOMATION,60,3
1180,1-9319056338,UKF COLLEGE OF ENGINEERING TECHNOLOGY,Kerala,KOLLAM,Private-Self Financing,ENGINEERING AND TECHNOLOGY,Directorate of Technical Education,DIPLOMA,RENEWABLE ENERGY,60,3
1181,1-9321047283,UNIVERSAL ENGINEERING COLLEGE,Kerala,THRISSUR,Private-Self Financing,ENGINEERING AND TECHNOLOGY,"APJ Abdul Kalam Technological University, Kerala",UNDER GRADUATE,COMPUTER SCIENCE ENGINEERING,60,3
1182,1-9321047283,UNIVERSAL ENGINEERING COLLEGE,Kerala,THRISSUR,Private-Self Financing,ENGINEERING AND TECHNOLOGY,"APJ Abdul Kalam Technological University, Kerala",UNDER GRADUATE,CIVIL ENGINEERING,60,3
1183,1-9321047283,UNIVERSAL ENGINEERING COLLEGE,Kerala,THRISSUR,Private-Self Financing,ENGINEERING AND TECHNOLOGY,"APJ Abdul Kalam Technological University, Kerala",UNDER GRADUATE,ELECTRICAL AND ELECTRONICS ENGINEERING,60,3
1184,1-9321047283,UNIVERSAL ENGINEERING COLLEGE,Kerala,THRISSUR,Private-Self Financing,ENGINEERING AND TECHNOLOGY,"APJ Abdul Kalam Technological University, Kerala",UNDER GRADUATE,ELECTRONICS COMMUNICATION ENGG,30,2
1185,1-9321047283,UNIVERSAL ENGINEERING COLLEGE,Kerala,THRISSUR,Private-Self Financing,ENGINEERING AND TECHNOLOGY,"APJ Abdul Kalam Technological University, Kerala",UNDER GRADUATE,MECHANICAL ENGINEERING,90,5
1186,1-9321740010,UNIVERSITY COLLEGE OF ENGINEERING KARIAVATTOM,Kerala,THIRUVANANTHAPURAM,Private-Self Financing,ENGINEERING AND TECHNOLOGY,"Kerala University, Thiruvananthapuram",UNDER GRADUATE,ELECTRONICS COMMUNICATION ENGG,66,3
1187,1-9321740010,UNIVERSITY COLLEGE OF ENGINEERING KARIAVATTOM,Kerala,THIRUVANANTHAPURAM,Private-Self Financing,ENGINEERING AND TECHNOLOGY,"Kerala University, Thiruvananthapuram",UNDER GRADUATE,COMPUTER SCIENCE ENGINEERING,66,3
1188,1-9321740010,UNIVERSITY COLLEGE OF ENGINEERING KARIAVATTOM,Kerala,THIRUVANANTHAPURAM,Private-Self Financing,ENGINEERING AND TECHNOLOGY,"Kerala University, Thiruvananthapuram",UNDER GRADUATE,INFORMATION TECHNOLOGY,66,3
1189,1-9321449254,UNIVERSITY COLLEGE OF ENGINEERING.,Kerala,IDUKKI,Government,ENGINEERING AND TECHNOLOGY,"APJ Abdul Kalam Technological University, Kerala",UNDER GRADUATE,ELECTRICAL AND ELECTRONICS ENGINEERING,60,3
1190,1-9321449254,UNIVERSITY COLLEGE OF ENGINEERING.,Kerala,IDUKKI,Government,ENGINEERING AND TECHNOLOGY,"APJ Abdul Kalam Technological University, Kerala",UNDER GRADUATE,COMPUTER SCIENCE AND ENGINEERING,60,3
1191,1-9321449254,UNIVERSITY COLLEGE OF ENGINEERING.,Kerala,IDUKKI,Government,ENGINEERING AND TECHNOLOGY,"APJ Abdul Kalam Technological University, Kerala",UNDER GRADUATE,POLYMER ENGINEERING,60,3
1192,1-9321449254,UNIVERSITY COLLEGE OF ENGINEERING.,Kerala,IDUKKI,Government,ENGINEERING AND TECHNOLOGY,"APJ Abdul Kalam Technological University, Kerala",UNDER GRADUATE,ELECTRONICS COMMUNICATION ENGG,60,3
1193,1-9319172380,VALIA KOONAMBAIKULATHAMMA COLLEGE OF ENGINEERING AND TECHNOLOGY,Kerala,THIRUVANANTHAPURAM,Private-Self Financing,ENGINEERING AND TECHNOLOGY,"APJ Abdul Kalam Technological University, Kerala",UNDER GRADUATE,MECHANICAL ENGINEERING,60,3
1194,1-9319172380,VALIA KOONAMBAIKULATHAMMA COLLEGE OF ENGINEERING AND TECHNOLOGY,Kerala,THIRUVANANTHAPURAM,Private-Self Financing,ENGINEERING AND TECHNOLOGY,"APJ Abdul Kalam Technological University, Kerala",UNDER GRADUATE,ELECTRICAL AND ELECTRONICS ENGINEERING,60,3
1195,1-9319172380,VALIA KOONAMBAIKULATHAMMA COLLEGE OF ENGINEERING AND TECHNOLOGY,Kerala,THIRUVANANTHAPURAM,Private-Self Financing,ENGINEERING AND TECHNOLOGY,"APJ Abdul Kalam Technological University, Kerala",UNDER GRADUATE,ELECTRONICS COMMUNICATION ENGG,60,3
1196,1-9319172380,VALIA KOONAMBAIKULATHAMMA COLLEGE OF ENGINEERING AND TECHNOLOGY,Kerala,THIRUVANANTHAPURAM,Private-Self Financing,ENGINEERING AND TECHNOLOGY,"APJ Abdul Kalam Technological University, Kerala",UNDER GRADUATE,COMPUTER SCIENCE AND ENGINEERING,60,3
1197,1-9319172380,VALIA KOONAMBAIKULATHAMMA COLLEGE OF ENGINEERING AND TECHNOLOGY,Kerala,THIRUVANANTHAPURAM,Private-Self Financing,ENGINEERING AND TECHNOLOGY,"APJ Abdul Kalam Technological University, Kerala",UNDER GRADUATE,CIVIL ENGINEERING,60,3
1198,1-9321418864,VEDAVYASA INSTITUTE OF TECHNOLOGY,Kerala,MALAPPURAM,Private-Self Financing,ENGINEERING AND TECHNOLOGY,"APJ Abdul Kalam Technological University, Kerala",POST GRADUATE,STRUCTURAL ENGINEERING,18,1
1199,1-9321418864,VEDAVYASA INSTITUTE OF TECHNOLOGY,Kerala,MALAPPURAM,Private-Self Financing,ENGINEERING AND TECHNOLOGY,"APJ Abdul Kalam Technological University, Kerala",UNDER GRADUATE,MECHANICAL ENGINEERING,60,3
1200,1-9321418864,VEDAVYASA INSTITUTE OF TECHNOLOGY,Kerala,MALAPPURAM,Private-Self Financing,ENGINEERING AND TECHNOLOGY,"APJ Abdul Kalam Technological University, Kerala",UNDER GRADUATE,COMPUTER SCIENCE AND ENGINEERING,30,2
1201,1-9321418864,VEDAVYASA INSTITUTE OF TECHNOLOGY,Kerala,MALAPPURAM,Private-Self Financing,ENGINEERING AND TECHNOLOGY,"APJ Abdul Kalam Technological University, Kerala",POST GRADUATE,COMPUTER SCIENCE AND ENGINEERING,18,1
1202,1-9321418864,VEDAVYASA INSTITUTE OF TECHNOLOGY,Kerala,MALAPPURAM,Private-Self Financing,ENGINEERING AND TECHNOLOGY,"APJ Abdul Kalam Technological University, Kerala",UNDER GRADUATE,CIVIL ENGINEERING,60,3
1203,1-9321418864,VEDAVYASA INSTITUTE OF TECHNOLOGY,Kerala,MALAPPURAM,Private-Self Financing,ENGINEERING AND TECHNOLOGY,"APJ Abdul Kalam Technological University, Kerala",UNDER GRADUATE,ELECTRICAL AND ELECTRONICS ENGINEERING,30,2
1204,1-9321418864,VEDAVYASA INSTITUTE OF TECHNOLOGY,Kerala,MALAPPURAM,Private-Self Financing,ENGINEERING AND TECHNOLOGY,"APJ Abdul Kalam Technological University, Kerala",UNDER GRADUATE,ELECTRONICS COMMUNICATION ENGG,30,2
1205,1-9321418864,VEDAVYASA INSTITUTE OF TECHNOLOGY,Kerala,MALAPPURAM,Private-Self Financing,ENGINEERING AND TECHNOLOGY,"APJ Abdul Kalam Technological University, Kerala",POST GRADUATE,EMBEDDED SYSTEMS,9,0
1206,1-9321418864,VEDAVYASA INSTITUTE OF TECHNOLOGY,Kerala,MALAPPURAM,Private-Self Financing,ENGINEERING AND TECHNOLOGY,"APJ Abdul Kalam Technological University, Kerala",POST GRADUATE,POWER ELECTRONICS,18,1
1207,1-9319071059,VIDYA ACADEMY OF SCIENCE TECHNOLOGY,Kerala,THRISSUR,Private-Self Financing,ENGINEERING AND TECHNOLOGY,"APJ Abdul Kalam Technological University, Kerala",UNDER GRADUATE,CIVIL ENGINEERING,90,5
1208,1-9319071059,VIDYA ACADEMY OF SCIENCE TECHNOLOGY,Kerala,THRISSUR,Private-Self Financing,ENGINEERING AND TECHNOLOGY,"APJ Abdul Kalam Technological University, Kerala",UNDER GRADUATE,COMPUTER SCIENCE AND ENGINEERING,120,6
1209,1-9319071059,VIDYA ACADEMY OF SCIENCE TECHNOLOGY,Kerala,THRISSUR,Private-Self Financing,ENGINEERING AND TECHNOLOGY,"APJ Abdul Kalam Technological University, Kerala",UNDER GRADUATE,ELECTRICAL AND ELECTRONICS ENGINEERING,60,3
1210,1-9319071059,VIDYA ACADEMY OF SCIENCE TECHNOLOGY,Kerala,THRISSUR,Private-Self Financing,ENGINEERING AND TECHNOLOGY,"APJ Abdul Kalam Technological University, Kerala",UNDER GRADUATE,ELECTRONICS COMMUNICATION ENGG,120,6
1211,1-9319071059,VIDYA ACADEMY OF SCIENCE TECHNOLOGY,Kerala,THRISSUR,Private-Self Financing,ENGINEERING AND TECHNOLOGY,"APJ Abdul Kalam Technological University, Kerala",UNDER GRADUATE,MECHANICAL ENGINEERING,90,5
1212,1-9321425345,VIDYA ACADEMY OF SCIENCE AND TECHNOLOGY TECHNICAL CAMPUS,Kerala,THIRUVANANTHAPURAM,Private-Self Financing,ENGINEERING AND TECHNOLOGY,"APJ Abdul Kalam Technological University, Kerala",UNDER GRADUATE,CIVIL ENGINEERING,60,3
1213,1-9321425345,VIDYA ACADEMY OF SCIENCE AND TECHNOLOGY TECHNICAL CAMPUS,Kerala,THIRUVANANTHAPURAM,Private-Self Financing,ENGINEERING AND TECHNOLOGY,"APJ Abdul Kalam Technological University, Kerala",UNDER GRADUATE,ELECTRONICS AND COMMUNICATIONS ENGINEERING,60,3
1214,1-9321425345,VIDYA ACADEMY OF SCIENCE AND TECHNOLOGY TECHNICAL CAMPUS,Kerala,THIRUVANANTHAPURAM,Private-Self Financing,ENGINEERING AND TECHNOLOGY,"APJ Abdul Kalam Technological University, Kerala",UNDER GRADUATE,ELECTRICAL AND ELECTRONICS ENGINEERING,60,3
1215,1-9321425345,VIDYA ACADEMY OF SCIENCE AND TECHNOLOGY TECHNICAL CAMPUS,Kerala,THIRUVANANTHAPURAM,Private-Self Financing,ENGINEERING AND TECHNOLOGY,"APJ Abdul Kalam Technological University, Kerala",UNDER GRADUATE,MECHANICAL ENGINEERING,60,3
1216,1-9321425345,VIDYA ACADEMY OF SCIENCE AND TECHNOLOGY TECHNICAL CAMPUS,Kerala,THIRUVANANTHAPURAM,Private-Self Financing,ENGINEERING AND TECHNOLOGY,"APJ Abdul Kalam Technological University, Kerala",UNDER GRADUATE,COMPUTER SCIENCE ENGINEERING,60,3
1217,1-9321030919,VIMAL JYOTHI ENGINEERING COLLEGE,Kerala,KANNUR,Private-Self Financing,ENGINEERING AND TECHNOLOGY,"APJ Abdul Kalam Technological University, Kerala",UNDER GRADUATE,CIVIL ENGINEERING,90,5
1218,1-9321030919,VIMAL JYOTHI ENGINEERING COLLEGE,Kerala,KANNUR,Private-Self Financing,ENGINEERING AND TECHNOLOGY,"APJ Abdul Kalam Technological University, Kerala",UNDER GRADUATE,COMPUTER SCIENCE AND ENGINEERING,180,9
1219,1-9321030919,VIMAL JYOTHI ENGINEERING COLLEGE,Kerala,KANNUR,Private-Self Financing,ENGINEERING AND TECHNOLOGY,"APJ Abdul Kalam Technological University, Kerala",UNDER GRADUATE,ELECTRONICS AND COMMUNICATION ENGINEERING,90,5
1220,1-9321030919,VIMAL JYOTHI ENGINEERING COLLEGE,Kerala,KANNUR,Private-Self Financing,ENGINEERING AND TECHNOLOGY,"APJ Abdul Kalam Technological University, Kerala",UNDER GRADUATE,ELECTRICAL AND ELECTRONICS ENGINEERING,60,3
1221,1-9321030919,VIMAL JYOTHI ENGINEERING COLLEGE,Kerala,KANNUR,Private-Self Financing,ENGINEERING AND TECHNOLOGY,"APJ Abdul Kalam Technological University, Kerala",UNDER GRADUATE,MECHANICAL ENGINEERING,60,3
1222,1-9321030919,VIMAL JYOTHI ENGINEERING COLLEGE,Kerala,KANNUR,Private-Self Financing,ENGINEERING AND TECHNOLOGY,"APJ Abdul Kalam Technological University, Kerala",UNDER GRADUATE,APPLIED ELECTRONICS AND INSTRUMENTATION ENGINEERING,30,2
1223,1-9321030919,VIMAL JYOTHI ENGINEERING COLLEGE,Kerala,KANNUR,Private-Self Financing,ENGINEERING AND TECHNOLOGY,"APJ Abdul Kalam Technological University, Kerala",UNDER GRADUATE,ARTIFICIAL INTELLIGENCE AND DATA SCIENCE,60,3
1224,1-9321030919,VIMAL JYOTHI ENGINEERING COLLEGE,Kerala,KANNUR,Private-Self Financing,ENGINEERING AND TECHNOLOGY,"APJ Abdul Kalam Technological University, Kerala",UNDER GRADUATE,COMPUTER SCIENCE AND DESIGN,60,3
1225,1-9319250150,VISAT ENGINEERING COLLEGE,Kerala,ERNAKULAM,Private-Self Financing,ENGINEERING AND TECHNOLOGY,"APJ Abdul Kalam Technological University, Kerala",UNDER GRADUATE,CIVIL ENGINEERING,60,3
1226,1-9319250150,VISAT ENGINEERING COLLEGE,Kerala,ERNAKULAM,Private-Self Financing,ENGINEERING AND TECHNOLOGY,"APJ Abdul Kalam Technological University, Kerala",UNDER GRADUATE,COMPUTER SCIENCE AND ENGINEERING,60,3
1227,1-9319250150,VISAT ENGINEERING COLLEGE,Kerala,ERNAKULAM,Private-Self Financing,ENGINEERING AND TECHNOLOGY,"APJ Abdul Kalam Technological University, Kerala",UNDER GRADUATE,ELECTRICAL AND ELECTRONICS ENGINEERING,60,3
1228,1-9319250150,VISAT ENGINEERING COLLEGE,Kerala,ERNAKULAM,Private-Self Financing,ENGINEERING AND TECHNOLOGY,"APJ Abdul Kalam Technological University, Kerala",UNDER GRADUATE,ELECTRONICS COMMUNICATION ENGG,60,3
1229,1-9319250150,VISAT ENGINEERING COLLEGE,Kerala,ERNAKULAM,Private-Self Financing,ENGINEERING AND TECHNOLOGY,"APJ Abdul Kalam Technological University, Kerala",UNDER GRADUATE,MECHANICAL ENGINEERING,60,3
1230,1-9318892474,VISWAJYOTHI COLLEGE OF ENGINEERING TECHNOLOGY,Kerala,ERNAKULAM,Private-Self Financing,ENGINEERING AND TECHNOLOGY,"APJ Abdul Kalam Technological University, Kerala",UNDER GRADUATE,MECHANICAL ENGINEERING,60,3
1231,1-9318892474,VISWAJYOTHI COLLEGE OF ENGINEERING TECHNOLOGY,Kerala,ERNAKULAM,Private-Self Financing,ENGINEERING AND TECHNOLOGY,"APJ Abdul Kalam Technological University, Kerala",UNDER GRADUATE,INFORMATION TECHNOLOGY,60,3
1232,1-9318892474,VISWAJYOTHI COLLEGE OF ENGINEERING TECHNOLOGY,Kerala,ERNAKULAM,Private-Self Financing,ENGINEERING AND TECHNOLOGY,"APJ Abdul Kalam Technological University, Kerala",UNDER GRADUATE,ELECTRONICS COMMUNICATION ENGG,60,3
1233,1-9318892474,VISWAJYOTHI COLLEGE OF ENGINEERING TECHNOLOGY,Kerala,ERNAKULAM,Private-Self Financing,ENGINEERING AND TECHNOLOGY,"APJ Abdul Kalam Technological University, Kerala",UNDER GRADUATE,COMPUTER SCIENCE AND ENGINEERING,120,6
1234,1-9318892474,VISWAJYOTHI COLLEGE OF ENGINEERING TECHNOLOGY,Kerala,ERNAKULAM,Private-Self Financing,ENGINEERING AND TECHNOLOGY,"APJ Abdul Kalam Technological University, Kerala",UNDER GRADUATE,ELECTRICAL AND ELECTRONICS ENGINEERING,60,3
1235,1-9318892474,VISWAJYOTHI COLLEGE OF ENGINEERING TECHNOLOGY,Kerala,ERNAKULAM,Private-Self Financing,ENGINEERING AND TECHNOLOGY,"APJ Abdul Kalam Technological University, Kerala",UNDER GRADUATE,CIVIL ENGINEERING,60,3
1236,1-9318892474,VISWAJYOTHI COLLEGE OF ENGINEERING TECHNOLOGY,Kerala,ERNAKULAM,Private-Self Financing,ENGINEERING AND TECHNOLOGY,"APJ Abdul Kalam Technological University, Kerala",POST GRADUATE,COMPUTER SCIENCE AND ENGINEERING,18,1
1237,1-9318892474,VISWAJYOTHI COLLEGE OF ENGINEERING TECHNOLOGY,Kerala,ERNAKULAM,Private-Self Financing,ENGINEERING AND TECHNOLOGY,"APJ Abdul Kalam Technological University, Kerala",POST GRADUATE,VLSI AND EMBEDDED SYSTEMS DESIGN,18,1
1238,1-9318892474,VISWAJYOTHI COLLEGE OF ENGINEERING TECHNOLOGY,Kerala,ERNAKULAM,Private-Self Financing,MANAGEMENT,"APJ Abdul Kalam Technological University, Kerala",POST GRADUATE,MBA,60,3
1239,1-9318892474,VISWAJYOTHI COLLEGE OF ENGINEERING TECHNOLOGY,Kerala,ERNAKULAM,Private-Self Financing,ENGINEERING AND TECHNOLOGY,"APJ Abdul Kalam Technological University, Kerala",POST GRADUATE,INDUSTRIAL ENGINEERING AND MANAGEMENT,9,0
1240,1-9318892474,VISWAJYOTHI COLLEGE OF ENGINEERING TECHNOLOGY,Kerala,ERNAKULAM,Private-Self Financing,ENGINEERING AND TECHNOLOGY,"APJ Abdul Kalam Technological University, Kerala",UNDER GRADUATE,ARTIFICIAL INTELLIGENCE AND DATA SCIENCE,60,3
1241,1-9318892474,VISWAJYOTHI COLLEGE OF ENGINEERING TECHNOLOGY,Kerala,ERNAKULAM,Private-Self Financing,ENGINEERING AND TECHNOLOGY,"APJ Abdul Kalam Technological University, Kerala",UNDER GRADUATE,COMPUTER SCIENCE AND DESIGN,60,3
1242,1-9317686137,YOUNUS COLLEGE OF ENGINEERING AND TECHNOLOGY,Kerala,KOLLAM,Private-Self Financing,ENGINEERING AND TECHNOLOGY,"APJ Abdul Kalam Technological University, Kerala",UNDER GRADUATE,CIVIL ENGINEERING,120,6
1243,1-9317686137,YOUNUS COLLEGE OF ENGINEERING AND TECHNOLOGY,Kerala,KOLLAM,Private-Self Financing,ENGINEERING AND TECHNOLOGY,"APJ Abdul Kalam Technological University, Kerala",UNDER GRADUATE,ELECTRICAL AND ELECTRONICS ENGINEERING,60,3
1244,1-9317686137,YOUNUS COLLEGE OF ENGINEERING AND TECHNOLOGY,Kerala,KOLLAM,Private-Self Financing,ENGINEERING AND TECHNOLOGY,"APJ Abdul Kalam Technological University, Kerala",UNDER GRADUATE,ELECTRONICS COMMUNICATION ENGG,60,3
1245,1-9317686137,YOUNUS COLLEGE OF ENGINEERING AND TECHNOLOGY,Kerala,KOLLAM,Private-Self Financing,ENGINEERING AND TECHNOLOGY,"APJ Abdul Kalam Technological University, Kerala",UNDER GRADUATE,MECHANICAL ENGINEERING,120,6
1246,1-9317686137,YOUNUS COLLEGE OF ENGINEERING AND TECHNOLOGY,Kerala,KOLLAM,Private-Self Financing,ENGINEERING AND TECHNOLOGY,"APJ Abdul Kalam Technological University, Kerala",UNDER GRADUATE,COMPUTER SCIENCE AND ENGINEERING,60,3
1247,1-9323030379,MADHAV INSTITUTE OF TECHNOLOGY SCIENCE,Madhya Pradesh,GWALIOR,Govt aided,ENGINEERING AND TECHNOLOGY,"Rajiv Gandhi Proudyogiki Vishwavidyalaya, Bhopal",POST GRADUATE,ENVIRONMENT ENGINEERING,18,1
1248,1-9323030379,MADHAV INSTITUTE OF TECHNOLOGY SCIENCE,Madhya Pradesh,GWALIOR,Govt aided,ENGINEERING AND TECHNOLOGY,"Rajiv Gandhi Proudyogiki Vishwavidyalaya, Bhopal",UNDER GRADUATE,ELECTRICAL ENGINEERING,120,6
1249,1-9323030379,MADHAV INSTITUTE OF TECHNOLOGY SCIENCE,Madhya Pradesh,GWALIOR,Govt aided,ENGINEERING AND TECHNOLOGY,"Rajiv Gandhi Proudyogiki Vishwavidyalaya, Bhopal",UNDER GRADUATE,ELECTRONICS ENGINEERING,120,6
1250,1-9323030379,MADHAV INSTITUTE OF TECHNOLOGY SCIENCE,Madhya Pradesh,GWALIOR,Govt aided,ENGINEERING AND TECHNOLOGY,"Rajiv Gandhi Proudyogiki Vishwavidyalaya, Bhopal",UNDER GRADUATE,COMPUTER SCIENCE AND ENGINEERING,120,6
1251,1-9323030379,MADHAV INSTITUTE OF TECHNOLOGY SCIENCE,Madhya Pradesh,GWALIOR,Govt aided,ENGINEERING AND TECHNOLOGY,"Rajiv Gandhi Proudyogiki Vishwavidyalaya, Bhopal",UNDER GRADUATE,INFORMATION TECHNOLOGY,60,3
1252,1-9323030379,MADHAV INSTITUTE OF TECHNOLOGY SCIENCE,Madhya Pradesh,GWALIOR,Govt aided,ENGINEERING AND TECHNOLOGY,"Rajiv Gandhi Proudyogiki Vishwavidyalaya, Bhopal",UNDER GRADUATE,CHEMICAL ENGINEERING,60,3
1253,1-9323030379,MADHAV INSTITUTE OF TECHNOLOGY SCIENCE,Madhya Pradesh,GWALIOR,Govt aided,ENGINEERING AND TECHNOLOGY,"Rajiv Gandhi Proudyogiki Vishwavidyalaya, Bhopal",POST GRADUATE,PRODUCTION ENGINEERING,18,1
1254,1-9323030379,MADHAV INSTITUTE OF TECHNOLOGY SCIENCE,Madhya Pradesh,GWALIOR,Govt aided,ENGINEERING AND TECHNOLOGY,"Rajiv Gandhi Proudyogiki Vishwavidyalaya, Bhopal",POST GRADUATE,CONSTRUCTION TECHNOLOGY AND MANAGEMENT,25,1
1255,1-9323030379,MADHAV INSTITUTE OF TECHNOLOGY SCIENCE,Madhya Pradesh,GWALIOR,Govt aided,COMPUTER APPLICATIONS,"Rajiv Gandhi Proudyogiki Vishwavidyalaya, Bhopal",POST GRADUATE,MASTERS IN COMPUTER APPLICATIONS,60,3
1256,1-9323030379,MADHAV INSTITUTE OF TECHNOLOGY SCIENCE,Madhya Pradesh,GWALIOR,Govt aided,PLANNING,"Rajiv Gandhi Proudyogiki Vishwavidyalaya, Bhopal",UNDER GRADUATE,ARCHITECTURE,40,2
1257,1-9323030379,MADHAV INSTITUTE OF TECHNOLOGY SCIENCE,Madhya Pradesh,GWALIOR,Govt aided,ENGINEERING AND TECHNOLOGY,"Rajiv Gandhi Proudyogiki Vishwavidyalaya, Bhopal",UNDER GRADUATE,CIVIL ENGINEERING,120,6
1258,1-9323030379,MADHAV INSTITUTE OF TECHNOLOGY SCIENCE,Madhya Pradesh,GWALIOR,Govt aided,ENGINEERING AND TECHNOLOGY,"Rajiv Gandhi Proudyogiki Vishwavidyalaya, Bhopal",POST GRADUATE,INFORMATION TECHNOLOGY,18,1
1259,1-9323030379,MADHAV INSTITUTE OF TECHNOLOGY SCIENCE,Madhya Pradesh,GWALIOR,Govt aided,ENGINEERING AND TECHNOLOGY,"Rajiv Gandhi Proudyogiki Vishwavidyalaya, Bhopal",POST GRADUATE,COMMUNICATION CONTROL AND NETWORKING,25,1
1260,1-9323030379,MADHAV INSTITUTE OF TECHNOLOGY SCIENCE,Madhya Pradesh,GWALIOR,Govt aided,PLANNING,"Rajiv Gandhi Proudyogiki Vishwavidyalaya, Bhopal",POST GRADUATE,URBAN PLANNING,18,1
1261,1-9323030379,MADHAV INSTITUTE OF TECHNOLOGY SCIENCE,Madhya Pradesh,GWALIOR,Govt aided,ENGINEERING AND TECHNOLOGY,"Rajiv Gandhi Proudyogiki Vishwavidyalaya, Bhopal",POST GRADUATE,COMPUTER SCIENCE ENGINEERING,18,1
1262,1-9323030379,MADHAV INSTITUTE OF TECHNOLOGY SCIENCE,Madhya Pradesh,GWALIOR,Govt aided,ENGINEERING AND TECHNOLOGY,"Rajiv Gandhi Proudyogiki Vishwavidyalaya, Bhopal",POST GRADUATE,INDUSTRIAL SYSTEM AND DRIVES,25,1
1263,1-9323030379,MADHAV INSTITUTE OF TECHNOLOGY SCIENCE,Madhya Pradesh,GWALIOR,Govt aided,ENGINEERING AND TECHNOLOGY,"Rajiv Gandhi Proudyogiki Vishwavidyalaya, Bhopal",UNDER GRADUATE,MECHANICAL ENGINEERING,120,6
1264,1-9323030379,MADHAV INSTITUTE OF TECHNOLOGY SCIENCE,Madhya Pradesh,GWALIOR,Govt aided,ENGINEERING AND TECHNOLOGY,"Rajiv Gandhi Proudyogiki Vishwavidyalaya, Bhopal",UNDER GRADUATE,AUTOMOBILE ENGINEERING,60,3
1265,1-9323030379,MADHAV INSTITUTE OF TECHNOLOGY SCIENCE,Madhya Pradesh,GWALIOR,Govt aided,ENGINEERING AND TECHNOLOGY,"Rajiv Gandhi Proudyogiki Vishwavidyalaya, Bhopal",UNDER GRADUATE,ELECTRONICS AND TELECOMMUNICATIONS ENGINEERING,60,3
1266,1-9323030379,MADHAV INSTITUTE OF TECHNOLOGY SCIENCE,Madhya Pradesh,GWALIOR,Govt aided,MANAGEMENT,"Jiwaji University, Gwalior",POST GRADUATE,MBA,60,3
1267,1-9323030379,MADHAV INSTITUTE OF TECHNOLOGY SCIENCE,Madhya Pradesh,GWALIOR,Govt aided,ENGINEERING AND TECHNOLOGY,"Rajiv Gandhi Proudyogiki Vishwavidyalaya, Bhopal",UNDER GRADUATE,MATHEMATICS AND COMPUTING,60,3
1268,1-9323030379,MADHAV INSTITUTE OF TECHNOLOGY SCIENCE,Madhya Pradesh,GWALIOR,Govt aided,ENGINEERING AND TECHNOLOGY,"Rajiv Gandhi Proudyogiki Vishwavidyalaya, Bhopal",UNDER GRADUATE,INTERNET OF THINGS,60,3
1269,1-9323030379,MADHAV INSTITUTE OF TECHNOLOGY SCIENCE,Madhya Pradesh,GWALIOR,Govt aided,ENGINEERING AND TECHNOLOGY,"Rajiv Gandhi Proudyogiki Vishwavidyalaya, Bhopal",UNDER GRADUATE,INTERNET OF THINGSIoT,60,3
1270,1-9323030379,MADHAV INSTITUTE OF TECHNOLOGY SCIENCE,Madhya Pradesh,GWALIOR,Govt aided,ENGINEERING AND TECHNOLOGY,"Rajiv Gandhi Proudyogiki Vishwavidyalaya, Bhopal",UNDER GRADUATE,INFORMATION TECHNOLOGYARTIFICIAL INTELLIGENCE AND ROBOTICS,60,3
1271,1-9323030379,MADHAV INSTITUTE OF TECHNOLOGY SCIENCE,Madhya Pradesh,GWALIOR,Govt aided,ENGINEERING AND TECHNOLOGY,"Rajiv Gandhi Proudyogiki Vishwavidyalaya, Bhopal",UNDER GRADUATE,ARTIFICIAL INTELLIGENCE AI AND DATA SCIENCE,60,3
1272,1-9323030379,MADHAV INSTITUTE OF TECHNOLOGY SCIENCE,Madhya Pradesh,GWALIOR,Govt aided,ENGINEERING AND TECHNOLOGY,"Rajiv Gandhi Proudyogiki Vishwavidyalaya, Bhopal",UNDER GRADUATE,ARTIFICIAL INTELLIGENCE AND MACHINE LEARNING,60,3
1273,1-9320545604,SAMRAT ASHOK TECHNOLOGICAL INSTITUTE,Madhya Pradesh,VIDISHA,Govt aided,ENGINEERING AND TECHNOLOGY,"Rajiv Gandhi Proudyogiki Vishwavidyalaya, Bhopal",UNDER GRADUATE,COMPUTER SCIENCE AND ENGINEERING IOT AND CYBER SECURITY WITH BLOCK CHAIN TECHNOLOGY,60,3
1274,1-9320545604,SAMRAT ASHOK TECHNOLOGICAL INSTITUTE,Madhya Pradesh,VIDISHA,Govt aided,ENGINEERING AND TECHNOLOGY,"Rajiv Gandhi Proudyogiki Vishwavidyalaya, Bhopal",UNDER GRADUATE,CONSTRUCTION AUTOMATION,60,3
1275,1-9318735861,SCHOOL OF ENGINEERING SRI SATYA SAI UNIVERSITY OF TECHNOLOGY AND MEDICAL SCIENCESSSSUTMS,Madhya Pradesh,SEHORE,State Private University,ENGINEERING AND TECHNOLOGY,Sri Satya Sai University of Technology & Medical Sciences,POST GRADUATE,STRUCTURAL DESIGN,18,1
1276,1-9318735861,SCHOOL OF ENGINEERING SRI SATYA SAI UNIVERSITY OF TECHNOLOGY AND MEDICAL SCIENCESSSSUTMS,Madhya Pradesh,SEHORE,State Private University,ENGINEERING AND TECHNOLOGY,Sri Satya Sai University of Technology & Medical Sciences,UNDER GRADUATE,MINING ENGINEERING,60,3
1277,1-9318735861,SCHOOL OF ENGINEERING SRI SATYA SAI UNIVERSITY OF TECHNOLOGY AND MEDICAL SCIENCESSSSUTMS,Madhya Pradesh,SEHORE,State Private University,ENGINEERING AND TECHNOLOGY,Sri Satya Sai University of Technology & Medical Sciences,UNDER GRADUATE,CIVIL ENGINEERING,180,9
1278,1-9318735861,SCHOOL OF ENGINEERING SRI SATYA SAI UNIVERSITY OF TECHNOLOGY AND MEDICAL SCIENCESSSSUTMS,Madhya Pradesh,SEHORE,State Private University,ENGINEERING AND TECHNOLOGY,Sri Satya Sai University of Technology & Medical Sciences,UNDER GRADUATE,COMPUTER SCIENCE AND ENGINEERING,120,6
1279,1-9318735861,SCHOOL OF ENGINEERING SRI SATYA SAI UNIVERSITY OF TECHNOLOGY AND MEDICAL SCIENCESSSSUTMS,Madhya Pradesh,SEHORE,State Private University,ENGINEERING AND TECHNOLOGY,Sri Satya Sai University of Technology & Medical Sciences,POST GRADUATE,COMPUTER SCIENCE AND ENGINEERING,18,1
1280,1-9318735861,SCHOOL OF ENGINEERING SRI SATYA SAI UNIVERSITY OF TECHNOLOGY AND MEDICAL SCIENCESSSSUTMS,Madhya Pradesh,SEHORE,State Private University,ENGINEERING AND TECHNOLOGY,Sri Satya Sai University of Technology & Medical Sciences,POST GRADUATE,SOFTWARE ENGINEERING,18,1
1281,1-9318735861,SCHOOL OF ENGINEERING SRI SATYA SAI UNIVERSITY OF TECHNOLOGY AND MEDICAL SCIENCESSSSUTMS,Madhya Pradesh,SEHORE,State Private University,ENGINEERING AND TECHNOLOGY,Sri Satya Sai University of Technology & Medical Sciences,UNDER GRADUATE,INFORMATION TECHNOLOGY,120,6
1282,1-9318735861,SCHOOL OF ENGINEERING SRI SATYA SAI UNIVERSITY OF TECHNOLOGY AND MEDICAL SCIENCESSSSUTMS,Madhya Pradesh,SEHORE,State Private University,ENGINEERING AND TECHNOLOGY,Sri Satya Sai University of Technology & Medical Sciences,POST GRADUATE,INFORMATION TECHNOLOGY,18,1
1283,1-9318735861,SCHOOL OF ENGINEERING SRI SATYA SAI UNIVERSITY OF TECHNOLOGY AND MEDICAL SCIENCESSSSUTMS,Madhya Pradesh,SEHORE,State Private University,MANAGEMENT,Sri Satya Sai University of Technology & Medical Sciences,POST GRADUATE,MBA,120,6
1284,1-9318735861,SCHOOL OF ENGINEERING SRI SATYA SAI UNIVERSITY OF TECHNOLOGY AND MEDICAL SCIENCESSSSUTMS,Madhya Pradesh,SEHORE,State Private University,COMPUTER APPLICATIONS,Sri Satya Sai University of Technology & Medical Sciences,POST GRADUATE,MASTERS IN COMPUTER APPLICATIONS,60,3
1285,1-9318735861,SCHOOL OF ENGINEERING SRI SATYA SAI UNIVERSITY OF TECHNOLOGY AND MEDICAL SCIENCESSSSUTMS,Madhya Pradesh,SEHORE,State Private University,ENGINEERING AND TECHNOLOGY,Sri Satya Sai University of Technology & Medical Sciences,UNDER GRADUATE,MECHANICAL ENGINEERING,180,9
1286,1-9318735861,SCHOOL OF ENGINEERING SRI SATYA SAI UNIVERSITY OF TECHNOLOGY AND MEDICAL SCIENCESSSSUTMS,Madhya Pradesh,SEHORE,State Private University,ENGINEERING AND TECHNOLOGY,Sri Satya Sai University of Technology & Medical Sciences,POST GRADUATE,THERMAL ENGINEERING,36,2
1287,1-9318735861,SCHOOL OF ENGINEERING SRI SATYA SAI UNIVERSITY OF TECHNOLOGY AND MEDICAL SCIENCESSSSUTMS,Madhya Pradesh,SEHORE,State Private University,ENGINEERING AND TECHNOLOGY,Sri Satya Sai University of Technology & Medical Sciences,UNDER GRADUATE,ELECTRICAL AND ELECTRONICS ENGINEERING,120,6
1288,1-9318735861,SCHOOL OF ENGINEERING SRI SATYA SAI UNIVERSITY OF TECHNOLOGY AND MEDICAL SCIENCESSSSUTMS,Madhya Pradesh,SEHORE,State Private University,ENGINEERING AND TECHNOLOGY,Sri Satya Sai University of Technology & Medical Sciences,UNDER GRADUATE,ELECTRICAL ENGINEERING,120,6
1289,1-9318735861,SCHOOL OF ENGINEERING SRI SATYA SAI UNIVERSITY OF TECHNOLOGY AND MEDICAL SCIENCESSSSUTMS,Madhya Pradesh,SEHORE,State Private University,ENGINEERING AND TECHNOLOGY,Sri Satya Sai University of Technology & Medical Sciences,UNDER GRADUATE,ELECTRONICS AND INSTRUMENTATION ENGINEERING,60,3
1290,1-9318735861,SCHOOL OF ENGINEERING SRI SATYA SAI UNIVERSITY OF TECHNOLOGY AND MEDICAL SCIENCESSSSUTMS,Madhya Pradesh,SEHORE,State Private University,ENGINEERING AND TECHNOLOGY,Sri Satya Sai University of Technology & Medical Sciences,UNDER GRADUATE,ELECTRONICS AND COMMUNICATIONS ENGINEERING,120,6
1291,1-9318735861,SCHOOL OF ENGINEERING SRI SATYA SAI UNIVERSITY OF TECHNOLOGY AND MEDICAL SCIENCESSSSUTMS,Madhya Pradesh,SEHORE,State Private University,ENGINEERING AND TECHNOLOGY,Sri Satya Sai University of Technology & Medical Sciences,POST GRADUATE,DIGITAL COMMUNICATIONS,18,1
1292,1-9318735861,SCHOOL OF ENGINEERING SRI SATYA SAI UNIVERSITY OF TECHNOLOGY AND MEDICAL SCIENCESSSSUTMS,Madhya Pradesh,SEHORE,State Private University,ENGINEERING AND TECHNOLOGY,Sri Satya Sai University of Technology & Medical Sciences,POST GRADUATE,VLSI,18,1
1293,1-9318735861,SCHOOL OF ENGINEERING SRI SATYA SAI UNIVERSITY OF TECHNOLOGY AND MEDICAL SCIENCESSSSUTMS,Madhya Pradesh,SEHORE,State Private University,ENGINEERING AND TECHNOLOGY,Sri Satya Sai University of Technology & Medical Sciences,UNDER GRADUATE,CHEMICAL ENGINEERING,60,3
1294,1-9318735861,SCHOOL OF ENGINEERING SRI SATYA SAI UNIVERSITY OF TECHNOLOGY AND MEDICAL SCIENCESSSSUTMS,Madhya Pradesh,SEHORE,State Private University,ENGINEERING AND TECHNOLOGY,Sri Satya Sai University of Technology & Medical Sciences,POST GRADUATE,ELECTRICAL POWER SYSTEMS,36,2
1295,1-9318735861,SCHOOL OF ENGINEERING SRI SATYA SAI UNIVERSITY OF TECHNOLOGY AND MEDICAL SCIENCESSSSUTMS,Madhya Pradesh,SEHORE,State Private University,ENGINEERING AND TECHNOLOGY,Sri Satya Sai University of Technology & Medical Sciences,POST GRADUATE,COMPUTER TECHNOLOGY AND APPLICATIONS,18,1
1296,1-9318735861,SCHOOL OF ENGINEERING SRI SATYA SAI UNIVERSITY OF TECHNOLOGY AND MEDICAL SCIENCESSSSUTMS,Madhya Pradesh,SEHORE,State Private University,ENGINEERING AND TECHNOLOGY,Sri Satya Sai University of Technology & Medical Sciences,POST GRADUATE,POWER ELECTRONICS,18,1
1297,1-9318735861,SCHOOL OF ENGINEERING SRI SATYA SAI UNIVERSITY OF TECHNOLOGY AND MEDICAL SCIENCESSSSUTMS,Madhya Pradesh,SEHORE,State Private University,ENGINEERING AND TECHNOLOGY,Sri Satya Sai University of Technology & Medical Sciences,UNDER GRADUATE,AERONAUTICAL ENGINEERING,120,6
1298,1-9318735861,SCHOOL OF ENGINEERING SRI SATYA SAI UNIVERSITY OF TECHNOLOGY AND MEDICAL SCIENCESSSSUTMS,Madhya Pradesh,SEHORE,State Private University,ENGINEERING AND TECHNOLOGY,Sri Satya Sai University of Technology & Medical Sciences,POST GRADUATE,INDUSTRIAL DESIGN,18,1
1299,1-9322089213,ALLANA INSTITUTE OF MANAGEMENT SCIENCES PUNE,Maharashtra,PUNE,Private-Self Financing,COMPUTER APPLICATIONS,"University of Pune, Pune",POST GRADUATE,MASTERS IN COMPUTER APPLICATIONS,120,6
1300,1-9318536801,ALLANA INSTITUTE OF MANAGEMENT SCIENCES PUNE,Maharashtra,PUNE,Private-Self Financing,MANAGEMENT,"University of Pune, Pune",POST GRADUATE,MBA,120,6
1301,1-9317839460,BHARATI VIDYAPEETH DEEMED UNIVERSITY COLLEGE OF ENGINEERING,Maharashtra,PUNE,Private-Self Financing,ENGINEERING AND TECHNOLOGY,"Bharati Vidyapeeth University, Pune",UNDER GRADUATE,CHEMICAL ENGINEERING,30,2
1302,1-9317839460,BHARATI VIDYAPEETH DEEMED UNIVERSITY COLLEGE OF ENGINEERING,Maharashtra,PUNE,Private-Self Financing,ENGINEERING AND TECHNOLOGY,"Bharati Vidyapeeth University, Pune",UNDER GRADUATE,CIVIL ENGINEERING,60,3
1303,1-9317839460,BHARATI VIDYAPEETH DEEMED UNIVERSITY COLLEGE OF ENGINEERING,Maharashtra,PUNE,Private-Self Financing,ENGINEERING AND TECHNOLOGY,"Bharati Vidyapeeth University, Pune",UNDER GRADUATE,COMPUTER ENGINEERING,120,6
1304,1-9317839460,BHARATI VIDYAPEETH DEEMED UNIVERSITY COLLEGE OF ENGINEERING,Maharashtra,PUNE,Private-Self Financing,ENGINEERING AND TECHNOLOGY,"Bharati Vidyapeeth University, Pune",UNDER GRADUATE,ELECTRICAL ENGINEERING,60,3
1305,1-9317839460,BHARATI VIDYAPEETH DEEMED UNIVERSITY COLLEGE OF ENGINEERING,Maharashtra,PUNE,Private-Self Financing,ENGINEERING AND TECHNOLOGY,"Bharati Vidyapeeth University, Pune",UNDER GRADUATE,ELECTRONICS COMMUNICATION ENGINEERING,120,6
1306,1-9317839460,BHARATI VIDYAPEETH DEEMED UNIVERSITY COLLEGE OF ENGINEERING,Maharashtra,PUNE,Private-Self Financing,ENGINEERING AND TECHNOLOGY,"Bharati Vidyapeeth University, Pune",UNDER GRADUATE,ELECTRONICS AND TELECOMMUNICATIONS ENGINEERING,120,6
1307,1-9317839460,BHARATI VIDYAPEETH DEEMED UNIVERSITY COLLEGE OF ENGINEERING,Maharashtra,PUNE,Private-Self Financing,ENGINEERING AND TECHNOLOGY,"Bharati Vidyapeeth University, Pune",UNDER GRADUATE,INFORMATION TECHNOLOGY,60,3
1308,1-9317839460,BHARATI VIDYAPEETH DEEMED UNIVERSITY COLLEGE OF ENGINEERING,Maharashtra,PUNE,Private-Self Financing,ENGINEERING AND TECHNOLOGY,"Bharati Vidyapeeth University, Pune",UNDER GRADUATE,MECHANICAL ENGINEERING,120,6
1309,1-9317839460,BHARATI VIDYAPEETH DEEMED UNIVERSITY COLLEGE OF ENGINEERING,Maharashtra,PUNE,Private-Self Financing,ENGINEERING AND TECHNOLOGY,"Bharati Vidyapeeth University, Pune",UNDER GRADUATE,PRODUCTION ENGINEERING,30,2
1310,1-9317839460,BHARATI VIDYAPEETH DEEMED UNIVERSITY COLLEGE OF ENGINEERING,Maharashtra,PUNE,Private-Self Financing,ENGINEERING AND TECHNOLOGY,"Bharati Vidyapeeth University, Pune",POST GRADUATE,CHEMICAL ENGINEERING,6,0
1311,1-9317839460,BHARATI VIDYAPEETH DEEMED UNIVERSITY COLLEGE OF ENGINEERING,Maharashtra,PUNE,Private-Self Financing,ENGINEERING AND TECHNOLOGY,"Bharati Vidyapeeth University, Pune",POST GRADUATE,CIVILWATER RESOURCE ENGINEERING,6,0
1312,1-9317839460,BHARATI VIDYAPEETH DEEMED UNIVERSITY COLLEGE OF ENGINEERING,Maharashtra,PUNE,Private-Self Financing,ENGINEERING AND TECHNOLOGY,"Bharati Vidyapeeth University, Pune",POST GRADUATE,COMPUTER ENGINEERING,6,0
1313,1-9317839460,BHARATI VIDYAPEETH DEEMED UNIVERSITY COLLEGE OF ENGINEERING,Maharashtra,PUNE,Private-Self Financing,ENGINEERING AND TECHNOLOGY,"Bharati Vidyapeeth University, Pune",POST GRADUATE,MECHANICAL ENGINEERING,6,0
1314,1-9317839460,BHARATI VIDYAPEETH DEEMED UNIVERSITY COLLEGE OF ENGINEERING,Maharashtra,PUNE,Private-Self Financing,ENGINEERING AND TECHNOLOGY,"Bharati Vidyapeeth University, Pune",POST GRADUATE,ELECTRONICS ENGINEERING,6,0
1315,1-9317839460,BHARATI VIDYAPEETH DEEMED UNIVERSITY COLLEGE OF ENGINEERING,Maharashtra,PUNE,Private-Self Financing,ENGINEERING AND TECHNOLOGY,"Bharati Vidyapeeth University, Pune",POST GRADUATE,ELECTRICAL ENGINEERING,6,0
1316,1-9317839460,BHARATI VIDYAPEETH DEEMED UNIVERSITY COLLEGE OF ENGINEERING,Maharashtra,PUNE,Private-Self Financing,ENGINEERING AND TECHNOLOGY,"Bharati Vidyapeeth University, Pune",POST GRADUATE,INFORMATION TECHNOLOGY,6,0
1317,1-9317839460,BHARATI VIDYAPEETH DEEMED UNIVERSITY COLLEGE OF ENGINEERING,Maharashtra,PUNE,Private-Self Financing,ENGINEERING AND TECHNOLOGY,"Bharati Vidyapeeth University, Pune",POST GRADUATE,NANO TECHNOLOGY,6,0
1318,1-9322696143,COLLEGE OF ENGINEERING PUNE,Maharashtra,PUNE,Government,ENGINEERING AND TECHNOLOGY,"University of Pune, Pune",UNDER GRADUATE,COMPUTER ENGINEERING,120,6
1319,1-9322696143,COLLEGE OF ENGINEERING PUNE,Maharashtra,PUNE,Government,ENGINEERING AND TECHNOLOGY,"University of Pune, Pune",POST GRADUATE,COMPUTER ENGINEERING,18,1
1320,1-9322696143,COLLEGE OF ENGINEERING PUNE,Maharashtra,PUNE,Government,ENGINEERING AND TECHNOLOGY,"University of Pune, Pune",UNDER GRADUATE,INSTRUMENTATION CONTROL ENGINEERING,30,2
1321,1-9322696143,COLLEGE OF ENGINEERING PUNE,Maharashtra,PUNE,Government,ENGINEERING AND TECHNOLOGY,"University of Pune, Pune",POST GRADUATE,PROCESS INSTRUMENTATION,18,1
1322,1-9322696143,COLLEGE OF ENGINEERING PUNE,Maharashtra,PUNE,Government,ENGINEERING AND TECHNOLOGY,"University of Pune, Pune",POST GRADUATE,BIOMEDICAL INSTRUMENTATION,18,1
1323,1-9322696143,COLLEGE OF ENGINEERING PUNE,Maharashtra,PUNE,Government,ENGINEERING AND TECHNOLOGY,"University of Pune, Pune",UNDER GRADUATE,ELECTRICAL ENGINEERING,60,3
1324,1-9322696143,COLLEGE OF ENGINEERING PUNE,Maharashtra,PUNE,Government,ENGINEERING AND TECHNOLOGY,"University of Pune, Pune",POST GRADUATE,POWER ELECTRONICS AND POWER SYSTEMS,18,1
1325,1-9322696143,COLLEGE OF ENGINEERING PUNE,Maharashtra,PUNE,Government,ENGINEERING AND TECHNOLOGY,"University of Pune, Pune",POST GRADUATE,EMBEDDED CONTROL SYSTEMS,18,1
1326,1-9322696143,COLLEGE OF ENGINEERING PUNE,Maharashtra,PUNE,Government,ENGINEERING AND TECHNOLOGY,"University of Pune, Pune",UNDER GRADUATE,MANUFACTURING SCIENCE AND ENGINEERING,60,3
1327,1-9322696143,COLLEGE OF ENGINEERING PUNE,Maharashtra,PUNE,Government,ENGINEERING AND TECHNOLOGY,"University of Pune, Pune",POST GRADUATE,MANUFACTURING ENGINEERING AND AUTOMATION,18,1
1328,1-9322696143,COLLEGE OF ENGINEERING PUNE,Maharashtra,PUNE,Government,ENGINEERING AND TECHNOLOGY,"University of Pune, Pune",POST GRADUATE,MECHATRONICS,18,1
1329,1-9322696143,COLLEGE OF ENGINEERING PUNE,Maharashtra,PUNE,Government,ENGINEERING AND TECHNOLOGY,"University of Pune, Pune",UNDER GRADUATE,MECHANICAL ENGINEERING,120,6
1330,1-9322696143,COLLEGE OF ENGINEERING PUNE,Maharashtra,PUNE,Government,ENGINEERING AND TECHNOLOGY,"University of Pune, Pune",POST GRADUATE,DESIGN ENGINEERING,18,1
1331,1-9322696143,COLLEGE OF ENGINEERING PUNE,Maharashtra,PUNE,Government,ENGINEERING AND TECHNOLOGY,"University of Pune, Pune",POST GRADUATE,THERMAL ENGINEERING,18,1
1332,1-9322696143,COLLEGE OF ENGINEERING PUNE,Maharashtra,PUNE,Government,ENGINEERING AND TECHNOLOGY,"University of Pune, Pune",UNDER GRADUATE,CIVIL ENGINEERING,60,3
1333,1-9322696143,COLLEGE OF ENGINEERING PUNE,Maharashtra,PUNE,Government,ENGINEERING AND TECHNOLOGY,"University of Pune, Pune",POST GRADUATE,CONSTRUCTION MANAGEMENT,18,1
1334,1-9322696143,COLLEGE OF ENGINEERING PUNE,Maharashtra,PUNE,Government,ENGINEERING AND TECHNOLOGY,"University of Pune, Pune",POST GRADUATE,GEOTECHNICAL ENGINEERING,18,1
1335,1-9322696143,COLLEGE OF ENGINEERING PUNE,Maharashtra,PUNE,Government,ENGINEERING AND TECHNOLOGY,"University of Pune, Pune",POST GRADUATE,STRUCTURAL ENGINEERING,18,1
1336,1-9322696143,COLLEGE OF ENGINEERING PUNE,Maharashtra,PUNE,Government,ENGINEERING AND TECHNOLOGY,"University of Pune, Pune",UNDER GRADUATE,METALLURGY AND MATERIAL TECHNOLOGY,60,3
1337,1-9322696143,COLLEGE OF ENGINEERING PUNE,Maharashtra,PUNE,Government,ENGINEERING AND TECHNOLOGY,"University of Pune, Pune",POST GRADUATE,PROCESS METALLURGY,18,1
1338,1-9322696143,COLLEGE OF ENGINEERING PUNE,Maharashtra,PUNE,Government,ENGINEERING AND TECHNOLOGY,"University of Pune, Pune",POST GRADUATE,MATERIALS ENGINEERING,18,1
1339,1-9322696143,COLLEGE OF ENGINEERING PUNE,Maharashtra,PUNE,Government,ENGINEERING AND TECHNOLOGY,"University of Pune, Pune",UNDER GRADUATE,ELECTRONICS TELE-COMMUNICATION ENGINEERING,60,3
1340,1-9322696143,COLLEGE OF ENGINEERING PUNE,Maharashtra,PUNE,Government,ENGINEERING AND TECHNOLOGY,"University of Pune, Pune",POST GRADUATE,SIGNAL PROCESSING,18,1
1341,1-9322696143,COLLEGE OF ENGINEERING PUNE,Maharashtra,PUNE,Government,ENGINEERING AND TECHNOLOGY,"University of Pune, Pune",POST GRADUATE,DIGITAL SYSTEMS,18,1
1342,1-9322696143,COLLEGE OF ENGINEERING PUNE,Maharashtra,PUNE,Government,ENGINEERING AND TECHNOLOGY,"University of Pune, Pune",POST GRADUATE,VLSI AND EMBEDDED SYSTEMS,18,1
1343,1-9322696143,COLLEGE OF ENGINEERING PUNE,Maharashtra,PUNE,Government,ENGINEERING AND TECHNOLOGY,"University of Pune, Pune",POST GRADUATE,WIRED AND WIRELESS COMMUNICATION,18,1
1344,1-9322696143,COLLEGE OF ENGINEERING PUNE,Maharashtra,PUNE,Government,ENGINEERING AND TECHNOLOGY,"University of Pune, Pune",POST GRADUATE,AUTOMOTIVE TECHNOLOGY,36,2
1345,1-9322696143,COLLEGE OF ENGINEERING PUNE,Maharashtra,PUNE,Government,ENGINEERING AND TECHNOLOGY,"University of Pune, Pune",POST GRADUATE,PROJECT MANAGEMENT,18,1
1346,1-9322696143,COLLEGE OF ENGINEERING PUNE,Maharashtra,PUNE,Government,PLANNING,"University of Pune, Pune",UNDER GRADUATE,PLANNING,60,3
1347,1-9322696143,COLLEGE OF ENGINEERING PUNE,Maharashtra,PUNE,Government,PLANNING,"University of Pune, Pune",POST GRADUATE,TOWN COUNTRY PLANNING,31,2
1348,1-9322696143,COLLEGE OF ENGINEERING PUNE,Maharashtra,PUNE,Government,ENGINEERING AND TECHNOLOGY,"University of Pune, Pune",POST GRADUATE,ENVIRONMENT AND WATER RESOURCE ENGINEERING,18,1
1349,1-9322696143,COLLEGE OF ENGINEERING PUNE,Maharashtra,PUNE,Government,ENGINEERING AND TECHNOLOGY,"University of Pune, Pune",POST GRADUATE,POWER ELECTRONICS AND MACHINE DRIVES,24,1
1350,1-9322696143,COLLEGE OF ENGINEERING PUNE,Maharashtra,PUNE,Government,ENGINEERING AND TECHNOLOGY,"University of Pune, Pune",POST GRADUATE,INFORMATION SECURITY,24,1
1351,1-9322696143,COLLEGE OF ENGINEERING PUNE,Maharashtra,PUNE,Government,MANAGEMENT,Savitribai Phule Pune University,POST GRADUATE,MBA,30,2
1352,1-9322696143,COLLEGE OF ENGINEERING PUNE,Maharashtra,PUNE,Government,ENGINEERING AND TECHNOLOGY,Savitribai Phule Pune University,POST GRADUATE,ROBOTICS ARTIFICIAL INTELLIGENCE,18,1
1353,1-9322696143,COLLEGE OF ENGINEERING PUNE,Maharashtra,PUNE,Government,ENGINEERING AND TECHNOLOGY,"University of Pune, Pune",POST GRADUATE,TRANSPORTATION ENGINEERING,24,1
1354,1-9319648277,D.K.T.E. SOCIETYS TEXTILE ENGINEERING INSTITUTE,Maharashtra,KOLHAPUR,Private-Self Financing,ENGINEERING AND TECHNOLOGY,"Shivaji University, Kolhapur",UNDER GRADUATE,TEXTILE TECHNOLOGY,60,3
1355,1-9319648277,D.K.T.E. SOCIETYS TEXTILE ENGINEERING INSTITUTE,Maharashtra,KOLHAPUR,Private-Self Financing,ENGINEERING AND TECHNOLOGY,"Shivaji University, Kolhapur",UNDER GRADUATE,TEXTILE CHEMISTRY,60,3
1356,1-9319648277,D.K.T.E. SOCIETYS TEXTILE ENGINEERING INSTITUTE,Maharashtra,KOLHAPUR,Private-Self Financing,ENGINEERING AND TECHNOLOGY,"Shivaji University, Kolhapur",UNDER GRADUATE,FASHION TECHNOLOGY,30,2
1357,1-9322420002,G. H. RAISONI COLLEGE OF ENGINEERING NAGPUR.,Maharashtra,NAGPUR,Private-Self Financing,ENGINEERING AND TECHNOLOGY,"Rashtrasant Tukadoji Maharaj Nagpur University, Nagpur",POST GRADUATE,STRUCTURAL ENGINEERING,24,1
1358,1-9322420002,G. H. RAISONI COLLEGE OF ENGINEERING NAGPUR.,Maharashtra,NAGPUR,Private-Self Financing,ENGINEERING AND TECHNOLOGY,"Rashtrasant Tukadoji Maharaj Nagpur University, Nagpur",UNDER GRADUATE,ELECTRICAL ENGINEERING,60,3
1359,1-9322420002,G. H. RAISONI COLLEGE OF ENGINEERING NAGPUR.,Maharashtra,NAGPUR,Private-Self Financing,ENGINEERING AND TECHNOLOGY,"Rashtrasant Tukadoji Maharaj Nagpur University, Nagpur",UNDER GRADUATE,ELECTRONICS ENGINEERING,60,3
1360,1-9322420002,G. H. RAISONI COLLEGE OF ENGINEERING NAGPUR.,Maharashtra,NAGPUR,Private-Self Financing,ENGINEERING AND TECHNOLOGY,"Rashtrasant Tukadoji Maharaj Nagpur University, Nagpur",UNDER GRADUATE,ELECTRONICS AND TELECOMMUNICATIONS ENGINEERING,60,3
1361,1-9322420002,G. H. RAISONI COLLEGE OF ENGINEERING NAGPUR.,Maharashtra,NAGPUR,Private-Self Financing,ENGINEERING AND TECHNOLOGY,"Rashtrasant Tukadoji Maharaj Nagpur University, Nagpur",UNDER GRADUATE,COMPUTER SCIENCE AND ENGINEERING,180,9
1362,1-9322420002,G. H. RAISONI COLLEGE OF ENGINEERING NAGPUR.,Maharashtra,NAGPUR,Private-Self Financing,ENGINEERING AND TECHNOLOGY,"Rashtrasant Tukadoji Maharaj Nagpur University, Nagpur",UNDER GRADUATE,INFORMATION TECHNOLOGY,180,9
1363,1-9322420002,G. H. RAISONI COLLEGE OF ENGINEERING NAGPUR.,Maharashtra,NAGPUR,Private-Self Financing,ENGINEERING AND TECHNOLOGY,"Rashtrasant Tukadoji Maharaj Nagpur University, Nagpur",POST GRADUATE,COMPUTER AIDED DESIGN AND MANUFACTURE,18,1
1364,1-9322420002,G. H. RAISONI COLLEGE OF ENGINEERING NAGPUR.,Maharashtra,NAGPUR,Private-Self Financing,ENGINEERING AND TECHNOLOGY,"Rashtrasant Tukadoji Maharaj Nagpur University, Nagpur",POST GRADUATE,VLSI,18,1
1365,1-9322420002,G. H. RAISONI COLLEGE OF ENGINEERING NAGPUR.,Maharashtra,NAGPUR,Private-Self Financing,ENGINEERING AND TECHNOLOGY,"Rashtrasant Tukadoji Maharaj Nagpur University, Nagpur",POST GRADUATE,COMPUTER SCIENCE AND ENGINEERING,18,1
1366,1-9322420002,G. H. RAISONI COLLEGE OF ENGINEERING NAGPUR.,Maharashtra,NAGPUR,Private-Self Financing,ENGINEERING AND TECHNOLOGY,"Rashtrasant Tukadoji Maharaj Nagpur University, Nagpur",POST GRADUATE,INTEGRATED POWER SYSTEMS,18,1
1367,1-9322420002,G. H. RAISONI COLLEGE OF ENGINEERING NAGPUR.,Maharashtra,NAGPUR,Private-Self Financing,MANAGEMENT,"Rashtrasant Tukadoji Maharaj Nagpur University, Nagpur",POST GRADUATE,MBA,60,3
1368,1-9322420002,G. H. RAISONI COLLEGE OF ENGINEERING NAGPUR.,Maharashtra,NAGPUR,Private-Self Financing,ENGINEERING AND TECHNOLOGY,"Rashtrasant Tukadoji Maharaj Nagpur University, Nagpur",POST GRADUATE,TRANSPORTATION ENGINEERING,18,1
1369,1-9322420002,G. H. RAISONI COLLEGE OF ENGINEERING NAGPUR.,Maharashtra,NAGPUR,Private-Self Financing,ENGINEERING AND TECHNOLOGY,"Rashtrasant Tukadoji Maharaj Nagpur University, Nagpur",UNDER GRADUATE,CIVIL ENGINEERING,90,5
1370,1-9322420002,G. H. RAISONI COLLEGE OF ENGINEERING NAGPUR.,Maharashtra,NAGPUR,Private-Self Financing,ENGINEERING AND TECHNOLOGY,"Rashtrasant Tukadoji Maharaj Nagpur University, Nagpur",UNDER GRADUATE,MECHANICAL ENGINEERING,90,5
1371,1-9322420002,G. H. RAISONI COLLEGE OF ENGINEERING NAGPUR.,Maharashtra,NAGPUR,Private-Self Financing,ENGINEERING AND TECHNOLOGY,"Rashtrasant Tukadoji Maharaj Nagpur University, Nagpur",POST GRADUATE,COMMUNICATION ENGINEERING,24,1
1372,1-9322420002,G. H. RAISONI COLLEGE OF ENGINEERING NAGPUR.,Maharashtra,NAGPUR,Private-Self Financing,ENGINEERING AND TECHNOLOGY,"Rashtrasant Tukadoji Maharaj Nagpur University, Nagpur",UNDER GRADUATE,ARTIFICIAL INTELLIGENCE,120,6
1373,1-9322420002,G. H. RAISONI COLLEGE OF ENGINEERING NAGPUR.,Maharashtra,NAGPUR,Private-Self Financing,ENGINEERING AND TECHNOLOGY,"Rashtrasant Tukadoji Maharaj Nagpur University, Nagpur",UNDER GRADUATE,DATA SCIENCE,60,3
1374,1-9322420002,G. H. RAISONI COLLEGE OF ENGINEERING NAGPUR.,Maharashtra,NAGPUR,Private-Self Financing,ENGINEERING AND TECHNOLOGY,"Rashtrasant Tukadoji Maharaj Nagpur University, Nagpur",UNDER GRADUATE,COMPUTER SCIENCE AND ENGINEERING ARTIFICIAL INTELLIGENCE AND MACHINE LEARNING,60,3
1375,1-9322420002,G. H. RAISONI COLLEGE OF ENGINEERING NAGPUR.,Maharashtra,NAGPUR,Private-Self Financing,ENGINEERING AND TECHNOLOGY,"Rashtrasant Tukadoji Maharaj Nagpur University, Nagpur",UNDER GRADUATE,COMPUTER SCIENCE AND ENGINEERING CYBER SECURITY,60,3
1376,1-9322420002,G. H. RAISONI COLLEGE OF ENGINEERING NAGPUR.,Maharashtra,NAGPUR,Private-Self Financing,ENGINEERING AND TECHNOLOGY,"Rashtrasant Tukadoji Maharaj Nagpur University, Nagpur",UNDER GRADUATE,COMPUTER SCIENCE AND ENGINEERING IoT,60,3
1377,1-9318532494,HUMERA KHAN COLLEGE OF PHARMACY,Maharashtra,MUMBAI CITY,Private-Self Financing,PHARMACY,"Mumbai University, Mumbai",UNDER GRADUATE,PHARMACY,100,5
1378,1-9318340850,INSTITUTE OF CHEMICAL TECHNOLOGY,Maharashtra,MUMBAI CITY,Deemed to be University(Govt),ENGINEERING AND TECHNOLOGY,"Institute of Chemical Technology, Mumbai",UNDER GRADUATE,OILS OLEOCHEMICALS AND SURFACTANTS TECHNOLOGY,16,1
1379,1-9317745638,MAHARASHTRA INSTITUTE OF TECHNOLOGY,Maharashtra,AURANGABAD,Private-Self Financing,ENGINEERING AND TECHNOLOGY,"Dr. Babasaheb Ambedkar Marathwada University, Aurangabad",UNDER GRADUATE,ELECTRICAL ENGINEERING,60,3
1380,1-9317745638,MAHARASHTRA INSTITUTE OF TECHNOLOGY,Maharashtra,AURANGABAD,Private-Self Financing,ENGINEERING AND TECHNOLOGY,"Dr. Babasaheb Ambedkar Marathwada University, Aurangabad",POST GRADUATE,ELECTRONICS TELE COMMUNICATION,18,1
1381,1-9317745638,MAHARASHTRA INSTITUTE OF TECHNOLOGY,Maharashtra,AURANGABAD,Private-Self Financing,ENGINEERING AND TECHNOLOGY,"Dr. Babasaheb Ambedkar Marathwada University, Aurangabad",POST GRADUATE,MECHANICAL ENGINEERING,18,1
1382,1-9317745638,MAHARASHTRA INSTITUTE OF TECHNOLOGY,Maharashtra,AURANGABAD,Private-Self Financing,ENGINEERING AND TECHNOLOGY,"Dr. Babasaheb Ambedkar Marathwada University, Aurangabad",UNDER GRADUATE,PLASTIC AND POLYMER ENGINEERING,60,3
1383,1-9317745638,MAHARASHTRA INSTITUTE OF TECHNOLOGY,Maharashtra,AURANGABAD,Private-Self Financing,MANAGEMENT,"Dr. Babasaheb Ambedkar Marathwada University, Aurangabad",POST GRADUATE,MBA,60,3
1384,1-9317745638,MAHARASHTRA INSTITUTE OF TECHNOLOGY,Maharashtra,AURANGABAD,Private-Self Financing,ENGINEERING AND TECHNOLOGY,"Dr. Babasaheb Ambedkar Marathwada University, Aurangabad",UNDER GRADUATE,AGRICULTURAL ENGINEERING,30,2
1385,1-9317745638,MAHARASHTRA INSTITUTE OF TECHNOLOGY,Maharashtra,AURANGABAD,Private-Self Financing,ENGINEERING AND TECHNOLOGY,"Dr. Babasaheb Ambedkar Marathwada University, Aurangabad",UNDER GRADUATE,CIVIL ENGINEERING,120,6
1386,1-9317745638,MAHARASHTRA INSTITUTE OF TECHNOLOGY,Maharashtra,AURANGABAD,Private-Self Financing,ENGINEERING AND TECHNOLOGY,"Dr. Babasaheb Ambedkar Marathwada University, Aurangabad",UNDER GRADUATE,COMPUTER SCIENCE AND ENGINEERING,60,3
1387,1-9317745638,MAHARASHTRA INSTITUTE OF TECHNOLOGY,Maharashtra,AURANGABAD,Private-Self Financing,ENGINEERING AND TECHNOLOGY,"Dr. Babasaheb Ambedkar Marathwada University, Aurangabad",UNDER GRADUATE,ELECTRONICS AND COMPUTER ENGINEERING,60,3
1388,1-9317745638,MAHARASHTRA INSTITUTE OF TECHNOLOGY,Maharashtra,AURANGABAD,Private-Self Financing,ENGINEERING AND TECHNOLOGY,"Dr. Babasaheb Ambedkar Marathwada University, Aurangabad",UNDER GRADUATE,MECHANICAL ENGINEERING,60,3
1389,1-9317745638,MAHARASHTRA INSTITUTE OF TECHNOLOGY,Maharashtra,AURANGABAD,Private-Self Financing,ENGINEERING AND TECHNOLOGY,"Dr. Babasaheb Ambedkar Marathwada University, Aurangabad",POST GRADUATE,FOOD PROCESSING TECHNOLOGY,24,1
1390,1-9317745638,MAHARASHTRA INSTITUTE OF TECHNOLOGY,Maharashtra,AURANGABAD,Private-Self Financing,ENGINEERING AND TECHNOLOGY,"Dr. Babasaheb Ambedkar Marathwada University, Aurangabad",POST GRADUATE,COMPUTER SCIENCE TECHNOLOGY,18,1
1391,1-9322389320,MAHATMA GANDHI MISSIONS JAWAHARLAL NEHRU ENGINEERING COLLEGE,Maharashtra,AURANGABAD,Private-Self Financing,ENGINEERING AND TECHNOLOGY,MGM University Aurangabad,UNDER GRADUATE,ELECTRONICS AND COMPUTER ENGINEERING,120,6
1392,1-9322389320,MAHATMA GANDHI MISSIONS JAWAHARLAL NEHRU ENGINEERING COLLEGE,Maharashtra,AURANGABAD,Private-Self Financing,ENGINEERING AND TECHNOLOGY,MGM University Aurangabad,POST GRADUATE,VLSI AND EMBEDDED SYSTEMS,18,1
1393,1-9322389320,MAHATMA GANDHI MISSIONS JAWAHARLAL NEHRU ENGINEERING COLLEGE,Maharashtra,AURANGABAD,Private-Self Financing,ENGINEERING AND TECHNOLOGY,MGM University Aurangabad,UNDER GRADUATE,MECHANICAL ENGINEERING,120,6
1394,1-9322389320,MAHATMA GANDHI MISSIONS JAWAHARLAL NEHRU ENGINEERING COLLEGE,Maharashtra,AURANGABAD,Private-Self Financing,ENGINEERING AND TECHNOLOGY,MGM University Aurangabad,POST GRADUATE,MECHANICAL ENGINEERING,18,1
1395,1-9322389320,MAHATMA GANDHI MISSIONS JAWAHARLAL NEHRU ENGINEERING COLLEGE,Maharashtra,AURANGABAD,Private-Self Financing,COMPUTER APPLICATIONS,MGM University Aurangabad,POST GRADUATE,MASTERS IN COMPUTER APPLICATIONS,60,3
1396,1-9322389320,MAHATMA GANDHI MISSIONS JAWAHARLAL NEHRU ENGINEERING COLLEGE,Maharashtra,AURANGABAD,Private-Self Financing,ENGINEERING AND TECHNOLOGY,MGM University Aurangabad,UNDER GRADUATE,CIVIL ENGINEERING,120,6
1397,1-9322389320,MAHATMA GANDHI MISSIONS JAWAHARLAL NEHRU ENGINEERING COLLEGE,Maharashtra,AURANGABAD,Private-Self Financing,ENGINEERING AND TECHNOLOGY,MGM University Aurangabad,POST GRADUATE,STRUCTURAL ENGINEERING,18,1
1398,1-9322389320,MAHATMA GANDHI MISSIONS JAWAHARLAL NEHRU ENGINEERING COLLEGE,Maharashtra,AURANGABAD,Private-Self Financing,ENGINEERING AND TECHNOLOGY,MGM University Aurangabad,UNDER GRADUATE,CHEMICAL ENGINEERING,30,2
1399,1-9322389320,MAHATMA GANDHI MISSIONS JAWAHARLAL NEHRU ENGINEERING COLLEGE,Maharashtra,AURANGABAD,Private-Self Financing,ENGINEERING AND TECHNOLOGY,MGM University Aurangabad,UNDER GRADUATE,COMPUTER SCIENCE AND ENGINEERING,180,9
1400,1-9322389320,MAHATMA GANDHI MISSIONS JAWAHARLAL NEHRU ENGINEERING COLLEGE,Maharashtra,AURANGABAD,Private-Self Financing,ENGINEERING AND TECHNOLOGY,MGM University Aurangabad,UNDER GRADUATE,ELECTRICAL AND COMPUTER ENGINEERING,60,3
1401,1-9322389320,MAHATMA GANDHI MISSIONS JAWAHARLAL NEHRU ENGINEERING COLLEGE,Maharashtra,AURANGABAD,Private-Self Financing,ENGINEERING AND TECHNOLOGY,MGM University Aurangabad,POST GRADUATE,COMPUTER SCIENCE AND ENGINEERING DIGITAL TRANSFORMATION,18,1
1402,1-9322389320,MAHATMA GANDHI MISSIONS JAWAHARLAL NEHRU ENGINEERING COLLEGE,Maharashtra,AURANGABAD,Private-Self Financing,ENGINEERING AND TECHNOLOGY,MGM University Aurangabad,POST GRADUATE,ELECTRICAL POWER SYSTEMS,18,1
1403,1-9319693225,MARATHWADA INSTITUTE OF TECHNOLOGY,Maharashtra,AURANGABAD,Private-Self Financing,ENGINEERING AND TECHNOLOGY,"Dr. Babasaheb Ambedkar Technological University, Lonere",UNDER GRADUATE,ELECTRONICS AND COMPUTER ENGINEERING,60,3
1404,1-9319693225,MARATHWADA INSTITUTE OF TECHNOLOGY,Maharashtra,AURANGABAD,Private-Self Financing,ENGINEERING AND TECHNOLOGY,"Dr. Babasaheb Ambedkar Technological University, Lonere",POST GRADUATE,ELECTRICAL DRIVES AND CONTROL,18,1
1405,1-9319693225,MARATHWADA INSTITUTE OF TECHNOLOGY,Maharashtra,AURANGABAD,Private-Self Financing,ENGINEERING AND TECHNOLOGY,"Dr. Babasaheb Ambedkar Technological University, Lonere",POST GRADUATE,EMBEDDED SYSTEMS,24,1
1406,1-9319693225,MARATHWADA INSTITUTE OF TECHNOLOGY,Maharashtra,AURANGABAD,Private-Self Financing,ENGINEERING AND TECHNOLOGY,"Dr. Babasaheb Ambedkar Technological University, Lonere",UNDER GRADUATE,CIVIL ENGINEERING,120,6
1407,1-9319693225,MARATHWADA INSTITUTE OF TECHNOLOGY,Maharashtra,AURANGABAD,Private-Self Financing,ENGINEERING AND TECHNOLOGY,"Dr. Babasaheb Ambedkar Technological University, Lonere",UNDER GRADUATE,COMPUTER SCIENCE AND ENGINEERING,120,6
1408,1-9319693225,MARATHWADA INSTITUTE OF TECHNOLOGY,Maharashtra,AURANGABAD,Private-Self Financing,ENGINEERING AND TECHNOLOGY,"Dr. Babasaheb Ambedkar Technological University, Lonere",UNDER GRADUATE,MECHANICAL ENGINEERING,60,3
1409,1-9319693225,MARATHWADA INSTITUTE OF TECHNOLOGY,Maharashtra,AURANGABAD,Private-Self Financing,ENGINEERING AND TECHNOLOGY,"Dr. Babasaheb Ambedkar Technological University, Lonere",UNDER GRADUATE,ELECTRICAL ENGINEERING,60,3
1410,1-9319693225,MARATHWADA INSTITUTE OF TECHNOLOGY,Maharashtra,AURANGABAD,Private-Self Financing,ENGINEERING AND TECHNOLOGY,"Dr. Babasaheb Ambedkar Technological University, Lonere",POST GRADUATE,MANUFACTURING ENGINEERING,18,1
1411,1-9319693225,MARATHWADA INSTITUTE OF TECHNOLOGY,Maharashtra,AURANGABAD,Private-Self Financing,ENGINEERING AND TECHNOLOGY,"Dr. Babasaheb Ambedkar Technological University, Lonere",POST GRADUATE,COMPUTER SCIENCE AND ENGINEERING,12,1
1412,1-9319693225,MARATHWADA INSTITUTE OF TECHNOLOGY,Maharashtra,AURANGABAD,Private-Self Financing,COMPUTER APPLICATIONS,"Dr. Babasaheb Ambedkar Marathwada University, Aurangabad",POST GRADUATE,MASTERS IN COMPUTER APPLICATIONS,60,3
1413,1-9319693225,MARATHWADA INSTITUTE OF TECHNOLOGY,Maharashtra,AURANGABAD,Private-Self Financing,ENGINEERING AND TECHNOLOGY,"Dr. Babasaheb Ambedkar Technological University, Lonere",POST GRADUATE,STRUCTURAL ENGINEERING,18,1
1414,1-9317762450,N.L.DALMIA INSTITUTE OF MANAGEMENT STUDIES AND RESEARCH,Maharashtra,MUMBAI CITY,Private-Self Financing,MANAGEMENT,None,POST GRADUATE DIPLOMA,PGDM,180,9
1415,1-9317762450,N.L.DALMIA INSTITUTE OF MANAGEMENT STUDIES AND RESEARCH,Maharashtra,MUMBAI CITY,Private-Self Financing,MANAGEMENT,NONE,POST GRADUATE DIPLOMA,PGDMFINANCIAL MANAGEMENT,120,6
1416,1-9318863522,ORIENTAL COLLEGE OF PHARMACY,Maharashtra,MUMBAI CITY,Private-Self Financing,PHARMACY,"Mumbai University, Mumbai",UNDER GRADUATE,PHARMACY,100,5
1417,1-9318388747,PILLAI COLLEGE OF ENGINEERING,Maharashtra,RAIGAD,Private-Self Financing,ENGINEERING AND TECHNOLOGY,"Mumbai University, Mumbai",UNDER GRADUATE,AUTOMOBILE ENGINEERING,60,3
1418,1-9318388747,PILLAI COLLEGE OF ENGINEERING,Maharashtra,RAIGAD,Private-Self Financing,ENGINEERING AND TECHNOLOGY,"Mumbai University, Mumbai",UNDER GRADUATE,MECHANICAL ENGINEERING,90,5
1419,1-9318388747,PILLAI COLLEGE OF ENGINEERING,Maharashtra,RAIGAD,Private-Self Financing,ENGINEERING AND TECHNOLOGY,"Mumbai University, Mumbai",UNDER GRADUATE,COMPUTER ENGINEERING,180,9
1420,1-9318388747,PILLAI COLLEGE OF ENGINEERING,Maharashtra,RAIGAD,Private-Self Financing,ENGINEERING AND TECHNOLOGY,"Mumbai University, Mumbai",UNDER GRADUATE,INFORMATION TECHNOLOGY,120,6
1421,1-9318388747,PILLAI COLLEGE OF ENGINEERING,Maharashtra,RAIGAD,Private-Self Financing,ENGINEERING AND TECHNOLOGY,"Mumbai University, Mumbai",UNDER GRADUATE,ELECTRONICS COMPUTER SCIENCE,90,5
1422,1-9318388747,PILLAI COLLEGE OF ENGINEERING,Maharashtra,RAIGAD,Private-Self Financing,ENGINEERING AND TECHNOLOGY,"Mumbai University, Mumbai",UNDER GRADUATE,ELECTRONICS AND TELECOMMUNICATIONS ENGINEERING,90,5
1423,1-9318406282,PILLAI INSTITUTE OF MANAGEMENT STUDIES AND RESEARCH,Maharashtra,RAIGAD,Private-Self Financing,MANAGEMENT,"Mumbai University, Mumbai",POST GRADUATE,MMS,180,9
1424,1-9318919872,PIMPRI CHINCHWAD COLLEGE OF ENGINEERING,Maharashtra,PUNE,Private-Self Financing,ENGINEERING AND TECHNOLOGY,"University of Pune, Pune",UNDER GRADUATE,COMPUTER ENGINEERING,240,12
1425,1-9318919872,PIMPRI CHINCHWAD COLLEGE OF ENGINEERING,Maharashtra,PUNE,Private-Self Financing,ENGINEERING AND TECHNOLOGY,"University of Pune, Pune",UNDER GRADUATE,INFORMATION TECHNOLOGY,120,6
1426,1-9318919872,PIMPRI CHINCHWAD COLLEGE OF ENGINEERING,Maharashtra,PUNE,Private-Self Financing,ENGINEERING AND TECHNOLOGY,"University of Pune, Pune",UNDER GRADUATE,MECHANICAL ENGINEERING,180,9
1427,1-9318919872,PIMPRI CHINCHWAD COLLEGE OF ENGINEERING,Maharashtra,PUNE,Private-Self Financing,ENGINEERING AND TECHNOLOGY,"University of Pune, Pune",UNDER GRADUATE,ELECTRONICS TELE-COMMUNICATION ENGINEERING,180,9
1428,1-9318919872,PIMPRI CHINCHWAD COLLEGE OF ENGINEERING,Maharashtra,PUNE,Private-Self Financing,ENGINEERING AND TECHNOLOGY,"University of Pune, Pune",UNDER GRADUATE,CIVIL ENGINEERING,60,3
1429,1-9318919872,PIMPRI CHINCHWAD COLLEGE OF ENGINEERING,Maharashtra,PUNE,Private-Self Financing,ENGINEERING AND TECHNOLOGY,"University of Pune, Pune",UNDER GRADUATE,COMPUTER SCIENCE AND ENGINEERING ARTIFICIAL INTELLIGENCE AND MACHINE LEARNING,60,3
1430,1-9321136091,POONA COLLEGE OF PHARMACY ERANDWANE PUNE,Maharashtra,PUNE,Govt aided,PHARMACY,"Bharati Vidyapeeth University, Pune",UNDER GRADUATE,PHARMACY,100,5
1431,1-9322773031,SADHU VASWANI INSTITUTE OF MANAGEMENT STUDIES FOR GIRLS,Maharashtra,PUNE,Private-Self Financing,MANAGEMENT,"University of Pune, Pune",POST GRADUATE,MBA,60,3
1432,1-9318429971,SANT GAJANAN MAHARAJ COLLEGE OF ENGINEERING,Maharashtra,KOLHAPUR,Private-Self Financing,ENGINEERING AND TECHNOLOGY,"Shivaji University, Kolhapur",UNDER GRADUATE,MECHANICAL ENGINEERING,60,3
1433,1-9318429971,SANT GAJANAN MAHARAJ COLLEGE OF ENGINEERING,Maharashtra,KOLHAPUR,Private-Self Financing,ENGINEERING AND TECHNOLOGY,"Shivaji University, Kolhapur",UNDER GRADUATE,CIVIL ENGINEERING,60,3
1434,1-9318429971,SANT GAJANAN MAHARAJ COLLEGE OF ENGINEERING,Maharashtra,KOLHAPUR,Private-Self Financing,ENGINEERING AND TECHNOLOGY,"Shivaji University, Kolhapur",UNDER GRADUATE,ELECTRICAL ENGINEERING,60,3
1435,1-9318429971,SANT GAJANAN MAHARAJ COLLEGE OF ENGINEERING,Maharashtra,KOLHAPUR,Private-Self Financing,ENGINEERING AND TECHNOLOGY,"Shivaji University, Kolhapur",UNDER GRADUATE,ELECTRONICS TELE-COMMUNICATION ENGINEERING,60,3
1436,1-9318429971,SANT GAJANAN MAHARAJ COLLEGE OF ENGINEERING,Maharashtra,KOLHAPUR,Private-Self Financing,ENGINEERING AND TECHNOLOGY,"Shivaji University, Kolhapur",UNDER GRADUATE,COMPUTER SCIENCE ENGINEERING,60,3
1437,1-9319062085,SCTRS PUNE INSTITUTE OF COMPUTER TECHNOLOGY,Maharashtra,PUNE,Private-Self Financing,ENGINEERING AND TECHNOLOGY,"University of Pune, Pune",UNDER GRADUATE,COMPUTER ENGINEERING,240,12
1438,1-9319062085,SCTRS PUNE INSTITUTE OF COMPUTER TECHNOLOGY,Maharashtra,PUNE,Private-Self Financing,ENGINEERING AND TECHNOLOGY,"University of Pune, Pune",UNDER GRADUATE,ELECTRONICS TELE-COMMUNICATION ENGINEERING,240,12
1439,1-9319062085,SCTRS PUNE INSTITUTE OF COMPUTER TECHNOLOGY,Maharashtra,PUNE,Private-Self Financing,ENGINEERING AND TECHNOLOGY,"University of Pune, Pune",UNDER GRADUATE,INFORMATION TECHNOLOGY,180,9
1440,1-9320320565,SHRI RAMDEOBABA COLLEGE OF ENGINEERING AND MANAGEMENT,Maharashtra,NAGPUR,Private-Self Financing,ENGINEERING AND TECHNOLOGY,"Rashtrasant Tukadoji Maharaj Nagpur University, Nagpur",UNDER GRADUATE,CIVIL ENGINEERING,60,3
1441,1-9320320565,SHRI RAMDEOBABA COLLEGE OF ENGINEERING AND MANAGEMENT,Maharashtra,NAGPUR,Private-Self Financing,ENGINEERING AND TECHNOLOGY,"Rashtrasant Tukadoji Maharaj Nagpur University, Nagpur",UNDER GRADUATE,INDUSTRIAL ENGINEERING,60,3
1442,1-9320320565,SHRI RAMDEOBABA COLLEGE OF ENGINEERING AND MANAGEMENT,Maharashtra,NAGPUR,Private-Self Financing,ENGINEERING AND TECHNOLOGY,"Rashtrasant Tukadoji Maharaj Nagpur University, Nagpur",UNDER GRADUATE,INFORMATION TECHNOLOGY,60,3
1443,1-9320320565,SHRI RAMDEOBABA COLLEGE OF ENGINEERING AND MANAGEMENT,Maharashtra,NAGPUR,Private-Self Financing,ENGINEERING AND TECHNOLOGY,"Rashtrasant Tukadoji Maharaj Nagpur University, Nagpur",UNDER GRADUATE,ELECTRICAL ENGINEERING,60,3
1444,1-9320320565,SHRI RAMDEOBABA COLLEGE OF ENGINEERING AND MANAGEMENT,Maharashtra,NAGPUR,Private-Self Financing,ENGINEERING AND TECHNOLOGY,"Rashtrasant Tukadoji Maharaj Nagpur University, Nagpur",UNDER GRADUATE,ELECTRONICS ENGINEERING,120,6
1445,1-9320320565,SHRI RAMDEOBABA COLLEGE OF ENGINEERING AND MANAGEMENT,Maharashtra,NAGPUR,Private-Self Financing,ENGINEERING AND TECHNOLOGY,"Rashtrasant Tukadoji Maharaj Nagpur University, Nagpur",UNDER GRADUATE,ELECTRONICS AND COMMUNICATIONS ENGINEERING,120,6
1446,1-9320320565,SHRI RAMDEOBABA COLLEGE OF ENGINEERING AND MANAGEMENT,Maharashtra,NAGPUR,Private-Self Financing,ENGINEERING AND TECHNOLOGY,"Rashtrasant Tukadoji Maharaj Nagpur University, Nagpur",UNDER GRADUATE,COMPUTER SCIENCE AND ENGINEERING,120,6
1447,1-9320320565,SHRI RAMDEOBABA COLLEGE OF ENGINEERING AND MANAGEMENT,Maharashtra,NAGPUR,Private-Self Financing,ENGINEERING AND TECHNOLOGY,"Rashtrasant Tukadoji Maharaj Nagpur University, Nagpur",UNDER GRADUATE,MECHANICAL ENGINEERING,60,3
1448,1-9320320565,SHRI RAMDEOBABA COLLEGE OF ENGINEERING AND MANAGEMENT,Maharashtra,NAGPUR,Private-Self Financing,COMPUTER APPLICATIONS,"Rashtrasant Tukadoji Maharaj Nagpur University, Nagpur",POST GRADUATE,MASTERS IN COMPUTER APPLICATIONS,120,6
1449,1-9320320565,SHRI RAMDEOBABA COLLEGE OF ENGINEERING AND MANAGEMENT,Maharashtra,NAGPUR,Private-Self Financing,MANAGEMENT,"Rashtrasant Tukadoji Maharaj Nagpur University, Nagpur",POST GRADUATE,MBA,120,6
1450,1-9320320565,SHRI RAMDEOBABA COLLEGE OF ENGINEERING AND MANAGEMENT,Maharashtra,NAGPUR,Private-Self Financing,ENGINEERING AND TECHNOLOGY,"Rashtrasant Tukadoji Maharaj Nagpur University, Nagpur",POST GRADUATE,GEOTECHNICAL ENGINEERING,12,1
1451,1-9320320565,SHRI RAMDEOBABA COLLEGE OF ENGINEERING AND MANAGEMENT,Maharashtra,NAGPUR,Private-Self Financing,ENGINEERING AND TECHNOLOGY,"Rashtrasant Tukadoji Maharaj Nagpur University, Nagpur",POST GRADUATE,INDUSTRIAL ENGINEERING,12,1
1452,1-9320320565,SHRI RAMDEOBABA COLLEGE OF ENGINEERING AND MANAGEMENT,Maharashtra,NAGPUR,Private-Self Financing,ENGINEERING AND TECHNOLOGY,"Rashtrasant Tukadoji Maharaj Nagpur University, Nagpur",POST GRADUATE,VLSI,12,1
1453,1-9320320565,SHRI RAMDEOBABA COLLEGE OF ENGINEERING AND MANAGEMENT,Maharashtra,NAGPUR,Private-Self Financing,ENGINEERING AND TECHNOLOGY,"Rashtrasant Tukadoji Maharaj Nagpur University, Nagpur",POST GRADUATE,STRUCTURAL ENGINEERING,18,1
1454,1-9320320565,SHRI RAMDEOBABA COLLEGE OF ENGINEERING AND MANAGEMENT,Maharashtra,NAGPUR,Private-Self Financing,ENGINEERING AND TECHNOLOGY,"Rashtrasant Tukadoji Maharaj Nagpur University, Nagpur",POST GRADUATE,COMPUTER SCIENCE AND ENGINEERING,18,1
1455,1-9320320565,SHRI RAMDEOBABA COLLEGE OF ENGINEERING AND MANAGEMENT,Maharashtra,NAGPUR,Private-Self Financing,ENGINEERING AND TECHNOLOGY,"Rashtrasant Tukadoji Maharaj Nagpur University, Nagpur",POST GRADUATE,POWER ELECTRONICS AND POWER SYSTEMS,12,1
1456,1-9320320565,SHRI RAMDEOBABA COLLEGE OF ENGINEERING AND MANAGEMENT,Maharashtra,NAGPUR,Private-Self Financing,ENGINEERING AND TECHNOLOGY,"Rashtrasant Tukadoji Maharaj Nagpur University, Nagpur",UNDER GRADUATE,COMPUTER SCIENCE AND ENGINEERING DATA SCIENCE,60,3
1457,1-9320320565,SHRI RAMDEOBABA COLLEGE OF ENGINEERING AND MANAGEMENT,Maharashtra,NAGPUR,Private-Self Financing,ENGINEERING AND TECHNOLOGY,"Rashtrasant Tukadoji Maharaj Nagpur University, Nagpur",UNDER GRADUATE,COMPUTER SCIENCE AND ENGINEERINGARTIFICIAL INTELLIGENCE AND MACHINE LEARNING,60,3
1458,1-9320320565,SHRI RAMDEOBABA COLLEGE OF ENGINEERING AND MANAGEMENT,Maharashtra,NAGPUR,Private-Self Financing,ENGINEERING AND TECHNOLOGY,"Rashtrasant Tukadoji Maharaj Nagpur University, Nagpur",UNDER GRADUATE,BIOMEDICAL ENGINEERING,30,2
1459,1-9320320565,SHRI RAMDEOBABA COLLEGE OF ENGINEERING AND MANAGEMENT,Maharashtra,NAGPUR,Private-Self Financing,ENGINEERING AND TECHNOLOGY,"Rashtrasant Tukadoji Maharaj Nagpur University, Nagpur",UNDER GRADUATE,COMPUTER SCIENCE AND ENGINEERING CYBER SECURITY,60,3
1460,1-9320320565,SHRI RAMDEOBABA COLLEGE OF ENGINEERING AND MANAGEMENT,Maharashtra,NAGPUR,Private-Self Financing,ENGINEERING AND TECHNOLOGY,"Rashtrasant Tukadoji Maharaj Nagpur University, Nagpur",POST GRADUATE,ROBOTICS AND AUTOMATION,12,1
1461,1-9318376910,SYMBIOSIS INSTITUTE OF TECHNOLOGY,Maharashtra,PUNE,Deemed to be University(Pvt),ENGINEERING AND TECHNOLOGY,"SYMBIOSIS International University, Pune",UNDER GRADUATE,CIVIL ENGINEERING,60,3
1462,1-9318376910,SYMBIOSIS INSTITUTE OF TECHNOLOGY,Maharashtra,PUNE,Deemed to be University(Pvt),ENGINEERING AND TECHNOLOGY,"SYMBIOSIS International University, Pune",UNDER GRADUATE,MECHANICAL ENGINEERING,60,3
1463,1-9318376910,SYMBIOSIS INSTITUTE OF TECHNOLOGY,Maharashtra,PUNE,Deemed to be University(Pvt),ENGINEERING AND TECHNOLOGY,"SYMBIOSIS International University, Pune",UNDER GRADUATE,ELECTRONICS TELE-COMMUNICATION ENGINEERING,120,6
1464,1-9318376910,SYMBIOSIS INSTITUTE OF TECHNOLOGY,Maharashtra,PUNE,Deemed to be University(Pvt),ENGINEERING AND TECHNOLOGY,"SYMBIOSIS International University, Pune",UNDER GRADUATE,COMPUTER SCIENCE AND ENGINEERING,180,9
1465,1-9318376910,SYMBIOSIS INSTITUTE OF TECHNOLOGY,Maharashtra,PUNE,Deemed to be University(Pvt),ENGINEERING AND TECHNOLOGY,"SYMBIOSIS International University, Pune",UNDER GRADUATE,MECHANICAL ENGINEERING ROBOTICS AND AUTOMATION,60,3
1466,1-9318376910,SYMBIOSIS INSTITUTE OF TECHNOLOGY,Maharashtra,PUNE,Deemed to be University(Pvt),ENGINEERING AND TECHNOLOGY,"SYMBIOSIS International University, Pune",UNDER GRADUATE,COMPUTER SCIENCE AND ENGINEERING ARTIFICIAL INTELLIGENCE AND MACHINE LEARNING,60,3
1467,1-9424238661,Symbiosis International Deemed University,Maharashtra,PUNE,Deemed to be University(Pvt),MANAGEMENT,"SYMBIOSIS International University, Pune",POST GRADUATE,MASTER OF BUSINESS ADMINISTRATION INTERNATIONAL BUSINESS,120,6
1468,1-9322581338,TERNA PUBLIC CHARITABLE TRUSTS TERNA ENGINEERING COLLEGE,Maharashtra,THANE,Private-Self Financing,ENGINEERING AND TECHNOLOGY,"Mumbai University, Mumbai",UNDER GRADUATE,MECHATRONICS ENGINEERING,60,3
1469,1-9322581338,TERNA PUBLIC CHARITABLE TRUSTS TERNA ENGINEERING COLLEGE,Maharashtra,THANE,Private-Self Financing,ENGINEERING AND TECHNOLOGY,"Mumbai University, Mumbai",UNDER GRADUATE,COMPUTER ENGINEERING,180,9
1470,1-9322581338,TERNA PUBLIC CHARITABLE TRUSTS TERNA ENGINEERING COLLEGE,Maharashtra,THANE,Private-Self Financing,ENGINEERING AND TECHNOLOGY,"Mumbai University, Mumbai",UNDER GRADUATE,ELECTRONICS TELE-COMMUNICATION ENGINEERING,120,6
1471,1-9322581338,TERNA PUBLIC CHARITABLE TRUSTS TERNA ENGINEERING COLLEGE,Maharashtra,THANE,Private-Self Financing,ENGINEERING AND TECHNOLOGY,"Mumbai University, Mumbai",UNDER GRADUATE,MECHANICAL ENGINEERING,120,6
1472,1-9317771476,THADOMAL SHAHANI ENGINEERING COLLEGE,Maharashtra,MUMBAI SUBURBAN,Private-Self Financing,ENGINEERING AND TECHNOLOGY,"Mumbai University, Mumbai",UNDER GRADUATE,CHEMICAL ENGINEERING,60,3
1473,1-9317771476,THADOMAL SHAHANI ENGINEERING COLLEGE,Maharashtra,MUMBAI SUBURBAN,Private-Self Financing,ENGINEERING AND TECHNOLOGY,"Mumbai University, Mumbai",UNDER GRADUATE,COMPUTER ENGINEERING,180,9
1474,1-9317771476,THADOMAL SHAHANI ENGINEERING COLLEGE,Maharashtra,MUMBAI SUBURBAN,Private-Self Financing,ENGINEERING AND TECHNOLOGY,"Mumbai University, Mumbai",UNDER GRADUATE,ARTIFICIAL INTELLIGENCE AND DATA SCIENCE,120,6
1475,1-9321948349,VEERMATA JIJABAI TECHNOLOGICAL INSTITUTE,Maharashtra,MUMBAI CITY,Govt aided,ENGINEERING AND TECHNOLOGY,"Mumbai University, Mumbai",UNDER GRADUATE,CIVIL ENGINEERING,60,3
1476,1-9321948349,VEERMATA JIJABAI TECHNOLOGICAL INSTITUTE,Maharashtra,MUMBAI CITY,Govt aided,ENGINEERING AND TECHNOLOGY,"Mumbai University, Mumbai",UNDER GRADUATE,COMPUTER ENGINEERING,60,3
1477,1-9321948349,VEERMATA JIJABAI TECHNOLOGICAL INSTITUTE,Maharashtra,MUMBAI CITY,Govt aided,ENGINEERING AND TECHNOLOGY,"Mumbai University, Mumbai",UNDER GRADUATE,ELECTRICAL ENGINEERING,60,3
1478,1-9321948349,VEERMATA JIJABAI TECHNOLOGICAL INSTITUTE,Maharashtra,MUMBAI CITY,Govt aided,ENGINEERING AND TECHNOLOGY,"Mumbai University, Mumbai",UNDER GRADUATE,ELECTRONICS ENGINEERING,60,3
1479,1-9321948349,VEERMATA JIJABAI TECHNOLOGICAL INSTITUTE,Maharashtra,MUMBAI CITY,Govt aided,ENGINEERING AND TECHNOLOGY,"Mumbai University, Mumbai",UNDER GRADUATE,INFORMATION TECHNOLOGY,60,3
1480,1-9321948349,VEERMATA JIJABAI TECHNOLOGICAL INSTITUTE,Maharashtra,MUMBAI CITY,Govt aided,ENGINEERING AND TECHNOLOGY,"Mumbai University, Mumbai",UNDER GRADUATE,MECHANICAL ENGINEERING,60,3
1481,1-9321948349,VEERMATA JIJABAI TECHNOLOGICAL INSTITUTE,Maharashtra,MUMBAI CITY,Govt aided,ENGINEERING AND TECHNOLOGY,"Mumbai University, Mumbai",UNDER GRADUATE,PRODUCTION ENGINEERING SANDWICH,60,3
1482,1-9321948349,VEERMATA JIJABAI TECHNOLOGICAL INSTITUTE,Maharashtra,MUMBAI CITY,Govt aided,ENGINEERING AND TECHNOLOGY,"Mumbai University, Mumbai",UNDER GRADUATE,TEXTILE TECHNOLOGY,60,3
1483,1-9321948349,VEERMATA JIJABAI TECHNOLOGICAL INSTITUTE,Maharashtra,MUMBAI CITY,Govt aided,ENGINEERING AND TECHNOLOGY,"Mumbai University, Mumbai",UNDER GRADUATE,ELECTRONICS TELE-COMMUNICATION ENGINEERING,60,3
1484,1-9318511062,VISHWAKARMA INSTITUTE OF INFORMATION TECHNOLOGY,Maharashtra,PUNE,Private-Self Financing,ENGINEERING AND TECHNOLOGY,"University of Pune, Pune",UNDER GRADUATE,CIVIL ENGINEERING,120,6
1485,1-9318511062,VISHWAKARMA INSTITUTE OF INFORMATION TECHNOLOGY,Maharashtra,PUNE,Private-Self Financing,ENGINEERING AND TECHNOLOGY,"University of Pune, Pune",UNDER GRADUATE,COMPUTER ENGINEERING,240,12
1486,1-9318511062,VISHWAKARMA INSTITUTE OF INFORMATION TECHNOLOGY,Maharashtra,PUNE,Private-Self Financing,ENGINEERING AND TECHNOLOGY,"University of Pune, Pune",UNDER GRADUATE,ELECTRONICS TELE-COMMUNICATION ENGINEERING,180,9
1487,1-9318511062,VISHWAKARMA INSTITUTE OF INFORMATION TECHNOLOGY,Maharashtra,PUNE,Private-Self Financing,ENGINEERING AND TECHNOLOGY,"University of Pune, Pune",UNDER GRADUATE,INFORMATION TECHNOLOGY,180,9
1488,1-9318511062,VISHWAKARMA INSTITUTE OF INFORMATION TECHNOLOGY,Maharashtra,PUNE,Private-Self Financing,ENGINEERING AND TECHNOLOGY,"University of Pune, Pune",UNDER GRADUATE,MECHANICAL ENGINEERING,180,9
1489,1-9318511062,VISHWAKARMA INSTITUTE OF INFORMATION TECHNOLOGY,Maharashtra,PUNE,Private-Self Financing,ENGINEERING AND TECHNOLOGY,"University of Pune, Pune",POST GRADUATE,SIGNAL PROCESSING,6,0
1490,1-9318511062,VISHWAKARMA INSTITUTE OF INFORMATION TECHNOLOGY,Maharashtra,PUNE,Private-Self Financing,ENGINEERING AND TECHNOLOGY,"University of Pune, Pune",POST GRADUATE,WATER RESOURCES AND ENVIROMENTAL ENGINEERING,12,1
1491,1-9318511062,VISHWAKARMA INSTITUTE OF INFORMATION TECHNOLOGY,Maharashtra,PUNE,Private-Self Financing,ENGINEERING AND TECHNOLOGY,"University of Pune, Pune",POST GRADUATE,DESIGN ENGINEERING,6,0
1492,1-9318511062,VISHWAKARMA INSTITUTE OF INFORMATION TECHNOLOGY,Maharashtra,PUNE,Private-Self Financing,ENGINEERING AND TECHNOLOGY,"University of Pune, Pune",POST GRADUATE,COMPUTER ENGINEERING,6,0
1493,1-9318511062,VISHWAKARMA INSTITUTE OF INFORMATION TECHNOLOGY,Maharashtra,PUNE,Private-Self Financing,ENGINEERING AND TECHNOLOGY,"University of Pune, Pune",POST GRADUATE,STRUCTURAL ENGINEERING,12,1
1494,1-9318511062,VISHWAKARMA INSTITUTE OF INFORMATION TECHNOLOGY,Maharashtra,PUNE,Private-Self Financing,ENGINEERING AND TECHNOLOGY,"University of Pune, Pune",UNDER GRADUATE,ARTIFICIAL INTELLIGENCE AND DATA SCIENCE,180,9
1495,1-9317681010,VISHWAKARMA INSTITUTE OF TECHNOLOGY,Maharashtra,PUNE,Private-Self Financing,ENGINEERING AND TECHNOLOGY,"University of Pune, Pune",UNDER GRADUATE,ELECTRONICS TELE-COMMUNICATION ENGINEERING,240,12
1496,1-9317681010,VISHWAKARMA INSTITUTE OF TECHNOLOGY,Maharashtra,PUNE,Private-Self Financing,ENGINEERING AND TECHNOLOGY,"University of Pune, Pune",UNDER GRADUATE,CHEMICAL ENGINEERING,120,6
1497,1-9317681010,VISHWAKARMA INSTITUTE OF TECHNOLOGY,Maharashtra,PUNE,Private-Self Financing,ENGINEERING AND TECHNOLOGY,"University of Pune, Pune",UNDER GRADUATE,INFORMATION TECHNOLOGY,60,3
1498,1-9317681010,VISHWAKARMA INSTITUTE OF TECHNOLOGY,Maharashtra,PUNE,Private-Self Financing,ENGINEERING AND TECHNOLOGY,"University of Pune, Pune",UNDER GRADUATE,INSTRUMENTATION AND CONTROL ENGINEERING,120,6
1499,1-9317681010,VISHWAKARMA INSTITUTE OF TECHNOLOGY,Maharashtra,PUNE,Private-Self Financing,ENGINEERING AND TECHNOLOGY,"University of Pune, Pune",UNDER GRADUATE,MECHANICAL ENGINEERING,240,12
1500,1-9317681010,VISHWAKARMA INSTITUTE OF TECHNOLOGY,Maharashtra,PUNE,Private-Self Financing,ENGINEERING AND TECHNOLOGY,"University of Pune, Pune",POST GRADUATE,ELECTRONICS TELE-COMMUNICATION ENGINEERING,18,1
1501,1-9317681010,VISHWAKARMA INSTITUTE OF TECHNOLOGY,Maharashtra,PUNE,Private-Self Financing,ENGINEERING AND TECHNOLOGY,"University of Pune, Pune",POST GRADUATE,COMPUTER SCIENCE AND ENGINEERING,18,1
1502,1-9317681010,VISHWAKARMA INSTITUTE OF TECHNOLOGY,Maharashtra,PUNE,Private-Self Financing,ENGINEERING AND TECHNOLOGY,"University of Pune, Pune",POST GRADUATE,DESIGN ENGINEERING,18,1
1503,1-9317681010,VISHWAKARMA INSTITUTE OF TECHNOLOGY,Maharashtra,PUNE,Private-Self Financing,COMPUTER APPLICATIONS,"University of Pune, Pune",POST GRADUATE,MASTERS IN COMPUTER APPLICATIONS,60,3
1504,1-9317681010,VISHWAKARMA INSTITUTE OF TECHNOLOGY,Maharashtra,PUNE,Private-Self Financing,ENGINEERING AND TECHNOLOGY,"University of Pune, Pune",UNDER GRADUATE,COMPUTER ENGINEERING,240,12
1505,1-9318958099,WALCHAND COLLEGE OF ENGINEERING,Maharashtra,SANGLI,Govt aided,ENGINEERING AND TECHNOLOGY,"Shivaji University, Kolhapur",UNDER GRADUATE,MECHANICAL ENGINEERING,60,3
1506,1-9318958099,WALCHAND COLLEGE OF ENGINEERING,Maharashtra,SANGLI,Govt aided,ENGINEERING AND TECHNOLOGY,"Shivaji University, Kolhapur",UNDER GRADUATE,ELECTRICAL ENGINEERING,60,3
1507,1-9318958099,WALCHAND COLLEGE OF ENGINEERING,Maharashtra,SANGLI,Govt aided,ENGINEERING AND TECHNOLOGY,"Shivaji University, Kolhapur",UNDER GRADUATE,ELECTRONICS ENGINEERING,60,3
1508,1-9318958099,WALCHAND COLLEGE OF ENGINEERING,Maharashtra,SANGLI,Govt aided,ENGINEERING AND TECHNOLOGY,"Shivaji University, Kolhapur",UNDER GRADUATE,COMPUTER SCIENCE AND ENGINEERING,90,5
1509,1-9318958099,WALCHAND COLLEGE OF ENGINEERING,Maharashtra,SANGLI,Govt aided,ENGINEERING AND TECHNOLOGY,"Shivaji University, Kolhapur",UNDER GRADUATE,INFORMATION TECHNOLOGY,60,3
1510,1-9318958099,WALCHAND COLLEGE OF ENGINEERING,Maharashtra,SANGLI,Govt aided,ENGINEERING AND TECHNOLOGY,"Shivaji University, Kolhapur",UNDER GRADUATE,CIVIL ENGINEERING,60,3
1511,1-9319164249,WALCHAND INSTITUTE OF TECHNOLOGY,Maharashtra,SOLAPUR,Private-Self Financing,ENGINEERING AND TECHNOLOGY,"Solapur University, Solapur",UNDER GRADUATE,COMPUTER SCIENCE AND ENGINEERING,120,6
1512,1-9319164249,WALCHAND INSTITUTE OF TECHNOLOGY,Maharashtra,SOLAPUR,Private-Self Financing,ENGINEERING AND TECHNOLOGY,"Solapur University, Solapur",UNDER GRADUATE,ELECTRONICS AND COMPUTER ENGINEERING,60,3
1513,1-9319164249,WALCHAND INSTITUTE OF TECHNOLOGY,Maharashtra,SOLAPUR,Private-Self Financing,ENGINEERING AND TECHNOLOGY,"Solapur University, Solapur",UNDER GRADUATE,ELECTRONICS TELE-COMMUNICATION ENGINEERING,120,6
1514,1-9319164249,WALCHAND INSTITUTE OF TECHNOLOGY,Maharashtra,SOLAPUR,Private-Self Financing,ENGINEERING AND TECHNOLOGY,"Solapur University, Solapur",UNDER GRADUATE,INFORMATION TECHNOLOGY,60,3
1515,1-9319164249,WALCHAND INSTITUTE OF TECHNOLOGY,Maharashtra,SOLAPUR,Private-Self Financing,ENGINEERING AND TECHNOLOGY,"Solapur University, Solapur",UNDER GRADUATE,MECHANICAL AND AUTOMATION ENGINEERING,120,6
1516,1-9319164249,WALCHAND INSTITUTE OF TECHNOLOGY,Maharashtra,SOLAPUR,Private-Self Financing,ENGINEERING AND TECHNOLOGY,"Solapur University, Solapur",POST GRADUATE,COMPUTER SCIENCE AND ENGINEERING,18,1
1517,1-9319164249,WALCHAND INSTITUTE OF TECHNOLOGY,Maharashtra,SOLAPUR,Private-Self Financing,ENGINEERING AND TECHNOLOGY,"Solapur University, Solapur",UNDER GRADUATE,CIVIL ENGINEERING,60,3
1518,1-9319164249,WALCHAND INSTITUTE OF TECHNOLOGY,Maharashtra,SOLAPUR,Private-Self Financing,ENGINEERING AND TECHNOLOGY,"Solapur University, Solapur",POST GRADUATE,DESIGN ENGINEERING,18,1
1519,1-9319164249,WALCHAND INSTITUTE OF TECHNOLOGY,Maharashtra,SOLAPUR,Private-Self Financing,ENGINEERING AND TECHNOLOGY,"Solapur University, Solapur",POST GRADUATE,STRUCTURAL ENGINEERING,25,1
1520,1-9319164249,WALCHAND INSTITUTE OF TECHNOLOGY,Maharashtra,SOLAPUR,Private-Self Financing,ENGINEERING AND TECHNOLOGY,"Solapur University, Solapur",POST GRADUATE,ELECTRONICS ENGINEERING,18,1
1521,1-9317558384,PUDUCHERRY TECHNOLOGICAL UNIVERSITY,Puducherry,PUDUCHERRY,Government,ENGINEERING AND TECHNOLOGY,Puducherry Technological University,UNDER GRADUATE,CIVIL ENGINEERING,120,6
1522,1-9317558384,PUDUCHERRY TECHNOLOGICAL UNIVERSITY,Puducherry,PUDUCHERRY,Government,ENGINEERING AND TECHNOLOGY,Puducherry Technological University,UNDER GRADUATE,MECHANICAL ENGINEERING,120,6
1523,1-9317558384,PUDUCHERRY TECHNOLOGICAL UNIVERSITY,Puducherry,PUDUCHERRY,Government,ENGINEERING AND TECHNOLOGY,Puducherry Technological University,UNDER GRADUATE,ELECTRONICS COMMUNICATION ENGG,120,6
1524,1-9317558384,PUDUCHERRY TECHNOLOGICAL UNIVERSITY,Puducherry,PUDUCHERRY,Government,ENGINEERING AND TECHNOLOGY,Puducherry Technological University,UNDER GRADUATE,COMPUTER SCIENCE AND ENGINEERING,120,6
1525,1-9317558384,PUDUCHERRY TECHNOLOGICAL UNIVERSITY,Puducherry,PUDUCHERRY,Government,ENGINEERING AND TECHNOLOGY,Puducherry Technological University,UNDER GRADUATE,ELECTRICAL AND ELECTRONICS ENGINEERING,60,3
1526,1-9317558384,PUDUCHERRY TECHNOLOGICAL UNIVERSITY,Puducherry,PUDUCHERRY,Government,ENGINEERING AND TECHNOLOGY,Puducherry Technological University,UNDER GRADUATE,ELECTRONICS AND INSTRUMENTATION ENGINEERING,60,3
1527,1-9317558384,PUDUCHERRY TECHNOLOGICAL UNIVERSITY,Puducherry,PUDUCHERRY,Government,ENGINEERING AND TECHNOLOGY,Puducherry Technological University,UNDER GRADUATE,CHEMICAL ENGINEERING,60,3
1528,1-9317558384,PUDUCHERRY TECHNOLOGICAL UNIVERSITY,Puducherry,PUDUCHERRY,Government,ENGINEERING AND TECHNOLOGY,Puducherry Technological University,UNDER GRADUATE,INFORMATION TECHNOLOGY,60,3
1529,1-9317558384,PUDUCHERRY TECHNOLOGICAL UNIVERSITY,Puducherry,PUDUCHERRY,Government,ENGINEERING AND TECHNOLOGY,Puducherry Technological University,POST GRADUATE,PRODUCT DESIGN AND MANUFACTURING,18,1
1530,1-9317558384,PUDUCHERRY TECHNOLOGICAL UNIVERSITY,Puducherry,PUDUCHERRY,Government,ENGINEERING AND TECHNOLOGY,Puducherry Technological University,POST GRADUATE,INFORMATION SECURITY,24,1
1531,1-9317558384,PUDUCHERRY TECHNOLOGICAL UNIVERSITY,Puducherry,PUDUCHERRY,Government,ENGINEERING AND TECHNOLOGY,Puducherry Technological University,POST GRADUATE,ELECTRONICS AND COMMUNICATIONS ENGINEERING,24,1
1532,1-9317558384,PUDUCHERRY TECHNOLOGICAL UNIVERSITY,Puducherry,PUDUCHERRY,Government,ENGINEERING AND TECHNOLOGY,Puducherry Technological University,POST GRADUATE,WIRELESS COMMUNICATIONS,18,1
1533,1-9317558384,PUDUCHERRY TECHNOLOGICAL UNIVERSITY,Puducherry,PUDUCHERRY,Government,ENGINEERING AND TECHNOLOGY,Puducherry Technological University,POST GRADUATE,ELECTRICAL DRIVES AND CONTROL,25,1
1534,1-9317558384,PUDUCHERRY TECHNOLOGICAL UNIVERSITY,Puducherry,PUDUCHERRY,Government,COMPUTER APPLICATIONS,Puducherry Technological University,POST GRADUATE,MASTERS IN COMPUTER APPLICATIONS,30,2
1535,1-9317558384,PUDUCHERRY TECHNOLOGICAL UNIVERSITY,Puducherry,PUDUCHERRY,Government,ENGINEERING AND TECHNOLOGY,Puducherry Technological University,POST GRADUATE,STRUCTURAL ENGINEERING,24,1
1536,1-9319004222,GURU NANAK DEV ENGINEERING COLLEGE,Punjab,LUDHIANA,Govt aided,ENGINEERING AND TECHNOLOGY,"Punjab Technical University, Jalandhar",UNDER GRADUATE,COMPUTER SCIENCE AND ENGINEERING,150,8
1537,1-9319004222,GURU NANAK DEV ENGINEERING COLLEGE,Punjab,LUDHIANA,Govt aided,ENGINEERING AND TECHNOLOGY,"Punjab Technical University, Jalandhar",UNDER GRADUATE,ELECTRICAL ENGINEERING,90,5
1538,1-9319004222,GURU NANAK DEV ENGINEERING COLLEGE,Punjab,LUDHIANA,Govt aided,ENGINEERING AND TECHNOLOGY,"Punjab Technical University, Jalandhar",UNDER GRADUATE,INFORMATION TECHNOLOGY,120,6
1539,1-9319004222,GURU NANAK DEV ENGINEERING COLLEGE,Punjab,LUDHIANA,Govt aided,ENGINEERING AND TECHNOLOGY,"Punjab Technical University, Jalandhar",UNDER GRADUATE,MECHANICAL ENGINEERING PRODUCTION,45,2
1540,1-9319004222,GURU NANAK DEV ENGINEERING COLLEGE,Punjab,LUDHIANA,Govt aided,ENGINEERING AND TECHNOLOGY,"Punjab Technical University, Jalandhar",UNDER GRADUATE,MECHANICAL ENGINEERING,180,9
1541,1-9319004222,GURU NANAK DEV ENGINEERING COLLEGE,Punjab,LUDHIANA,Govt aided,ENGINEERING AND TECHNOLOGY,"Punjab Technical University, Jalandhar",UNDER GRADUATE,ELECTRONICS COMMUNICATION ENGG,90,5
1542,1-9319004222,GURU NANAK DEV ENGINEERING COLLEGE,Punjab,LUDHIANA,Govt aided,ENGINEERING AND TECHNOLOGY,"Punjab Technical University, Jalandhar",UNDER GRADUATE,CIVIL ENGINEERING,120,6
1543,1-9318039133,L M THAPAR SCHOOL OF MANAGEMENT,Punjab,S.A.S NAGAR,Deemed to be University(Pvt),MANAGEMENT,"Thapar Institute of Engineering & Technology, Patiala",POST GRADUATE,MBA,200,10
1544,1-9318039133,L M THAPAR SCHOOL OF MANAGEMENT,Punjab,S.A.S NAGAR,Deemed to be University(Pvt),ENGINEERING AND TECHNOLOGY,"Thapar Institute of Engineering & Technology, Patiala",UNDER GRADUATE,COMPUTER SCIENCE ENGINEERING,120,6
1545,1-9320026163,THAPAR INSTITUTE OF ENGINEERING AND TECHNOLOGY,Punjab,PATIALA,Deemed to be University(Pvt),ENGINEERING AND TECHNOLOGY,"Thapar Institute of Engineering & Technology, Patiala",UNDER GRADUATE,BIOTECHNOLOGY,60,3
1546,1-9320026163,THAPAR INSTITUTE OF ENGINEERING AND TECHNOLOGY,Punjab,PATIALA,Deemed to be University(Pvt),ENGINEERING AND TECHNOLOGY,"Thapar Institute of Engineering & Technology, Patiala",UNDER GRADUATE,CHEMICAL ENGINEERING,60,3
1547,1-9320026163,THAPAR INSTITUTE OF ENGINEERING AND TECHNOLOGY,Punjab,PATIALA,Deemed to be University(Pvt),ENGINEERING AND TECHNOLOGY,"Thapar Institute of Engineering & Technology, Patiala",UNDER GRADUATE,CIVIL ENGINEERING,120,6
1548,1-9320026163,THAPAR INSTITUTE OF ENGINEERING AND TECHNOLOGY,Punjab,PATIALA,Deemed to be University(Pvt),ENGINEERING AND TECHNOLOGY,"Thapar Institute of Engineering & Technology, Patiala",UNDER GRADUATE,COMPUTER ENGINEERING,780,39
1549,1-9320026163,THAPAR INSTITUTE OF ENGINEERING AND TECHNOLOGY,Punjab,PATIALA,Deemed to be University(Pvt),ENGINEERING AND TECHNOLOGY,"Thapar Institute of Engineering & Technology, Patiala",UNDER GRADUATE,ELECTRICAL ENGINEERING,120,6
1550,1-9320026163,THAPAR INSTITUTE OF ENGINEERING AND TECHNOLOGY,Punjab,PATIALA,Deemed to be University(Pvt),ENGINEERING AND TECHNOLOGY,"Thapar Institute of Engineering & Technology, Patiala",UNDER GRADUATE,ELECTRONICS AND COMMUNICATIONS ENGINEERING,240,12
1551,1-9320026163,THAPAR INSTITUTE OF ENGINEERING AND TECHNOLOGY,Punjab,PATIALA,Deemed to be University(Pvt),ENGINEERING AND TECHNOLOGY,"Thapar Institute of Engineering & Technology, Patiala",UNDER GRADUATE,ELECTRONICS AND COMPUTER ENGINEERING,240,12
1552,1-9320026163,THAPAR INSTITUTE OF ENGINEERING AND TECHNOLOGY,Punjab,PATIALA,Deemed to be University(Pvt),ENGINEERING AND TECHNOLOGY,"Thapar Institute of Engineering & Technology, Patiala",UNDER GRADUATE,ELECTRONICS INSTRUMENTATION AND CONTROL ENGINEERING,100,5
1553,1-9320026163,THAPAR INSTITUTE OF ENGINEERING AND TECHNOLOGY,Punjab,PATIALA,Deemed to be University(Pvt),ENGINEERING AND TECHNOLOGY,"Thapar Institute of Engineering & Technology, Patiala",UNDER GRADUATE,MECHANICAL ENGINEERING,240,12
1554,1-9320026163,THAPAR INSTITUTE OF ENGINEERING AND TECHNOLOGY,Punjab,PATIALA,Deemed to be University(Pvt),ENGINEERING AND TECHNOLOGY,"Thapar Institute of Engineering & Technology, Patiala",UNDER GRADUATE,MECHATRONICS,60,3
1555,1-9320026163,THAPAR INSTITUTE OF ENGINEERING AND TECHNOLOGY,Punjab,PATIALA,Deemed to be University(Pvt),ENGINEERING AND TECHNOLOGY,"Thapar Institute of Engineering & Technology, Patiala",POST GRADUATE,CADCAM ENGINEERING,30,2
1556,1-9320026163,THAPAR INSTITUTE OF ENGINEERING AND TECHNOLOGY,Punjab,PATIALA,Deemed to be University(Pvt),ENGINEERING AND TECHNOLOGY,"Thapar Institute of Engineering & Technology, Patiala",POST GRADUATE,STRUCTURAL ENGINEERING,30,2
1557,1-9320026163,THAPAR INSTITUTE OF ENGINEERING AND TECHNOLOGY,Punjab,PATIALA,Deemed to be University(Pvt),ENGINEERING AND TECHNOLOGY,"Thapar Institute of Engineering & Technology, Patiala",POST GRADUATE,ELECTRONICS AND COMMUNICATIONS ENGINEERING,18,1
1558,1-9320026163,THAPAR INSTITUTE OF ENGINEERING AND TECHNOLOGY,Punjab,PATIALA,Deemed to be University(Pvt),ENGINEERING AND TECHNOLOGY,"Thapar Institute of Engineering & Technology, Patiala",POST GRADUATE,SOFTWARE ENGINEERING,18,1
1559,1-9320026163,THAPAR INSTITUTE OF ENGINEERING AND TECHNOLOGY,Punjab,PATIALA,Deemed to be University(Pvt),ENGINEERING AND TECHNOLOGY,"Thapar Institute of Engineering & Technology, Patiala",POST GRADUATE,COMPUTER SCIENCE ENGINEERING,60,3
1560,1-9320026163,THAPAR INSTITUTE OF ENGINEERING AND TECHNOLOGY,Punjab,PATIALA,Deemed to be University(Pvt),ENGINEERING AND TECHNOLOGY,"Thapar Institute of Engineering & Technology, Patiala",POST GRADUATE,POWER SYSTEMS,30,2
1561,1-9320026163,THAPAR INSTITUTE OF ENGINEERING AND TECHNOLOGY,Punjab,PATIALA,Deemed to be University(Pvt),ENGINEERING AND TECHNOLOGY,"Thapar Institute of Engineering & Technology, Patiala",POST GRADUATE,THERMAL ENGINEERING,18,1
1562,1-9320026163,THAPAR INSTITUTE OF ENGINEERING AND TECHNOLOGY,Punjab,PATIALA,Deemed to be University(Pvt),ENGINEERING AND TECHNOLOGY,"Thapar Institute of Engineering & Technology, Patiala",POST GRADUATE,INFRASTRUCTURE ENGINEERING,30,2
1563,1-9320026163,THAPAR INSTITUTE OF ENGINEERING AND TECHNOLOGY,Punjab,PATIALA,Deemed to be University(Pvt),ENGINEERING AND TECHNOLOGY,"Thapar Institute of Engineering & Technology, Patiala",POST GRADUATE,ENVIRONMENTAL SCIENCE AND TECHNOLOGY,18,1
1564,1-9320026163,THAPAR INSTITUTE OF ENGINEERING AND TECHNOLOGY,Punjab,PATIALA,Deemed to be University(Pvt),ENGINEERING AND TECHNOLOGY,"Thapar Institute of Engineering & Technology, Patiala",POST GRADUATE,VLSI DESIGN,30,2
1565,1-9320026163,THAPAR INSTITUTE OF ENGINEERING AND TECHNOLOGY,Punjab,PATIALA,Deemed to be University(Pvt),ENGINEERING AND TECHNOLOGY,"Thapar Institute of Engineering & Technology, Patiala",POST GRADUATE,BIOTECHNOLOGY,18,1
1566,1-9320026163,THAPAR INSTITUTE OF ENGINEERING AND TECHNOLOGY,Punjab,PATIALA,Deemed to be University(Pvt),COMPUTER APPLICATIONS,"Thapar Institute of Engineering & Technology, Patiala",POST GRADUATE,MASTERS IN COMPUTER APPLICATIONS,30,2
1567,1-9320026163,THAPAR INSTITUTE OF ENGINEERING AND TECHNOLOGY,Punjab,PATIALA,Deemed to be University(Pvt),ENGINEERING AND TECHNOLOGY,"Thapar Institute of Engineering & Technology, Patiala",UNDER GRADUATE,COMPUTER SCIENCE AND BUSINESS SYSTEM,60,3
1568,1-9320026163,THAPAR INSTITUTE OF ENGINEERING AND TECHNOLOGY,Punjab,PATIALA,Deemed to be University(Pvt),ENGINEERING AND TECHNOLOGY,"Thapar Institute of Engineering & Technology, Patiala",UNDER GRADUATE,BIOMEDICAL ENGINEERING,60,3
1569,1-9320026163,THAPAR INSTITUTE OF ENGINEERING AND TECHNOLOGY,Punjab,PATIALA,Deemed to be University(Pvt),ENGINEERING AND TECHNOLOGY,"Thapar Institute of Engineering & Technology, Patiala",UNDER GRADUATE,COMPUTER SCIENCE AND ENGINEERING,180,9
1570,1-9320026163,THAPAR INSTITUTE OF ENGINEERING AND TECHNOLOGY,Punjab,PATIALA,Deemed to be University(Pvt),ENGINEERING AND TECHNOLOGY,"Thapar Institute of Engineering & Technology, Patiala",UNDER GRADUATE,ELECTRICAL AND COMPUTER ENGINEERING,60,3
1571,1-9318706287,JAIPURIA INSTITUTE OF MANAGEMENT,Rajasthan,JAIPUR,Private-Self Financing,MANAGEMENT,None,POST GRADUATE DIPLOMA,PGDM,180,9
1572,1-9320029491,THE LNM INSTITUTE OF INFORMATION TECHNOLOGY,Rajasthan,JAIPUR,Deemed to be University(Pvt),ENGINEERING AND TECHNOLOGY,"The LNM Institute of information Technology, Jaipur",UNDER GRADUATE,COMMUNICATION AND COMPUTER ENGINEERING,120,6
1573,1-9320029491,THE LNM INSTITUTE OF INFORMATION TECHNOLOGY,Rajasthan,JAIPUR,Deemed to be University(Pvt),ENGINEERING AND TECHNOLOGY,"The LNM Institute of information Technology, Jaipur",UNDER GRADUATE,COMPUTER SCIENCE ENGINEERING,240,12
1574,1-9320029491,THE LNM INSTITUTE OF INFORMATION TECHNOLOGY,Rajasthan,JAIPUR,Deemed to be University(Pvt),ENGINEERING AND TECHNOLOGY,"The LNM Institute of information Technology, Jaipur",POST GRADUATE,COMPUTER SCIENCE ENGINEERING,15,1
1575,1-9320029491,THE LNM INSTITUTE OF INFORMATION TECHNOLOGY,Rajasthan,JAIPUR,Deemed to be University(Pvt),ENGINEERING AND TECHNOLOGY,"The LNM Institute of information Technology, Jaipur",UNDER GRADUATE,ELECTRONICS AND COMMUNICATIONS ENGINEERING,150,8
1576,1-9320029491,THE LNM INSTITUTE OF INFORMATION TECHNOLOGY,Rajasthan,JAIPUR,Deemed to be University(Pvt),ENGINEERING AND TECHNOLOGY,"The LNM Institute of information Technology, Jaipur",POST GRADUATE,ELECTRONICS AND COMMUNICATIONS ENGINEERING,15,1
1577,1-9320029491,THE LNM INSTITUTE OF INFORMATION TECHNOLOGY,Rajasthan,JAIPUR,Deemed to be University(Pvt),ENGINEERING AND TECHNOLOGY,"The LNM Institute of information Technology, Jaipur",UNDER GRADUATE,MECHANICAL ENGINEERING,60,3
1578,1-9322711790,SIKKIM MANIPAL INSTITUTE OF TECHNOLOGY,Sikkim,EAST SIKKIM,State Private University,ENGINEERING AND TECHNOLOGY,Sikkim Manipal University,UNDER GRADUATE,ELECTRONICS AND COMMUNICATIONS ENGINEERING,60,3
1579,1-9322711790,SIKKIM MANIPAL INSTITUTE OF TECHNOLOGY,Sikkim,EAST SIKKIM,State Private University,ENGINEERING AND TECHNOLOGY,Sikkim Manipal University,UNDER GRADUATE,INFORMATION TECHNOLOGY,90,5
1580,1-9322711790,SIKKIM MANIPAL INSTITUTE OF TECHNOLOGY,Sikkim,EAST SIKKIM,State Private University,ENGINEERING AND TECHNOLOGY,Sikkim Manipal University,UNDER GRADUATE,MECHANICAL ENGINEERING,90,5
1581,1-9322711790,SIKKIM MANIPAL INSTITUTE OF TECHNOLOGY,Sikkim,EAST SIKKIM,State Private University,ENGINEERING AND TECHNOLOGY,Sikkim Manipal University,UNDER GRADUATE,ELECTRICAL AND ELECTRONICS ENGINEERING,60,3
1582,1-9322711790,SIKKIM MANIPAL INSTITUTE OF TECHNOLOGY,Sikkim,EAST SIKKIM,State Private University,ENGINEERING AND TECHNOLOGY,Sikkim Manipal University,UNDER GRADUATE,COMPUTER SCIENCE ENGINEERING,180,9
1583,1-9322711790,SIKKIM MANIPAL INSTITUTE OF TECHNOLOGY,Sikkim,EAST SIKKIM,State Private University,MANAGEMENT,Sikkim Manipal University,POST GRADUATE,MBA,60,3
1584,1-9322711790,SIKKIM MANIPAL INSTITUTE OF TECHNOLOGY,Sikkim,EAST SIKKIM,State Private University,COMPUTER APPLICATIONS,Sikkim Manipal University,POST GRADUATE,MASTERS IN COMPUTER APPLICATIONS,30,2
1585,1-9322711790,SIKKIM MANIPAL INSTITUTE OF TECHNOLOGY,Sikkim,EAST SIKKIM,State Private University,ENGINEERING AND TECHNOLOGY,Sikkim Manipal University,POST GRADUATE,POWER ELECTRONICS ENGINEERING,18,1
1586,1-9322711790,SIKKIM MANIPAL INSTITUTE OF TECHNOLOGY,Sikkim,EAST SIKKIM,State Private University,ENGINEERING AND TECHNOLOGY,Sikkim Manipal University,UNDER GRADUATE,CIVIL ENGINEERING,60,3
1587,1-9321263291,AMRITA COLLEGE OF ENGINEERING AND TECHNOLOGY,Tamil Nadu,KANYAKUMARI,Private-Self Financing,ENGINEERING AND TECHNOLOGY,"Anna University, Chennai",UNDER GRADUATE,ELECTRONICS COMMUNICATION ENGG,120,6
1588,1-9321263291,AMRITA COLLEGE OF ENGINEERING AND TECHNOLOGY,Tamil Nadu,KANYAKUMARI,Private-Self Financing,ENGINEERING AND TECHNOLOGY,"Anna University, Chennai",UNDER GRADUATE,COMPUTER SCIENCE AND ENGINEERING,120,6
1589,1-9321263291,AMRITA COLLEGE OF ENGINEERING AND TECHNOLOGY,Tamil Nadu,KANYAKUMARI,Private-Self Financing,ENGINEERING AND TECHNOLOGY,"Anna University, Chennai",UNDER GRADUATE,CIVIL ENGINEERING,60,3
1590,1-9321263291,AMRITA COLLEGE OF ENGINEERING AND TECHNOLOGY,Tamil Nadu,KANYAKUMARI,Private-Self Financing,ENGINEERING AND TECHNOLOGY,"Anna University, Chennai",UNDER GRADUATE,ELECTRICAL AND ELECTRONICS ENGINEERING,60,3
1591,1-9321263291,AMRITA COLLEGE OF ENGINEERING AND TECHNOLOGY,Tamil Nadu,KANYAKUMARI,Private-Self Financing,ENGINEERING AND TECHNOLOGY,"Anna University, Chennai",UNDER GRADUATE,MECHANICAL ENGINEERING,60,3
1592,1-9321263291,AMRITA COLLEGE OF ENGINEERING AND TECHNOLOGY,Tamil Nadu,KANYAKUMARI,Private-Self Financing,MANAGEMENT,"Anna University, Chennai",POST GRADUATE,MBA,60,3
1593,1-9321263291,AMRITA COLLEGE OF ENGINEERING AND TECHNOLOGY,Tamil Nadu,KANYAKUMARI,Private-Self Financing,ENGINEERING AND TECHNOLOGY,"Anna University, Chennai",POST GRADUATE,COMPUTER SCIENCE AND ENGINEERING,18,1
1594,1-9321263291,AMRITA COLLEGE OF ENGINEERING AND TECHNOLOGY,Tamil Nadu,KANYAKUMARI,Private-Self Financing,ENGINEERING AND TECHNOLOGY,"Anna University, Chennai",POST GRADUATE,EMBEDDED SYSTEMS,18,1
1595,1-9320064395,ANNA UNIVERSITY,Tamil Nadu,CHENNAI,State Government University,ENGINEERING AND TECHNOLOGY,"Madras Institute of Technology, Anna University, Chennai",POST GRADUATE,INSTRUMENTATION ENGINEERING,18,1
1596,1-9320064395,ANNA UNIVERSITY,Tamil Nadu,CHENNAI,State Government University,ENGINEERING AND TECHNOLOGY,"College of Engineering, Anna University, Chennai",POST GRADUATE,COMPUTER SCIENCE ENGINEERING,50,3
1597,1-9320064395,ANNA UNIVERSITY,Tamil Nadu,CHENNAI,State Government University,ENGINEERING AND TECHNOLOGY,"Madras Institute of Technology, Anna University, Chennai",POST GRADUATE,AUTOMOBILE ENGINEERING,25,1
1598,1-9320064395,ANNA UNIVERSITY,Tamil Nadu,CHENNAI,State Government University,ENGINEERING AND TECHNOLOGY,"College of Engineering, Anna University, Chennai",POST GRADUATE,APPLIED ELECTRONICS,25,1
1599,1-9320064395,ANNA UNIVERSITY,Tamil Nadu,CHENNAI,State Government University,ENGINEERING AND TECHNOLOGY,"College of Engineering, Anna University, Chennai",POST GRADUATE,COMMUNICATION SYSTEMS,25,1
1600,1-9320064395,ANNA UNIVERSITY,Tamil Nadu,CHENNAI,State Government University,ENGINEERING AND TECHNOLOGY,"College of Engineering, Anna University, Chennai",POST GRADUATE,LASER AND ELECTRO OPTICS,25,1
1601,1-9320064395,ANNA UNIVERSITY,Tamil Nadu,CHENNAI,State Government University,ENGINEERING AND TECHNOLOGY,"Alagappa College of Technology, Anna University, Chennai",POST GRADUATE,CERAMIC TECHNOLOGY,25,1
1602,1-9320064395,ANNA UNIVERSITY,Tamil Nadu,CHENNAI,State Government University,ENGINEERING AND TECHNOLOGY,"Madras Institute of Technology, Anna University, Chennai",POST GRADUATE,INFORMATION TECHNOLOGY,50,3
1603,1-9320064395,ANNA UNIVERSITY,Tamil Nadu,CHENNAI,State Government University,ENGINEERING AND TECHNOLOGY,"College of Engineering, Anna University, Chennai",POST GRADUATE,STRUCTURAL ENGINEERING,18,1
1604,1-9320064395,ANNA UNIVERSITY,Tamil Nadu,CHENNAI,State Government University,ENGINEERING AND TECHNOLOGY,"College of Engineering, Anna University, Chennai",POST GRADUATE,MEDICAL ELECTRONICS,25,1
1605,1-9320064395,ANNA UNIVERSITY,Tamil Nadu,CHENNAI,State Government University,ENGINEERING AND TECHNOLOGY,"Alagappa College of Technology, Anna University, Chennai",POST GRADUATE,CHEMICAL ENGINEERING,25,1
1606,1-9320064395,ANNA UNIVERSITY,Tamil Nadu,CHENNAI,State Government University,ENGINEERING AND TECHNOLOGY,"Alagappa College of Technology, Anna University, Chennai",POST GRADUATE,PETROLEUM REFINING AND PETROCHEMICALS,25,1
1607,1-9320064395,ANNA UNIVERSITY,Tamil Nadu,CHENNAI,State Government University,ENGINEERING AND TECHNOLOGY,"College of Engineering, Anna University, Chennai",POST GRADUATE,EMBEDDED SYSTEMS TECHNOLOGIES,25,1
1608,1-9320064395,ANNA UNIVERSITY,Tamil Nadu,CHENNAI,State Government University,ENGINEERING AND TECHNOLOGY,"College of Engineering, Anna University, Chennai",UNDER GRADUATE,CIVIL ENGINEERING,90,5
1609,1-9320064395,ANNA UNIVERSITY,Tamil Nadu,CHENNAI,State Government University,ENGINEERING AND TECHNOLOGY,"College of Engineering, Anna University, Chennai",UNDER GRADUATE,INDUSTRIAL ENGINEERING,60,3
1610,1-9320064395,ANNA UNIVERSITY,Tamil Nadu,CHENNAI,State Government University,ENGINEERING AND TECHNOLOGY,"College of Engineering, Anna University, Chennai",UNDER GRADUATE,ELECTRONICS COMMUNICATION ENGINEERING,120,6
1611,1-9320064395,ANNA UNIVERSITY,Tamil Nadu,CHENNAI,State Government University,ENGINEERING AND TECHNOLOGY,"College of Engineering, Anna University, Chennai",UNDER GRADUATE,COMPUTER SCIENCE ENGINEERING,300,15
1612,1-9320064395,ANNA UNIVERSITY,Tamil Nadu,CHENNAI,State Government University,ENGINEERING AND TECHNOLOGY,"Alagappa College of Technology, Anna University, Chennai",UNDER GRADUATE,INDUSTRIAL BIOTECHNOLOGY,60,3
1613,1-9320064395,ANNA UNIVERSITY,Tamil Nadu,CHENNAI,State Government University,ENGINEERING AND TECHNOLOGY,"College of Engineering, Anna University, Chennai",UNDER GRADUATE,INFORMATION TECHNOLOGY,240,12
1614,1-9320064395,ANNA UNIVERSITY,Tamil Nadu,CHENNAI,State Government University,ENGINEERING AND TECHNOLOGY,"College of Engineering, Anna University, Chennai",UNDER GRADUATE,MECHANICAL ENGINEERING,210,11
1615,1-9320064395,ANNA UNIVERSITY,Tamil Nadu,CHENNAI,State Government University,ENGINEERING AND TECHNOLOGY,"Madras Institute of Technology, Anna University, Chennai",UNDER GRADUATE,ELECTRONICS INSTRUMENTATION ENGINEERING,60,3
1616,1-9320064395,ANNA UNIVERSITY,Tamil Nadu,CHENNAI,State Government University,ENGINEERING AND TECHNOLOGY,"Alagappa College of Technology, Anna University, Chennai",UNDER GRADUATE,PETROLEUM ENGINEERING AND TECHNOLOGY,60,3
1617,1-9320064395,ANNA UNIVERSITY,Tamil Nadu,CHENNAI,State Government University,ENGINEERING AND TECHNOLOGY,"Alagappa College of Technology, Anna University, Chennai",UNDER GRADUATE,CHEMICAL ENGINEERING,120,6
1618,1-9320064395,ANNA UNIVERSITY,Tamil Nadu,CHENNAI,State Government University,ENGINEERING AND TECHNOLOGY,"Alagappa College of Technology, Anna University, Chennai",UNDER GRADUATE,CERAMIC TECHNOLOGY,60,3
1619,1-9320064395,ANNA UNIVERSITY,Tamil Nadu,CHENNAI,State Government University,ENGINEERING AND TECHNOLOGY,"Alagappa College of Technology, Anna University, Chennai",UNDER GRADUATE,APPAREL TECHNOLOGY,30,2
1620,1-9320064395,ANNA UNIVERSITY,Tamil Nadu,CHENNAI,State Government University,ENGINEERING AND TECHNOLOGY,"Madras Institute of Technology, Anna University, Chennai",UNDER GRADUATE,AERONAUTICAL ENGINEERING,60,3
1621,1-9320064395,ANNA UNIVERSITY,Tamil Nadu,CHENNAI,State Government University,ENGINEERING AND TECHNOLOGY,"Madras Institute of Technology, Anna University, Chennai",UNDER GRADUATE,AUTOMOBILE ENGINEERING,120,6
1622,1-9320064395,ANNA UNIVERSITY,Tamil Nadu,CHENNAI,State Government University,ENGINEERING AND TECHNOLOGY,"College of Engineering, Anna University, Chennai",UNDER GRADUATE,MANUFACTURING ENGINEERING,60,3
1623,1-9320064395,ANNA UNIVERSITY,Tamil Nadu,CHENNAI,State Government University,ENGINEERING AND TECHNOLOGY,"College of Engineering, Anna University, Chennai",UNDER GRADUATE,ELECTRICAL AND ELECTRONICS ENGINEERING,60,3
1624,1-9320064395,ANNA UNIVERSITY,Tamil Nadu,CHENNAI,State Government University,ENGINEERING AND TECHNOLOGY,"Madras Institute of Technology, Anna University, Chennai",UNDER GRADUATE,ELECTRONICS AND COMMUNICATIONS ENGINEERING,120,6
1625,1-9320064395,ANNA UNIVERSITY,Tamil Nadu,CHENNAI,State Government University,ENGINEERING AND TECHNOLOGY,"Madras Institute of Technology, Anna University, Chennai",UNDER GRADUATE,PRODUCTION ENGINEERING,60,3
1626,1-9320064395,ANNA UNIVERSITY,Tamil Nadu,CHENNAI,State Government University,ENGINEERING AND TECHNOLOGY,"College of Engineering, Anna University, Chennai",UNDER GRADUATE,PRINTING TECHNOLOGY,60,3
1627,1-9320064395,ANNA UNIVERSITY,Tamil Nadu,CHENNAI,State Government University,ENGINEERING AND TECHNOLOGY,"Alagappa College of Technology, Anna University, Chennai",UNDER GRADUATE,FOOD TECHNOLOGY,40,2
1628,1-9320064395,ANNA UNIVERSITY,Tamil Nadu,CHENNAI,State Government University,ENGINEERING AND TECHNOLOGY,"College of Engineering, Anna University, Chennai",UNDER GRADUATE,BIOMEDICAL ENGINEERING,60,3
1629,1-9320064395,ANNA UNIVERSITY,Tamil Nadu,CHENNAI,State Government University,ENGINEERING AND TECHNOLOGY,"Alagappa College of Technology, Anna University, Chennai",UNDER GRADUATE,Pharmaceutical Technology,60,3
1630,1-9320064395,ANNA UNIVERSITY,Tamil Nadu,CHENNAI,State Government University,ENGINEERING AND TECHNOLOGY,"Alagappa College of Technology, Anna University, Chennai",UNDER GRADUATE,LEATHER TECHNOLOGY,60,3
1631,1-9320064395,ANNA UNIVERSITY,Tamil Nadu,CHENNAI,State Government University,ENGINEERING AND TECHNOLOGY,"College of Engineering, Anna University, Chennai",UNDER GRADUATE,GEO INFORMATICS,60,3
1632,1-9320064395,ANNA UNIVERSITY,Tamil Nadu,CHENNAI,State Government University,ENGINEERING AND TECHNOLOGY,"College of Engineering, Anna University, Chennai",UNDER GRADUATE,MINING ENGINEERING,30,2
1633,1-9320064395,ANNA UNIVERSITY,Tamil Nadu,CHENNAI,State Government University,ENGINEERING AND TECHNOLOGY,"College of Engineering, Anna University, Chennai",UNDER GRADUATE,MATERIAL SCIENCE AND ENGINEERING,30,2
1634,1-9320064395,ANNA UNIVERSITY,Tamil Nadu,CHENNAI,State Government University,ENGINEERING AND TECHNOLOGY,"Madras Institute of Technology, Anna University, Chennai",UNDER GRADUATE,RUBBER AND PLASTICS TECHNOLOGY,60,3
1635,1-9320064395,ANNA UNIVERSITY,Tamil Nadu,CHENNAI,State Government University,PLANNING,"Anna University, Chennai",UNDER GRADUATE,ARCHITECTURE,80,4
1636,1-9320733725,AVINASHILINGAM INSTITUTE FOR HOME SCIENCE AND HIGHER EDUCATION FOR WOMEN DEEMED TO BE UNIVERSITY,Tamil Nadu,COIMBATORE,Deemed to be University(Govt),ENGINEERING AND TECHNOLOGY,"Avinashilingam University, Coimbatore",UNDER GRADUATE,BIOMEDICAL INSTRUMENTATION,60,3
1637,1-9320733725,AVINASHILINGAM INSTITUTE FOR HOME SCIENCE AND HIGHER EDUCATION FOR WOMEN DEEMED TO BE UNIVERSITY,Tamil Nadu,COIMBATORE,Deemed to be University(Govt),ENGINEERING AND TECHNOLOGY,"Avinashilingam University, Coimbatore",UNDER GRADUATE,COMPUTER SCIENCE ENGINEERING,60,3
1638,1-9320733725,AVINASHILINGAM INSTITUTE FOR HOME SCIENCE AND HIGHER EDUCATION FOR WOMEN DEEMED TO BE UNIVERSITY,Tamil Nadu,COIMBATORE,Deemed to be University(Govt),ENGINEERING AND TECHNOLOGY,"Avinashilingam University, Coimbatore",UNDER GRADUATE,FOOD PROCESSING PRESERVATION,60,3
1639,1-9320733725,AVINASHILINGAM INSTITUTE FOR HOME SCIENCE AND HIGHER EDUCATION FOR WOMEN DEEMED TO BE UNIVERSITY,Tamil Nadu,COIMBATORE,Deemed to be University(Govt),ENGINEERING AND TECHNOLOGY,"Avinashilingam University, Coimbatore",UNDER GRADUATE,PRINTING TECHNOLOGY,20,1
1640,1-9320733725,AVINASHILINGAM INSTITUTE FOR HOME SCIENCE AND HIGHER EDUCATION FOR WOMEN DEEMED TO BE UNIVERSITY,Tamil Nadu,COIMBATORE,Deemed to be University(Govt),ENGINEERING AND TECHNOLOGY,"Avinashilingam University, Coimbatore",UNDER GRADUATE,ELECTRONICS COMMUNICATION ENGG,60,3
1641,1-9320733725,AVINASHILINGAM INSTITUTE FOR HOME SCIENCE AND HIGHER EDUCATION FOR WOMEN DEEMED TO BE UNIVERSITY,Tamil Nadu,COIMBATORE,Deemed to be University(Govt),ENGINEERING AND TECHNOLOGY,"Avinashilingam University, Coimbatore",UNDER GRADUATE,CIVIL ENGINEERING WITH COMPUTER APPLICATION,30,2
1642,1-9320733725,AVINASHILINGAM INSTITUTE FOR HOME SCIENCE AND HIGHER EDUCATION FOR WOMEN DEEMED TO BE UNIVERSITY,Tamil Nadu,COIMBATORE,Deemed to be University(Govt),ENGINEERING AND TECHNOLOGY,"Avinashilingam University, Coimbatore",UNDER GRADUATE,ARTIFICIAL INTELLIGENCE AND DATA SCIENCE,30,2
1643,1-9320023375,B S A CRESCENT INSTITUTE OF SCIENCE AND TECHNOLOGY,Tamil Nadu,KANCHIPURAM,Deemed to be University(Pvt),ENGINEERING AND TECHNOLOGY,B.S. Abdur Rahman Crescent Institute of Science & Technology,UNDER GRADUATE,POLYMER ENGINEERING,30,2
1644,1-9320023375,B S A CRESCENT INSTITUTE OF SCIENCE AND TECHNOLOGY,Tamil Nadu,KANCHIPURAM,Deemed to be University(Pvt),ENGINEERING AND TECHNOLOGY,B.S. Abdur Rahman Crescent Institute of Science & Technology,UNDER GRADUATE,CIVIL ENGINEERING,60,3
1645,1-9320023375,B S A CRESCENT INSTITUTE OF SCIENCE AND TECHNOLOGY,Tamil Nadu,KANCHIPURAM,Deemed to be University(Pvt),ENGINEERING AND TECHNOLOGY,B.S. Abdur Rahman Crescent Institute of Science & Technology,UNDER GRADUATE,MECHANICAL ENGINEERING,120,6
1646,1-9320023375,B S A CRESCENT INSTITUTE OF SCIENCE AND TECHNOLOGY,Tamil Nadu,KANCHIPURAM,Deemed to be University(Pvt),ENGINEERING AND TECHNOLOGY,B.S. Abdur Rahman Crescent Institute of Science & Technology,UNDER GRADUATE,ELECTRICAL AND ELECTRONICS ENGINEERING,90,5
1647,1-9320023375,B S A CRESCENT INSTITUTE OF SCIENCE AND TECHNOLOGY,Tamil Nadu,KANCHIPURAM,Deemed to be University(Pvt),ENGINEERING AND TECHNOLOGY,B.S.Abdur Rahman Crescent Institute of Science & Technology,UNDER GRADUATE,COMPUTER SCIENCE AND ENGINEERING,180,9
1648,1-9320023375,B S A CRESCENT INSTITUTE OF SCIENCE AND TECHNOLOGY,Tamil Nadu,KANCHIPURAM,Deemed to be University(Pvt),ENGINEERING AND TECHNOLOGY,B.S. Abdur Rahman Crescent Institute of Science & Technology,UNDER GRADUATE,ELECTRONICS AND COMMUNICATIONS ENGINEERING,120,6
1649,1-9320023375,B S A CRESCENT INSTITUTE OF SCIENCE AND TECHNOLOGY,Tamil Nadu,KANCHIPURAM,Deemed to be University(Pvt),ENGINEERING AND TECHNOLOGY,B.S. Abdur Rahman Crescent Institute of Science & Technology,UNDER GRADUATE,ELECTRONICS AND INSTRUMENTATION ENGINEERING,30,2
1650,1-9320023375,B S A CRESCENT INSTITUTE OF SCIENCE AND TECHNOLOGY,Tamil Nadu,KANCHIPURAM,Deemed to be University(Pvt),ENGINEERING AND TECHNOLOGY,B.S.Abdur Rahman Crescent Institute of Science & Technology,UNDER GRADUATE,INFORMATION TECHNOLOGY,60,3
1651,1-9320023375,B S A CRESCENT INSTITUTE OF SCIENCE AND TECHNOLOGY,Tamil Nadu,KANCHIPURAM,Deemed to be University(Pvt),ENGINEERING AND TECHNOLOGY,B.S. Abdur Rahman Crescent Institute of Science & Technology,UNDER GRADUATE,AERO SPACE ENGINEERING,30,2
1652,1-9320023375,B S A CRESCENT INSTITUTE OF SCIENCE AND TECHNOLOGY,Tamil Nadu,KANCHIPURAM,Deemed to be University(Pvt),ENGINEERING AND TECHNOLOGY,B.S. Abdur Rahman Crescent Institute of Science & Technology,UNDER GRADUATE,AUTOMOBILE ENGINEERING,30,2
1653,1-9320023375,B S A CRESCENT INSTITUTE OF SCIENCE AND TECHNOLOGY,Tamil Nadu,KANCHIPURAM,Deemed to be University(Pvt),ENGINEERING AND TECHNOLOGY,B.S. Abdur Rahman Crescent Institute of Science & Technology,UNDER GRADUATE,BIOTECHNOLOGY,60,3
1654,1-9320023375,B S A CRESCENT INSTITUTE OF SCIENCE AND TECHNOLOGY,Tamil Nadu,KANCHIPURAM,Deemed to be University(Pvt),MANAGEMENT,B.S.Abdur Rahman Crescent Institute of Science & Technology,POST GRADUATE,MBA,180,9
1655,1-9320023375,B S A CRESCENT INSTITUTE OF SCIENCE AND TECHNOLOGY,Tamil Nadu,KANCHIPURAM,Deemed to be University(Pvt),ENGINEERING AND TECHNOLOGY,B.S.Abdur Rahman Crescent Institute of Science & Technology,POST GRADUATE,CAD CAM,18,1
1656,1-9320023375,B S A CRESCENT INSTITUTE OF SCIENCE AND TECHNOLOGY,Tamil Nadu,KANCHIPURAM,Deemed to be University(Pvt),ENGINEERING AND TECHNOLOGY,B.S.Abdur Rahman Crescent Institute of Science & Technology,POST GRADUATE,COMPUTER SCIENCE AND ENGINEERING,18,1
1657,1-9320023375,B S A CRESCENT INSTITUTE OF SCIENCE AND TECHNOLOGY,Tamil Nadu,KANCHIPURAM,Deemed to be University(Pvt),ENGINEERING AND TECHNOLOGY,B.S.Abdur Rahman Crescent Institute of Science & Technology,POST GRADUATE,POWER SYSTEMS ENGINEERING,18,1
1658,1-9320023375,B S A CRESCENT INSTITUTE OF SCIENCE AND TECHNOLOGY,Tamil Nadu,KANCHIPURAM,Deemed to be University(Pvt),ENGINEERING AND TECHNOLOGY,B.S.Abdur Rahman Crescent Institute of Science & Technology,POST GRADUATE,STRUCTURAL ENGINEERING,18,1
1659,1-9320023375,B S A CRESCENT INSTITUTE OF SCIENCE AND TECHNOLOGY,Tamil Nadu,KANCHIPURAM,Deemed to be University(Pvt),ENGINEERING AND TECHNOLOGY,B.S.Abdur Rahman Crescent Institute of Science & Technology,POST GRADUATE,INFORMATION TECHNOLOGY,18,1
1660,1-9320023375,B S A CRESCENT INSTITUTE OF SCIENCE AND TECHNOLOGY,Tamil Nadu,KANCHIPURAM,Deemed to be University(Pvt),COMPUTER APPLICATIONS,B.S.Abdur Rahman Crescent Institute of Science & Technology,POST GRADUATE,MASTER OF COMPUTER APPLICATIONS,120,6
1661,1-9320023375,B S A CRESCENT INSTITUTE OF SCIENCE AND TECHNOLOGY,Tamil Nadu,KANCHIPURAM,Deemed to be University(Pvt),ENGINEERING AND TECHNOLOGY,"B.S.Abdur Rahman Institute of Science & Technology, Chennai",POST GRADUATE,BIOTECHNOLOGY,18,1
1662,1-9320023375,B S A CRESCENT INSTITUTE OF SCIENCE AND TECHNOLOGY,Tamil Nadu,KANCHIPURAM,Deemed to be University(Pvt),ENGINEERING AND TECHNOLOGY,"B.S.Abdur Rahman Institute of Science & Technology, Chennai",POST GRADUATE,CONSTRUCTION ENGINEERING,18,1
1663,1-9320023375,B S A CRESCENT INSTITUTE OF SCIENCE AND TECHNOLOGY,Tamil Nadu,KANCHIPURAM,Deemed to be University(Pvt),ENGINEERING AND TECHNOLOGY,"B.S.Abdur Rahman Institute of Science & Technology, Chennai",POST GRADUATE,VLSI AND EMBEDDED SYSTEMS,18,1
1664,1-9320023375,B S A CRESCENT INSTITUTE OF SCIENCE AND TECHNOLOGY,Tamil Nadu,KANCHIPURAM,Deemed to be University(Pvt),ENGINEERING AND TECHNOLOGY,"B.S.Abdur Rahman Crescent Institute of Science & Technology, Chennai",POST GRADUATE,AVIONICS,18,1
1665,1-9320023375,B S A CRESCENT INSTITUTE OF SCIENCE AND TECHNOLOGY,Tamil Nadu,KANCHIPURAM,Deemed to be University(Pvt),ENGINEERING AND TECHNOLOGY,"B.S.Abdur Rahman Crescent Institute of Science & Technology, Chennai",UNDER GRADUATE,INTERIOR DESIGN,60,3
1666,1-9320023375,B S A CRESCENT INSTITUTE OF SCIENCE AND TECHNOLOGY,Tamil Nadu,KANCHIPURAM,Deemed to be University(Pvt),ENGINEERING AND TECHNOLOGY,"B.S.Abdur Rahman Crescent Institute of Science & Technology, Chennai",UNDER GRADUATE,ARTIFICIAL INTELLIGENCE AND DATA SCIENCE,60,3
1667,1-9320023375,B S A CRESCENT INSTITUTE OF SCIENCE AND TECHNOLOGY,Tamil Nadu,KANCHIPURAM,Deemed to be University(Pvt),ENGINEERING AND TECHNOLOGY,"B.S.Abdur Rahman Crescent Institute of Science & Technology, Chennai",UNDER GRADUATE,COMPUTER SCIENCE AND ENGINEERING CYBER SECURITY,60,3
1668,1-9320023375,B S A CRESCENT INSTITUTE OF SCIENCE AND TECHNOLOGY,Tamil Nadu,KANCHIPURAM,Deemed to be University(Pvt),ENGINEERING AND TECHNOLOGY,"B.S.Abdur Rahman Crescent Institute of Science & Technology, Chennai",UNDER GRADUATE,ME COMPUTER SCIENCE AND ENGINEERING INTERNET OF THINGS,60,3
1669,1-9320023375,B S A CRESCENT INSTITUTE OF SCIENCE AND TECHNOLOGY,Tamil Nadu,KANCHIPURAM,Deemed to be University(Pvt),ENGINEERING AND TECHNOLOGY,"B.S.Abdur Rahman Institute of Science & Technology, Chennai",POST GRADUATE,ARTIFICIAL INTELLIGENCE DATA SCIENCE,18,1
1670,1-9320023375,B S A CRESCENT INSTITUTE OF SCIENCE AND TECHNOLOGY,Tamil Nadu,KANCHIPURAM,Deemed to be University(Pvt),ENGINEERING AND TECHNOLOGY,"B.S.Abdur Rahman Institute of Science & Technology, Chennai",POST GRADUATE,DATA SCIENCE,18,1
1671,1-9320023375,B S A CRESCENT INSTITUTE OF SCIENCE AND TECHNOLOGY,Tamil Nadu,KANCHIPURAM,Deemed to be University(Pvt),ENGINEERING AND TECHNOLOGY,"B.S.Abdur Rahman Institute of Science & Technology, Chennai",POST GRADUATE,FOOD BIOTECHNOLOGY,18,1
1672,1-9320023375,B S A CRESCENT INSTITUTE OF SCIENCE AND TECHNOLOGY,Tamil Nadu,KANCHIPURAM,Deemed to be University(Pvt),MANAGEMENT,B.S.Abdur Rahman Crescent Institute of Science & Technology,POST GRADUATE,MBA INNOVATION ENTREPRENEURSHIP AND VENTURE DEVELOPMENT,30,2
1673,1-9318946707,BANNARI AMMAN INSTITUTE OF TECHNOLOGY,Tamil Nadu,ERODE,Private-Self Financing,ENGINEERING AND TECHNOLOGY,"Anna University, Chennai",UNDER GRADUATE,AUTOMOBILE ENGINEERING,30,2
1674,1-9318946707,BANNARI AMMAN INSTITUTE OF TECHNOLOGY,Tamil Nadu,ERODE,Private-Self Financing,ENGINEERING AND TECHNOLOGY,"Anna University, Chennai",POST GRADUATE,INDUSTRIAL SAFETY ENGINEERING,18,1
1675,1-9318946707,BANNARI AMMAN INSTITUTE OF TECHNOLOGY,Tamil Nadu,ERODE,Private-Self Financing,ENGINEERING AND TECHNOLOGY,"Anna University, Chennai",UNDER GRADUATE,AERONAUTICAL ENGINEERING,30,2
1676,1-9318946707,BANNARI AMMAN INSTITUTE OF TECHNOLOGY,Tamil Nadu,ERODE,Private-Self Financing,ENGINEERING AND TECHNOLOGY,"Anna University, Chennai",UNDER GRADUATE,BIOTECHNOLOGY,120,6
1677,1-9318946707,BANNARI AMMAN INSTITUTE OF TECHNOLOGY,Tamil Nadu,ERODE,Private-Self Financing,ENGINEERING AND TECHNOLOGY,"Anna University, Chennai",UNDER GRADUATE,CIVIL ENGINEERING,60,3
1678,1-9318946707,BANNARI AMMAN INSTITUTE OF TECHNOLOGY,Tamil Nadu,ERODE,Private-Self Financing,ENGINEERING AND TECHNOLOGY,"Anna University, Chennai",UNDER GRADUATE,COMPUTER SCIENCE AND ENGINEERING,240,12
1679,1-9318946707,BANNARI AMMAN INSTITUTE OF TECHNOLOGY,Tamil Nadu,ERODE,Private-Self Financing,ENGINEERING AND TECHNOLOGY,"Anna University, Chennai",UNDER GRADUATE,ELECTRONICS COMMUNICATION ENGG,240,12
1680,1-9318946707,BANNARI AMMAN INSTITUTE OF TECHNOLOGY,Tamil Nadu,ERODE,Private-Self Financing,ENGINEERING AND TECHNOLOGY,"Anna University, Chennai",UNDER GRADUATE,ELECTRICAL AND ELECTRONICS ENGINEERING,120,6
1681,1-9318946707,BANNARI AMMAN INSTITUTE OF TECHNOLOGY,Tamil Nadu,ERODE,Private-Self Financing,ENGINEERING AND TECHNOLOGY,"Anna University, Chennai",UNDER GRADUATE,ELECTRONICS INSTRUMENTATION ENGINEERING,60,3
1682,1-9318946707,BANNARI AMMAN INSTITUTE OF TECHNOLOGY,Tamil Nadu,ERODE,Private-Self Financing,ENGINEERING AND TECHNOLOGY,"Anna University, Chennai",UNDER GRADUATE,FASHION TECHNOLOGY,30,2
1683,1-9318946707,BANNARI AMMAN INSTITUTE OF TECHNOLOGY,Tamil Nadu,ERODE,Private-Self Financing,ENGINEERING AND TECHNOLOGY,"Anna University, Chennai",UNDER GRADUATE,INFORMATION TECHNOLOGY,180,9
1684,1-9318946707,BANNARI AMMAN INSTITUTE OF TECHNOLOGY,Tamil Nadu,ERODE,Private-Self Financing,ENGINEERING AND TECHNOLOGY,"Anna University, Chennai",UNDER GRADUATE,MECHANICAL ENGINEERING,120,6
1685,1-9318946707,BANNARI AMMAN INSTITUTE OF TECHNOLOGY,Tamil Nadu,ERODE,Private-Self Financing,ENGINEERING AND TECHNOLOGY,"Anna University, Chennai",UNDER GRADUATE,TEXTILE TECHNOLOGY,60,3
1686,1-9318946707,BANNARI AMMAN INSTITUTE OF TECHNOLOGY,Tamil Nadu,ERODE,Private-Self Financing,MANAGEMENT,"Anna University, Chennai",POST GRADUATE,MBA,60,3
1687,1-9318946707,BANNARI AMMAN INSTITUTE OF TECHNOLOGY,Tamil Nadu,ERODE,Private-Self Financing,ENGINEERING AND TECHNOLOGY,"Anna University, Chennai",POST GRADUATE,COMMUNICATION SYSTEMS,6,0
1688,1-9318946707,BANNARI AMMAN INSTITUTE OF TECHNOLOGY,Tamil Nadu,ERODE,Private-Self Financing,ENGINEERING AND TECHNOLOGY,"Anna University, Chennai",POST GRADUATE,COMPUTER SCIENCE AND ENGINEERING,12,1
1689,1-9318946707,BANNARI AMMAN INSTITUTE OF TECHNOLOGY,Tamil Nadu,ERODE,Private-Self Financing,ENGINEERING AND TECHNOLOGY,"Anna University, Chennai",POST GRADUATE,BIOTECHNOLOGY,18,1
1690,1-9318946707,BANNARI AMMAN INSTITUTE OF TECHNOLOGY,Tamil Nadu,ERODE,Private-Self Financing,ENGINEERING AND TECHNOLOGY,"Anna University, Chennai",POST GRADUATE,STRUCTURAL ENGINEERING,12,1
1691,1-9318946707,BANNARI AMMAN INSTITUTE OF TECHNOLOGY,Tamil Nadu,ERODE,Private-Self Financing,ENGINEERING AND TECHNOLOGY,"Anna University, Chennai",POST GRADUATE,SOFTWARE ENGINEERING,6,0
1692,1-9318946707,BANNARI AMMAN INSTITUTE OF TECHNOLOGY,Tamil Nadu,ERODE,Private-Self Financing,ENGINEERING AND TECHNOLOGY,"Anna University, Chennai",POST GRADUATE,POWER ELECTRONICS AND DRIVES,6,0
1693,1-9318946707,BANNARI AMMAN INSTITUTE OF TECHNOLOGY,Tamil Nadu,ERODE,Private-Self Financing,ENGINEERING AND TECHNOLOGY,"Anna University, Chennai",POST GRADUATE,EMBEDDED SYSTEMS,6,0
1694,1-9318946707,BANNARI AMMAN INSTITUTE OF TECHNOLOGY,Tamil Nadu,ERODE,Private-Self Financing,ENGINEERING AND TECHNOLOGY,"Anna University, Chennai",UNDER GRADUATE,MECHATRONICS,60,3
1695,1-9318946707,BANNARI AMMAN INSTITUTE OF TECHNOLOGY,Tamil Nadu,ERODE,Private-Self Financing,ENGINEERING AND TECHNOLOGY,"Anna University, Chennai",UNDER GRADUATE,AGRICULTURAL ENGINEERING,60,3
1696,1-9318946707,BANNARI AMMAN INSTITUTE OF TECHNOLOGY,Tamil Nadu,ERODE,Private-Self Financing,ENGINEERING AND TECHNOLOGY,"Anna University, Chennai",POST GRADUATE,INDUSTRIAL AUTOMATION AND ROBOTICS,6,0
1697,1-9318946707,BANNARI AMMAN INSTITUTE OF TECHNOLOGY,Tamil Nadu,ERODE,Private-Self Financing,ENGINEERING AND TECHNOLOGY,"Anna University, Chennai",UNDER GRADUATE,FOOD TECHNOLOGY,60,3
1698,1-9318946707,BANNARI AMMAN INSTITUTE OF TECHNOLOGY,Tamil Nadu,ERODE,Private-Self Financing,ENGINEERING AND TECHNOLOGY,"Anna University, Chennai",UNDER GRADUATE,BIOMEDICAL ENGINEERING,60,3
1699,1-9318946707,BANNARI AMMAN INSTITUTE OF TECHNOLOGY,Tamil Nadu,ERODE,Private-Self Financing,ENGINEERING AND TECHNOLOGY,"Anna University, Chennai",UNDER GRADUATE,COMPUTER TECHNOLOGY,60,3
1700,1-9318946707,BANNARI AMMAN INSTITUTE OF TECHNOLOGY,Tamil Nadu,ERODE,Private-Self Financing,ENGINEERING AND TECHNOLOGY,"Anna University, Chennai",UNDER GRADUATE,INFORMATION SCIENCE AND ENGINEERING,60,3
1701,1-9318946707,BANNARI AMMAN INSTITUTE OF TECHNOLOGY,Tamil Nadu,ERODE,Private-Self Financing,ENGINEERING AND TECHNOLOGY,"Anna University, Chennai",UNDER GRADUATE,COMPUTER SCIENCE AND BUSINESS SYSTEM,60,3
1702,1-9318946707,BANNARI AMMAN INSTITUTE OF TECHNOLOGY,Tamil Nadu,ERODE,Private-Self Financing,ENGINEERING AND TECHNOLOGY,"Anna University, Chennai",UNDER GRADUATE,ARTIFICIAL INTELLIGENCE AND DATA SCIENCE,120,6
1703,1-9318946707,BANNARI AMMAN INSTITUTE OF TECHNOLOGY,Tamil Nadu,ERODE,Private-Self Financing,ENGINEERING AND TECHNOLOGY,"Anna University, Chennai",UNDER GRADUATE,ARTIFICIAL INTELLIGENCE AND MACHINE LEARNING,60,3
1704,1-9319028008,COLLEGE OF FOOD AND DAIRY TECHNOLOGY,Tamil Nadu,THIRUVALLUR,Government,ENGINEERING AND TECHNOLOGY,"Tamil Nadu Veterinary and Animal Sciences University, Chennai",UNDER GRADUATE,FOOD TECHNOLOGY,60,3
1705,1-9321258362,DHAANISH AHMED COLLEGE OF ENGINEERING,Tamil Nadu,KANCHIPURAM,Private-Self Financing,ENGINEERING AND TECHNOLOGY,"Anna University, Chennai",UNDER GRADUATE,PETROLEUM ENGINEERING,60,3
1706,1-9321258362,DHAANISH AHMED COLLEGE OF ENGINEERING,Tamil Nadu,KANCHIPURAM,Private-Self Financing,ENGINEERING AND TECHNOLOGY,"Anna University, Chennai",UNDER GRADUATE,COMPUTER SCIENCE AND ENGINEERING,120,6
1707,1-9321258362,DHAANISH AHMED COLLEGE OF ENGINEERING,Tamil Nadu,KANCHIPURAM,Private-Self Financing,ENGINEERING AND TECHNOLOGY,"Anna University, Chennai",UNDER GRADUATE,ELECTRICAL AND ELECTRONICS ENGINEERING,30,2
1708,1-9321258362,DHAANISH AHMED COLLEGE OF ENGINEERING,Tamil Nadu,KANCHIPURAM,Private-Self Financing,ENGINEERING AND TECHNOLOGY,"Anna University, Chennai",UNDER GRADUATE,ELECTRONICS COMMUNICATION ENGG,60,3
1709,1-9321258362,DHAANISH AHMED COLLEGE OF ENGINEERING,Tamil Nadu,KANCHIPURAM,Private-Self Financing,ENGINEERING AND TECHNOLOGY,"Anna University, Chennai",UNDER GRADUATE,MECHANICAL ENGINEERING,30,2
1710,1-9321258362,DHAANISH AHMED COLLEGE OF ENGINEERING,Tamil Nadu,KANCHIPURAM,Private-Self Financing,ENGINEERING AND TECHNOLOGY,"Anna University, Chennai",UNDER GRADUATE,CIVIL ENGINEERING,30,2
1711,1-9321453536,DR.NAVALAR NEDUNCHEZHIYAN COLLEGE OF ENGINEERING,Tamil Nadu,CUDDALORE,Private-Self Financing,ENGINEERING AND TECHNOLOGY,"Anna University, Chennai",UNDER GRADUATE,MECHANICAL ENGINEERING,120,6
1712,1-9321453536,DR.NAVALAR NEDUNCHEZHIYAN COLLEGE OF ENGINEERING,Tamil Nadu,CUDDALORE,Private-Self Financing,ENGINEERING AND TECHNOLOGY,"Anna University, Chennai",UNDER GRADUATE,ELECTRICAL AND ELECTRONICS ENGINEERING,60,3
1713,1-9321453536,DR.NAVALAR NEDUNCHEZHIYAN COLLEGE OF ENGINEERING,Tamil Nadu,CUDDALORE,Private-Self Financing,ENGINEERING AND TECHNOLOGY,"Anna University, Chennai",UNDER GRADUATE,COMPUTER SCIENCE AND ENGINEERING,60,3
1714,1-9321453536,DR.NAVALAR NEDUNCHEZHIYAN COLLEGE OF ENGINEERING,Tamil Nadu,CUDDALORE,Private-Self Financing,ENGINEERING AND TECHNOLOGY,"Anna University, Chennai",UNDER GRADUATE,ELECTRONICS COMMUNICATION ENGG,60,3
1715,1-9321453536,DR.NAVALAR NEDUNCHEZHIYAN COLLEGE OF ENGINEERING,Tamil Nadu,CUDDALORE,Private-Self Financing,ENGINEERING AND TECHNOLOGY,"Anna University, Chennai",UNDER GRADUATE,CIVIL ENGINEERING,60,3
1716,1-9355591576,HINDUSTAN INSTITUTE OF TECHNOLOGY AND SCIENCE,Tamil Nadu,KANCHIPURAM,Deemed to be University(Pvt),ENGINEERING AND TECHNOLOGY,"Hindustan Institute of Technology and Science, Kancheepuram",UNDER GRADUATE,CIVIL ENGINEERING,30,2
1717,1-9355591576,HINDUSTAN INSTITUTE OF TECHNOLOGY AND SCIENCE,Tamil Nadu,KANCHIPURAM,Deemed to be University(Pvt),APPLIED ARTS AND CRAFTS,"Hindustan Institute of Technology and Science, Kancheepuram",UNDER GRADUATE,FASHION AND APPAREL DESIGN,30,2
1718,1-9355591576,HINDUSTAN INSTITUTE OF TECHNOLOGY AND SCIENCE,Tamil Nadu,KANCHIPURAM,Deemed to be University(Pvt),PLANNING,"Hindustan Institute of Technology and Science, Kancheepuram",UNDER GRADUATE,ARCHITECTURE,100,5
1719,1-9355591576,HINDUSTAN INSTITUTE OF TECHNOLOGY AND SCIENCE,Tamil Nadu,KANCHIPURAM,Deemed to be University(Pvt),MANAGEMENT,"Hindustan Institute of Technology and Science, Kancheepuram",POST GRADUATE,MBA,120,6
1720,1-9355591576,HINDUSTAN INSTITUTE OF TECHNOLOGY AND SCIENCE,Tamil Nadu,KANCHIPURAM,Deemed to be University(Pvt),ENGINEERING AND TECHNOLOGY,"Hindustan Institute of Technology and Science, Kancheepuram",UNDER GRADUATE,AERONAUTICAL ENGINEERING,240,12
1721,1-9355591576,HINDUSTAN INSTITUTE OF TECHNOLOGY AND SCIENCE,Tamil Nadu,KANCHIPURAM,Deemed to be University(Pvt),ENGINEERING AND TECHNOLOGY,"Hindustan Institute of Technology and Science, Kancheepuram",UNDER GRADUATE,AEROSPACE ENGINEERING,120,6
1722,1-9355591576,HINDUSTAN INSTITUTE OF TECHNOLOGY AND SCIENCE,Tamil Nadu,KANCHIPURAM,Deemed to be University(Pvt),ENGINEERING AND TECHNOLOGY,"Hindustan Institute of Technology and Science, Kancheepuram",UNDER GRADUATE,MECHANICAL ENGINEERING,60,3
1723,1-9355591576,HINDUSTAN INSTITUTE OF TECHNOLOGY AND SCIENCE,Tamil Nadu,KANCHIPURAM,Deemed to be University(Pvt),ENGINEERING AND TECHNOLOGY,"Hindustan Institute of Technology and Science, Kancheepuram",UNDER GRADUATE,MECHATRONICS,60,3
1724,1-9355591576,HINDUSTAN INSTITUTE OF TECHNOLOGY AND SCIENCE,Tamil Nadu,KANCHIPURAM,Deemed to be University(Pvt),ENGINEERING AND TECHNOLOGY,"Hindustan Institute of Technology and Science, Kancheepuram",UNDER GRADUATE,AUTOMOBILE ENGINEERING,60,3
1725,1-9355591576,HINDUSTAN INSTITUTE OF TECHNOLOGY AND SCIENCE,Tamil Nadu,KANCHIPURAM,Deemed to be University(Pvt),ENGINEERING AND TECHNOLOGY,"Hindustan Institute of Technology and Science, Kancheepuram",UNDER GRADUATE,CHEMICAL ENGINEERING,30,2
1726,1-9355591576,HINDUSTAN INSTITUTE OF TECHNOLOGY AND SCIENCE,Tamil Nadu,KANCHIPURAM,Deemed to be University(Pvt),ENGINEERING AND TECHNOLOGY,"Hindustan Institute of Technology and Science, Kancheepuram",UNDER GRADUATE,BIOTECHNOLOGY,30,2
1727,1-9355591576,HINDUSTAN INSTITUTE OF TECHNOLOGY AND SCIENCE,Tamil Nadu,KANCHIPURAM,Deemed to be University(Pvt),ENGINEERING AND TECHNOLOGY,"Hindustan Institute of Technology and Science, Kancheepuram",UNDER GRADUATE,COMPUTER SCIENCE AND ENGINEERING,180,9
1728,1-9355591576,HINDUSTAN INSTITUTE OF TECHNOLOGY AND SCIENCE,Tamil Nadu,KANCHIPURAM,Deemed to be University(Pvt),ENGINEERING AND TECHNOLOGY,"Hindustan Institute of Technology and Science, Kancheepuram",UNDER GRADUATE,INFORMATION TECHNOLOGY,60,3
1729,1-9355591576,HINDUSTAN INSTITUTE OF TECHNOLOGY AND SCIENCE,Tamil Nadu,KANCHIPURAM,Deemed to be University(Pvt),ENGINEERING AND TECHNOLOGY,"Hindustan Institute of Technology and Science, Kancheepuram",UNDER GRADUATE,ELECTRICAL AND ELECTRONICS ENGINEERING,30,2
1730,1-9355591576,HINDUSTAN INSTITUTE OF TECHNOLOGY AND SCIENCE,Tamil Nadu,KANCHIPURAM,Deemed to be University(Pvt),ENGINEERING AND TECHNOLOGY,"Hindustan Institute of Technology and Science, Kancheepuram",UNDER GRADUATE,ELECTRONICS AND COMMUNICATIONS ENGINEERING,120,6
1731,1-9355591576,HINDUSTAN INSTITUTE OF TECHNOLOGY AND SCIENCE,Tamil Nadu,KANCHIPURAM,Deemed to be University(Pvt),ENGINEERING AND TECHNOLOGY,"Hindustan Institute of Technology and Science, Kancheepuram",POST GRADUATE,AERONAUTICAL ENGINEERING,18,1
1732,1-9355591576,HINDUSTAN INSTITUTE OF TECHNOLOGY AND SCIENCE,Tamil Nadu,KANCHIPURAM,Deemed to be University(Pvt),ENGINEERING AND TECHNOLOGY,"Hindustan Institute of Technology and Science, Kancheepuram",POST GRADUATE,MECHANICAL ENGINEERING,18,1
1733,1-9355591576,HINDUSTAN INSTITUTE OF TECHNOLOGY AND SCIENCE,Tamil Nadu,KANCHIPURAM,Deemed to be University(Pvt),ENGINEERING AND TECHNOLOGY,"Hindustan Institute of Technology and Science, Kancheepuram",POST GRADUATE,AUTOMOBILE ENGINEERING,18,1
1734,1-9355591576,HINDUSTAN INSTITUTE OF TECHNOLOGY AND SCIENCE,Tamil Nadu,KANCHIPURAM,Deemed to be University(Pvt),ENGINEERING AND TECHNOLOGY,"Hindustan Institute of Technology and Science, Kancheepuram",POST GRADUATE,CIVIL ENGINEERING,18,1
1735,1-9355591576,HINDUSTAN INSTITUTE OF TECHNOLOGY AND SCIENCE,Tamil Nadu,KANCHIPURAM,Deemed to be University(Pvt),ENGINEERING AND TECHNOLOGY,"Hindustan Institute of Technology and Science, Kancheepuram",POST GRADUATE,COMPUTER SCIENCE AND ENGINEERING,18,1
1736,1-9355591576,HINDUSTAN INSTITUTE OF TECHNOLOGY AND SCIENCE,Tamil Nadu,KANCHIPURAM,Deemed to be University(Pvt),ENGINEERING AND TECHNOLOGY,"Hindustan Institute of Technology and Science, Kancheepuram",POST GRADUATE,ELECTRONICS AND COMMUNICATIONS ENGINEERING,18,1
1737,1-9355591576,HINDUSTAN INSTITUTE OF TECHNOLOGY AND SCIENCE,Tamil Nadu,KANCHIPURAM,Deemed to be University(Pvt),ENGINEERING AND TECHNOLOGY,"Hindustan Institute of Technology and Science, Kancheepuram",POST GRADUATE,ELECTRICAL AND ELECTRONICS ENGINEERING,18,1
1738,1-9355591576,HINDUSTAN INSTITUTE OF TECHNOLOGY AND SCIENCE,Tamil Nadu,KANCHIPURAM,Deemed to be University(Pvt),COMPUTER APPLICATIONS,"Hindustan Institute of Technology and Science, Kancheepuram",POST GRADUATE,MASTER OF COMPUTER APPLICATIONS,30,2
1739,1-9355591576,HINDUSTAN INSTITUTE OF TECHNOLOGY AND SCIENCE,Tamil Nadu,KANCHIPURAM,Deemed to be University(Pvt),PLANNING,"Hindustan Institute of Technology and Science, Kancheepuram",POST GRADUATE,PLANNING,20,1
1740,1-9355591576,HINDUSTAN INSTITUTE OF TECHNOLOGY AND SCIENCE,Tamil Nadu,KANCHIPURAM,Deemed to be University(Pvt),ENGINEERING AND TECHNOLOGY,"Hindustan Institute of Technology and Science, Kancheepuram",UNDER GRADUATE,COMPUTER SCIENCE AND ENGINEERINGARTIFICIAL INTELLIGENCE AND MACHINE LEARNING,30,2
1741,1-9355591576,HINDUSTAN INSTITUTE OF TECHNOLOGY AND SCIENCE,Tamil Nadu,KANCHIPURAM,Deemed to be University(Pvt),ENGINEERING AND TECHNOLOGY,"Hindustan Institute of Technology and Science, Kancheepuram",UNDER GRADUATE,INFORMATION TECHNOLOGY CYBER SECURITY,30,2
1742,1-9355591576,HINDUSTAN INSTITUTE OF TECHNOLOGY AND SCIENCE,Tamil Nadu,KANCHIPURAM,Deemed to be University(Pvt),APPLIED ARTS AND CRAFTS,"Hindustan Institute of Technology and Science, Kancheepuram",UNDER GRADUATE,COMMUNICATION DESIGN,30,2
1743,1-9355591576,HINDUSTAN INSTITUTE OF TECHNOLOGY AND SCIENCE,Tamil Nadu,KANCHIPURAM,Deemed to be University(Pvt),ENGINEERING AND TECHNOLOGY,HINDUSTAN,UNDER GRADUATE,COMPUTER SCIENCE AND ENGINEERING DATA SCIENCE,30,2
1744,1-9322639905,K.S.RANGASAMY COLLEGE OF TECHNOLOGY,Tamil Nadu,NAMAKKAL,Private-Self Financing,ENGINEERING AND TECHNOLOGY,"Anna University, Chennai",UNDER GRADUATE,ELECTRICAL AND ELECTRONICS ENGINEERING,60,3
1745,1-9322639905,K.S.RANGASAMY COLLEGE OF TECHNOLOGY,Tamil Nadu,NAMAKKAL,Private-Self Financing,ENGINEERING AND TECHNOLOGY,"Anna University, Chennai",UNDER GRADUATE,ELECTRONICS COMMUNICATION ENGG,120,6
1746,1-9322639905,K.S.RANGASAMY COLLEGE OF TECHNOLOGY,Tamil Nadu,NAMAKKAL,Private-Self Financing,ENGINEERING AND TECHNOLOGY,"Anna University, Chennai",UNDER GRADUATE,INFORMATION TECHNOLOGY,120,6
1747,1-9322639905,K.S.RANGASAMY COLLEGE OF TECHNOLOGY,Tamil Nadu,NAMAKKAL,Private-Self Financing,ENGINEERING AND TECHNOLOGY,"Anna University, Chennai",UNDER GRADUATE,MECHANICAL ENGINEERING,90,5
1748,1-9322639905,K.S.RANGASAMY COLLEGE OF TECHNOLOGY,Tamil Nadu,NAMAKKAL,Private-Self Financing,ENGINEERING AND TECHNOLOGY,"Anna University, Chennai",UNDER GRADUATE,MECHATRONICS ENGINEERING,60,3
1749,1-9322639905,K.S.RANGASAMY COLLEGE OF TECHNOLOGY,Tamil Nadu,NAMAKKAL,Private-Self Financing,ENGINEERING AND TECHNOLOGY,"Anna University, Chennai",UNDER GRADUATE,TEXTILE TECHNOLOGY,60,3
1750,1-9322639905,K.S.RANGASAMY COLLEGE OF TECHNOLOGY,Tamil Nadu,NAMAKKAL,Private-Self Financing,ENGINEERING AND TECHNOLOGY,"Anna University, Chennai",POST GRADUATE,POWER SYSTEMS ENGINEERING,6,0
1751,1-9322639905,K.S.RANGASAMY COLLEGE OF TECHNOLOGY,Tamil Nadu,NAMAKKAL,Private-Self Financing,ENGINEERING AND TECHNOLOGY,"Anna University, Chennai",POST GRADUATE,COMPUTER SCIENCE AND ENGINEERING,6,0
1752,1-9322639905,K.S.RANGASAMY COLLEGE OF TECHNOLOGY,Tamil Nadu,NAMAKKAL,Private-Self Financing,ENGINEERING AND TECHNOLOGY,"Anna University, Chennai",POST GRADUATE,VLSI DESIGN,6,0
1753,1-9322639905,K.S.RANGASAMY COLLEGE OF TECHNOLOGY,Tamil Nadu,NAMAKKAL,Private-Self Financing,ENGINEERING AND TECHNOLOGY,"Anna University, Chennai",POST GRADUATE,ENGINEERING DESIGN,6,0
1754,1-9322639905,K.S.RANGASAMY COLLEGE OF TECHNOLOGY,Tamil Nadu,NAMAKKAL,Private-Self Financing,ENGINEERING AND TECHNOLOGY,"Anna University, Chennai",POST GRADUATE,INDUSTRIAL SEFTY ENGINEERING,18,1
1755,1-9322639905,K.S.RANGASAMY COLLEGE OF TECHNOLOGY,Tamil Nadu,NAMAKKAL,Private-Self Financing,ENGINEERING AND TECHNOLOGY,"Anna University, Chennai",POST GRADUATE,NANO SCIENCE TECHNOLOGY,6,0
1756,1-9322639905,K.S.RANGASAMY COLLEGE OF TECHNOLOGY,Tamil Nadu,NAMAKKAL,Private-Self Financing,ENGINEERING AND TECHNOLOGY,"Anna University, Chennai",POST GRADUATE,STRUCTURAL ENGINEERING,6,0
1757,1-9322639905,K.S.RANGASAMY COLLEGE OF TECHNOLOGY,Tamil Nadu,NAMAKKAL,Private-Self Financing,ENGINEERING AND TECHNOLOGY,"Anna University, Chennai",UNDER GRADUATE,BIOTECHNOLOGY,60,3
1758,1-9322639905,K.S.RANGASAMY COLLEGE OF TECHNOLOGY,Tamil Nadu,NAMAKKAL,Private-Self Financing,ENGINEERING AND TECHNOLOGY,"Anna University, Chennai",UNDER GRADUATE,CIVIL ENGINEERING,30,2
1759,1-9322639905,K.S.RANGASAMY COLLEGE OF TECHNOLOGY,Tamil Nadu,NAMAKKAL,Private-Self Financing,ENGINEERING AND TECHNOLOGY,"Anna University, Chennai",UNDER GRADUATE,COMPUTER SCIENCE ENGINEERING,120,6
1760,1-9322639905,K.S.RANGASAMY COLLEGE OF TECHNOLOGY,Tamil Nadu,NAMAKKAL,Private-Self Financing,ENGINEERING AND TECHNOLOGY,"Anna University, Chennai",POST GRADUATE,BIOTECHNOLOGY,18,1
1761,1-9322639905,K.S.RANGASAMY COLLEGE OF TECHNOLOGY,Tamil Nadu,NAMAKKAL,Private-Self Financing,ENGINEERING AND TECHNOLOGY,"Anna University, Chennai",UNDER GRADUATE,FOOD TECHNOLOGY,60,3
1762,1-9322639905,K.S.RANGASAMY COLLEGE OF TECHNOLOGY,Tamil Nadu,NAMAKKAL,Private-Self Financing,ENGINEERING AND TECHNOLOGY,"Anna University, Chennai",UNDER GRADUATE,ARTIFICIAL INTELLIGENCE AND DATA SCIENCE,60,3
1763,1-9322639905,K.S.RANGASAMY COLLEGE OF TECHNOLOGY,Tamil Nadu,NAMAKKAL,Private-Self Financing,ENGINEERING AND TECHNOLOGY,"Anna University, Chennai",UNDER GRADUATE,COMPUTER SCIENCE AND BUSINESS SYSTEM,60,3
1764,1-9320099795,KALASALINGAM ACADEMY OF RESEARCH AND EDUCATION,Tamil Nadu,VIRUDHUNAGAR,Deemed to be University(Pvt),ENGINEERING AND TECHNOLOGY,"Kalasalingam Academy of Research and Education, Virudhunagar Dist. (TN)",UNDER GRADUATE,AGRICULTURAL ENGINEERING,60,3
1765,1-9320099795,KALASALINGAM ACADEMY OF RESEARCH AND EDUCATION,Tamil Nadu,VIRUDHUNAGAR,Deemed to be University(Pvt),ENGINEERING AND TECHNOLOGY,"Kalasalingam Academy of Research and Education, Virudhunagar Dist. (TN)",UNDER GRADUATE,AERONAUTICAL ENGINEERING,30,2
1766,1-9320099795,KALASALINGAM ACADEMY OF RESEARCH AND EDUCATION,Tamil Nadu,VIRUDHUNAGAR,Deemed to be University(Pvt),ENGINEERING AND TECHNOLOGY,"Kalasalingam Academy of Research and Education, Virudhunagar Dist. (TN)",UNDER GRADUATE,AUTOMOBILE ENGINEERING,30,2
1767,1-9320099795,KALASALINGAM ACADEMY OF RESEARCH AND EDUCATION,Tamil Nadu,VIRUDHUNAGAR,Deemed to be University(Pvt),ENGINEERING AND TECHNOLOGY,"Kalasalingam Academy of Research and Education, Virudhunagar Dist. (TN)",UNDER GRADUATE,BIOTECHNOLOGY,120,6
1768,1-9320099795,KALASALINGAM ACADEMY OF RESEARCH AND EDUCATION,Tamil Nadu,VIRUDHUNAGAR,Deemed to be University(Pvt),ENGINEERING AND TECHNOLOGY,"Kalasalingam Academy of Research and Education, Virudhunagar Dist. (TN)",UNDER GRADUATE,BIOMEDICAL ENGINEERING,60,3
1769,1-9320099795,KALASALINGAM ACADEMY OF RESEARCH AND EDUCATION,Tamil Nadu,VIRUDHUNAGAR,Deemed to be University(Pvt),ENGINEERING AND TECHNOLOGY,"Kalasalingam Academy of Research and Education, Virudhunagar Dist. (TN)",UNDER GRADUATE,CHEMICAL ENGINEERING,30,2
1770,1-9320099795,KALASALINGAM ACADEMY OF RESEARCH AND EDUCATION,Tamil Nadu,VIRUDHUNAGAR,Deemed to be University(Pvt),ENGINEERING AND TECHNOLOGY,"Kalasalingam Academy of Research and Education, Virudhunagar Dist. (TN)",UNDER GRADUATE,CIVIL ENGINEERING,60,3
1771,1-9320099795,KALASALINGAM ACADEMY OF RESEARCH AND EDUCATION,Tamil Nadu,VIRUDHUNAGAR,Deemed to be University(Pvt),ENGINEERING AND TECHNOLOGY,"Kalasalingam Academy of Research and Education, Virudhunagar Dist. (TN)",UNDER GRADUATE,COMPUTER SCIENCE AND ENGINEERING,240,12
1772,1-9320099795,KALASALINGAM ACADEMY OF RESEARCH AND EDUCATION,Tamil Nadu,VIRUDHUNAGAR,Deemed to be University(Pvt),ENGINEERING AND TECHNOLOGY,"Kalasalingam Academy of Research and Education, Virudhunagar Dist. (TN)",UNDER GRADUATE,ELECTRONICS AND COMMUNICATIONS ENGINEERING,240,12
1773,1-9320099795,KALASALINGAM ACADEMY OF RESEARCH AND EDUCATION,Tamil Nadu,VIRUDHUNAGAR,Deemed to be University(Pvt),ENGINEERING AND TECHNOLOGY,"Kalasalingam Academy of Research and Education, Virudhunagar Dist. (TN)",UNDER GRADUATE,ELECTRICAL AND ELECTRONICS ENGINEERING,30,2
1774,1-9320099795,KALASALINGAM ACADEMY OF RESEARCH AND EDUCATION,Tamil Nadu,VIRUDHUNAGAR,Deemed to be University(Pvt),ENGINEERING AND TECHNOLOGY,"Kalasalingam Academy of Research and Education, Virudhunagar Dist. (TN)",UNDER GRADUATE,FOOD TECHNOLOGY,90,5
1775,1-9320099795,KALASALINGAM ACADEMY OF RESEARCH AND EDUCATION,Tamil Nadu,VIRUDHUNAGAR,Deemed to be University(Pvt),ENGINEERING AND TECHNOLOGY,"Kalasalingam Academy of Research and Education, Virudhunagar Dist. (TN)",UNDER GRADUATE,INFORMATION TECHNOLOGY,60,3
1776,1-9320099795,KALASALINGAM ACADEMY OF RESEARCH AND EDUCATION,Tamil Nadu,VIRUDHUNAGAR,Deemed to be University(Pvt),ENGINEERING AND TECHNOLOGY,"Kalasalingam Academy of Research and Education, Virudhunagar Dist. (TN)",UNDER GRADUATE,MECHANICAL ENGINEERING,120,6
1777,1-9320099795,KALASALINGAM ACADEMY OF RESEARCH AND EDUCATION,Tamil Nadu,VIRUDHUNAGAR,Deemed to be University(Pvt),ENGINEERING AND TECHNOLOGY,"Kalasalingam Academy of Research and Education, Virudhunagar Dist. (TN)",UNDER GRADUATE,COMPUTER SCIENCE AND ENGINEERINGARTIFICIAL INTELLIGENCE AND MACHINE LEARNING,60,3
1778,1-9320099795,KALASALINGAM ACADEMY OF RESEARCH AND EDUCATION,Tamil Nadu,VIRUDHUNAGAR,Deemed to be University(Pvt),ENGINEERING AND TECHNOLOGY,"Kalasalingam Academy of Research and Education, Virudhunagar Dist. (TN)",UNDER GRADUATE,COMPUTER SCIENCE AND ENGINEERING DATA SCIENCE,120,6
1779,1-9320099795,KALASALINGAM ACADEMY OF RESEARCH AND EDUCATION,Tamil Nadu,VIRUDHUNAGAR,Deemed to be University(Pvt),ENGINEERING AND TECHNOLOGY,"Kalasalingam Academy of Research and Education, Virudhunagar Dist. (TN)",UNDER GRADUATE,COMPUTER SCIENCE AND ENGINEERING INTERNET OF THINGS AND CYBER SECURITY INCLUDING BLOCK CHAIN TECHNO,60,3
1780,1-9320099795,KALASALINGAM ACADEMY OF RESEARCH AND EDUCATION,Tamil Nadu,VIRUDHUNAGAR,Deemed to be University(Pvt),ENGINEERING AND TECHNOLOGY,"Kalasalingam Academy of Research and Education, Virudhunagar Dist. (TN)",UNDER GRADUATE,COMPUTER SCIENCE AND ENGINEERING CYBER SECURITY,180,9
1781,1-9317896273,KARPAGAM ACADEMY OF HIGHER EDUCATION,Tamil Nadu,COIMBATORE,Deemed to be University(Pvt),ENGINEERING AND TECHNOLOGY,"Karpagam Academy of Higher Education, Coimbatore",UNDER GRADUATE,MECHANICAL ENGINEERING,180,9
1782,1-9317896273,KARPAGAM ACADEMY OF HIGHER EDUCATION,Tamil Nadu,COIMBATORE,Deemed to be University(Pvt),ENGINEERING AND TECHNOLOGY,"Karpagam Academy of Higher Education, Coimbatore",UNDER GRADUATE,CIVIL ENGINEERING,60,3
1783,1-9317896273,KARPAGAM ACADEMY OF HIGHER EDUCATION,Tamil Nadu,COIMBATORE,Deemed to be University(Pvt),ENGINEERING AND TECHNOLOGY,"Karpagam Academy of Higher Education, Coimbatore",UNDER GRADUATE,ELECTRONICS AND COMMUNICATIONS ENGINEERING,60,3
1784,1-9317896273,KARPAGAM ACADEMY OF HIGHER EDUCATION,Tamil Nadu,COIMBATORE,Deemed to be University(Pvt),ENGINEERING AND TECHNOLOGY,"Karpagam Academy of Higher Education, Coimbatore",UNDER GRADUATE,BIOMEDICAL ENGINEERING,60,3
1785,1-9317896273,KARPAGAM ACADEMY OF HIGHER EDUCATION,Tamil Nadu,COIMBATORE,Deemed to be University(Pvt),ENGINEERING AND TECHNOLOGY,"Karpagam Academy of Higher Education, Coimbatore",UNDER GRADUATE,BIOTECHNOLOGY,60,3
1786,1-9317896273,KARPAGAM ACADEMY OF HIGHER EDUCATION,Tamil Nadu,COIMBATORE,Deemed to be University(Pvt),PLANNING,"Karpagam Academy of Higher Education, Coimbatore",UNDER GRADUATE,ARCHITECTURE,80,4
1787,1-9317896273,KARPAGAM ACADEMY OF HIGHER EDUCATION,Tamil Nadu,COIMBATORE,Deemed to be University(Pvt),MANAGEMENT,"Karpagam Academy of Higher Education, Coimbatore",POST GRADUATE,MBA,120,6
1788,1-9317896273,KARPAGAM ACADEMY OF HIGHER EDUCATION,Tamil Nadu,COIMBATORE,Deemed to be University(Pvt),COMPUTER APPLICATIONS,"Karpagam Academy of Higher Education, Coimbatore",POST GRADUATE,MASTER OF COMPUTER APPLICATIONS,60,3
1789,1-9317896273,KARPAGAM ACADEMY OF HIGHER EDUCATION,Tamil Nadu,COIMBATORE,Deemed to be University(Pvt),ENGINEERING AND TECHNOLOGY,"Karpagam Academy of Higher Education, Coimbatore",UNDER GRADUATE,COMPUTER SCIENCE AND ENGINEERING,60,3
1790,1-9317896273,KARPAGAM ACADEMY OF HIGHER EDUCATION,Tamil Nadu,COIMBATORE,Deemed to be University(Pvt),ENGINEERING AND TECHNOLOGY,"Karpagam Academy of Higher Education, Coimbatore",POST GRADUATE,POWER SYSTEMS ENGINEERING,24,1
1791,1-9317896273,KARPAGAM ACADEMY OF HIGHER EDUCATION,Tamil Nadu,COIMBATORE,Deemed to be University(Pvt),ENGINEERING AND TECHNOLOGY,"Karpagam Academy of Higher Education, Coimbatore",POST GRADUATE,STRUCTURAL ENGINEERING,12,1
1792,1-9317896273,KARPAGAM ACADEMY OF HIGHER EDUCATION,Tamil Nadu,COIMBATORE,Deemed to be University(Pvt),ENGINEERING AND TECHNOLOGY,"Karpagam Academy of Higher Education, Coimbatore",POST GRADUATE,WATER RESOURCES AND ENVIROMENTAL ENGINEERING,12,1
1793,1-9317896273,KARPAGAM ACADEMY OF HIGHER EDUCATION,Tamil Nadu,COIMBATORE,Deemed to be University(Pvt),ENGINEERING AND TECHNOLOGY,"Karpagam Academy of Higher Education, Coimbatore",UNDER GRADUATE,ELECTRICAL AND ELECTRONICS ENGINEERING,90,5
1794,1-9317896273,KARPAGAM ACADEMY OF HIGHER EDUCATION,Tamil Nadu,COIMBATORE,Deemed to be University(Pvt),PLANNING,"Karpagam Academy of Higher Education, Coimbatore",POST GRADUATE,ARCHITECTURE,20,1
1795,1-9317896273,KARPAGAM ACADEMY OF HIGHER EDUCATION,Tamil Nadu,COIMBATORE,Deemed to be University(Pvt),ENGINEERING AND TECHNOLOGY,"Karpagam Academy of Higher Education, Coimbatore",UNDER GRADUATE,FOOD TECHNOLOGY,60,3
1796,1-9317896273,KARPAGAM ACADEMY OF HIGHER EDUCATION,Tamil Nadu,COIMBATORE,Deemed to be University(Pvt),PLANNING,"Karpagam Academy of Higher Education, Coimbatore",POST GRADUATE,TOWN AND COUNTRY PLANNING,20,1
1797,1-9318061721,KARUNYA INSTITUTE OF TECHNOLOGY AND SCIENCES,Tamil Nadu,COIMBATORE,Deemed to be University(Pvt),ENGINEERING AND TECHNOLOGY,"Karunya Institute of Technology and Sciences, Coimbatore",UNDER GRADUATE,CIVIL ENGINEERING,60,3
1798,1-9318061721,KARUNYA INSTITUTE OF TECHNOLOGY AND SCIENCES,Tamil Nadu,COIMBATORE,Deemed to be University(Pvt),ENGINEERING AND TECHNOLOGY,"Karunya Institute of Technology and Sciences, Coimbatore",UNDER GRADUATE,MECHANICAL ENGINEERING,120,6
1799,1-9318061721,KARUNYA INSTITUTE OF TECHNOLOGY AND SCIENCES,Tamil Nadu,COIMBATORE,Deemed to be University(Pvt),ENGINEERING AND TECHNOLOGY,"Karunya Institute of Technology and Sciences, Coimbatore",UNDER GRADUATE,COMPUTER SCIENCE AND ENGINEERING,300,15
1800,1-9318061721,KARUNYA INSTITUTE OF TECHNOLOGY AND SCIENCES,Tamil Nadu,COIMBATORE,Deemed to be University(Pvt),ENGINEERING AND TECHNOLOGY,"Karunya Institute of Technology and Sciences, Coimbatore",UNDER GRADUATE,FOOD PROCESSING AND ENGINEERING,120,6
1801,1-9318061721,KARUNYA INSTITUTE OF TECHNOLOGY AND SCIENCES,Tamil Nadu,COIMBATORE,Deemed to be University(Pvt),ENGINEERING AND TECHNOLOGY,"Karunya Institute of Technology and Sciences, Coimbatore",UNDER GRADUATE,BIOTECHNOLOGY,120,6
1802,1-9318061721,KARUNYA INSTITUTE OF TECHNOLOGY AND SCIENCES,Tamil Nadu,COIMBATORE,Deemed to be University(Pvt),ENGINEERING AND TECHNOLOGY,"Karunya Institute of Technology and Sciences, Coimbatore",UNDER GRADUATE,AEROSPACE ENGINEERING,60,3
1803,1-9318061721,KARUNYA INSTITUTE OF TECHNOLOGY AND SCIENCES,Tamil Nadu,COIMBATORE,Deemed to be University(Pvt),ENGINEERING AND TECHNOLOGY,"Karunya Institute of Technology and Sciences, Coimbatore",POST GRADUATE,ADVANCED MANUFACTURING TECHNOLOGY,20,1
1804,1-9318061721,KARUNYA INSTITUTE OF TECHNOLOGY AND SCIENCES,Tamil Nadu,COIMBATORE,Deemed to be University(Pvt),ENGINEERING AND TECHNOLOGY,"Karunya Institute of Technology and Sciences, Coimbatore",POST GRADUATE,FOOD PROCESSING AND ENGINEERING,20,1
1805,1-9318061721,KARUNYA INSTITUTE OF TECHNOLOGY AND SCIENCES,Tamil Nadu,COIMBATORE,Deemed to be University(Pvt),ENGINEERING AND TECHNOLOGY,"Karunya Institute of Technology and Sciences, Coimbatore",POST GRADUATE,STRUCTURAL ENGINEERING,20,1
1806,1-9318061721,KARUNYA INSTITUTE OF TECHNOLOGY AND SCIENCES,Tamil Nadu,COIMBATORE,Deemed to be University(Pvt),ENGINEERING AND TECHNOLOGY,"Karunya Institute of Technology and Sciences, Coimbatore",POST GRADUATE,COMPUTER SCIENCE AND ENGINEERING,20,1
1807,1-9318061721,KARUNYA INSTITUTE OF TECHNOLOGY AND SCIENCES,Tamil Nadu,COIMBATORE,Deemed to be University(Pvt),ENGINEERING AND TECHNOLOGY,"Karunya Institute of Technology and Sciences, Coimbatore",POST GRADUATE,ENVIRONMENT AND WATER RESOURCE ENGINEERING,20,1
1808,1-9318061721,KARUNYA INSTITUTE OF TECHNOLOGY AND SCIENCES,Tamil Nadu,COIMBATORE,Deemed to be University(Pvt),ENGINEERING AND TECHNOLOGY,"Karunya Institute of Technology and Sciences, Coimbatore",UNDER GRADUATE,ELECTRONICS AND COMMUNICATION ENGINEERING,240,12
1809,1-9318061721,KARUNYA INSTITUTE OF TECHNOLOGY AND SCIENCES,Tamil Nadu,COIMBATORE,Deemed to be University(Pvt),ENGINEERING AND TECHNOLOGY,"Karunya Institute of Technology and Sciences, Coimbatore",POST GRADUATE,VLSI DESIGN,20,1
1810,1-9318061721,KARUNYA INSTITUTE OF TECHNOLOGY AND SCIENCES,Tamil Nadu,COIMBATORE,Deemed to be University(Pvt),ENGINEERING AND TECHNOLOGY,"Karunya Institute of Technology and Sciences, Coimbatore",UNDER GRADUATE,BIOMEDICAL ENGINEERING,60,3
1811,1-9318061721,KARUNYA INSTITUTE OF TECHNOLOGY AND SCIENCES,Tamil Nadu,COIMBATORE,Deemed to be University(Pvt),ENGINEERING AND TECHNOLOGY,"Karunya Institute of Technology and Sciences, Coimbatore",UNDER GRADUATE,ROBOTICS AND AUTOMATION,60,3
1812,1-9318061721,KARUNYA INSTITUTE OF TECHNOLOGY AND SCIENCES,Tamil Nadu,COIMBATORE,Deemed to be University(Pvt),ENGINEERING AND TECHNOLOGY,"Karunya Institute of Technology and Sciences, Coimbatore",POST GRADUATE,BIOMEDICAL INSTRUMENTATION,20,1
1813,1-9318061721,KARUNYA INSTITUTE OF TECHNOLOGY AND SCIENCES,Tamil Nadu,COIMBATORE,Deemed to be University(Pvt),ENGINEERING AND TECHNOLOGY,"Karunya Institute of Technology and Sciences, Coimbatore",POST GRADUATE,COMMUNICATION SYSTEMS,20,1
1814,1-9318061721,KARUNYA INSTITUTE OF TECHNOLOGY AND SCIENCES,Tamil Nadu,COIMBATORE,Deemed to be University(Pvt),MANAGEMENT,"Karunya Institute of Technology and Sciences, Coimbatore",POST GRADUATE,MBA,120,6
1815,1-9318061721,KARUNYA INSTITUTE OF TECHNOLOGY AND SCIENCES,Tamil Nadu,COIMBATORE,Deemed to be University(Pvt),ENGINEERING AND TECHNOLOGY,"Karunya Institute of Technology and Sciences, Coimbatore",POST GRADUATE,BIOTECHNOLOGY,20,1
1816,1-9318061721,KARUNYA INSTITUTE OF TECHNOLOGY AND SCIENCES,Tamil Nadu,COIMBATORE,Deemed to be University(Pvt),ENGINEERING AND TECHNOLOGY,"Karunya Institute of Technology and Sciences, Coimbatore",POST GRADUATE,CYBER SECURITY,18,1
1817,1-9318061721,KARUNYA INSTITUTE OF TECHNOLOGY AND SCIENCES,Tamil Nadu,COIMBATORE,Deemed to be University(Pvt),ENGINEERING AND TECHNOLOGY,"Karunya Institute of Technology and Sciences, Coimbatore",POST GRADUATE,AEROSPACE ENGINEERING,18,1
1818,1-9318061721,KARUNYA INSTITUTE OF TECHNOLOGY AND SCIENCES,Tamil Nadu,COIMBATORE,Deemed to be University(Pvt),ENGINEERING AND TECHNOLOGY,"Karunya Institute of Technology and Sciences, Coimbatore",UNDER GRADUATE,COMPUTER ENGINEERING,60,3
1819,1-9318061721,KARUNYA INSTITUTE OF TECHNOLOGY AND SCIENCES,Tamil Nadu,COIMBATORE,Deemed to be University(Pvt),ENGINEERING AND TECHNOLOGY,"Karunya Institute of Technology and Sciences, Coimbatore",POST GRADUATE,ROBOTICS AND AUTOMATION,18,1
1820,1-9318061721,KARUNYA INSTITUTE OF TECHNOLOGY AND SCIENCES,Tamil Nadu,COIMBATORE,Deemed to be University(Pvt),ENGINEERING AND TECHNOLOGY,"Karunya Institute of Technology and Sciences, Coimbatore",UNDER GRADUATE,ARTIFICIAL INTELLIGENCE AND DATA SCIENCE,60,3
1821,1-9323232016,KCG COLLEGE OF TECHNOLOGY,Tamil Nadu,KANCHIPURAM,Private-Self Financing,ENGINEERING AND TECHNOLOGY,"Anna University, Chennai",UNDER GRADUATE,AERONAUTICAL ENGINEERING,60,3
1822,1-9323232016,KCG COLLEGE OF TECHNOLOGY,Tamil Nadu,KANCHIPURAM,Private-Self Financing,ENGINEERING AND TECHNOLOGY,"Anna University, Chennai",UNDER GRADUATE,COMPUTER SCIENCE AND ENGINEERING,120,6
1823,1-9323232016,KCG COLLEGE OF TECHNOLOGY,Tamil Nadu,KANCHIPURAM,Private-Self Financing,ENGINEERING AND TECHNOLOGY,"Anna University, Chennai",UNDER GRADUATE,ELECTRICAL AND ELECTRONICS ENGINEERING,30,2
1824,1-9323232016,KCG COLLEGE OF TECHNOLOGY,Tamil Nadu,KANCHIPURAM,Private-Self Financing,ENGINEERING AND TECHNOLOGY,"Anna University, Chennai",UNDER GRADUATE,ELECTRONICS AND COMMUNICATIONS ENGINEERING,90,5
1825,1-9323232016,KCG COLLEGE OF TECHNOLOGY,Tamil Nadu,KANCHIPURAM,Private-Self Financing,ENGINEERING AND TECHNOLOGY,"Anna University, Chennai",UNDER GRADUATE,MECHANICAL ENGINEERING,30,2
1826,1-9323232016,KCG COLLEGE OF TECHNOLOGY,Tamil Nadu,KANCHIPURAM,Private-Self Financing,ENGINEERING AND TECHNOLOGY,"Anna University, Chennai",UNDER GRADUATE,INFORMATION TECHNOLOGY,60,3
1827,1-9323232016,KCG COLLEGE OF TECHNOLOGY,Tamil Nadu,KANCHIPURAM,Private-Self Financing,ENGINEERING AND TECHNOLOGY,"Anna University, Chennai",UNDER GRADUATE,CIVIL ENGINEERING,30,2
1828,1-9323232016,KCG COLLEGE OF TECHNOLOGY,Tamil Nadu,KANCHIPURAM,Private-Self Financing,ENGINEERING AND TECHNOLOGY,"Anna University, Chennai",POST GRADUATE,COMPUTER SCIENCE AND ENGINEERING,18,1
1829,1-9323232016,KCG COLLEGE OF TECHNOLOGY,Tamil Nadu,KANCHIPURAM,Private-Self Financing,ENGINEERING AND TECHNOLOGY,"Anna University, Chennai",POST GRADUATE,COMMUNICATION SYSTEMS,9,0
1830,1-9323232016,KCG COLLEGE OF TECHNOLOGY,Tamil Nadu,KANCHIPURAM,Private-Self Financing,ENGINEERING AND TECHNOLOGY,"Anna University, Chennai",POST GRADUATE,POWER ELECTRONICS AND DRIVES,9,0
1831,1-9323232016,KCG COLLEGE OF TECHNOLOGY,Tamil Nadu,KANCHIPURAM,Private-Self Financing,ENGINEERING AND TECHNOLOGY,"Anna University, Chennai",POST GRADUATE,MANUFACTURING ENGINEERING,9,0
1832,1-9323232016,KCG COLLEGE OF TECHNOLOGY,Tamil Nadu,KANCHIPURAM,Private-Self Financing,ENGINEERING AND TECHNOLOGY,"Anna University, Chennai",UNDER GRADUATE,AUTOMOBILE ENGINEERING,30,2
1833,1-9323232016,KCG COLLEGE OF TECHNOLOGY,Tamil Nadu,KANCHIPURAM,Private-Self Financing,ENGINEERING AND TECHNOLOGY,"Anna University, Chennai",UNDER GRADUATE,FASHION TECHNOLOGY,30,2
1834,1-9323232016,KCG COLLEGE OF TECHNOLOGY,Tamil Nadu,KANCHIPURAM,Private-Self Financing,ENGINEERING AND TECHNOLOGY,"Anna University, Chennai",UNDER GRADUATE,AEROSPACE ENGINEERING,60,3
1835,1-9323232016,KCG COLLEGE OF TECHNOLOGY,Tamil Nadu,KANCHIPURAM,Private-Self Financing,ENGINEERING AND TECHNOLOGY,"Anna University, Chennai",UNDER GRADUATE,MECHATRONICS ENGINEERING,30,2
1836,1-9323232016,KCG COLLEGE OF TECHNOLOGY,Tamil Nadu,KANCHIPURAM,Private-Self Financing,ENGINEERING AND TECHNOLOGY,"Anna University, Chennai",UNDER GRADUATE,ARTIFICIAL INTELLIGENCE AND DATA SCIENCE,60,3
1837,1-9318641645,KPR INSTITUTE OF ENGINEERING AND TECHNOLOGY,Tamil Nadu,COIMBATORE,Private-Self Financing,ENGINEERING AND TECHNOLOGY,"Anna University, Chennai",POST GRADUATE,STRUCTURAL ENGINEERING,18,1
1838,1-9318641645,KPR INSTITUTE OF ENGINEERING AND TECHNOLOGY,Tamil Nadu,COIMBATORE,Private-Self Financing,ENGINEERING AND TECHNOLOGY,"Anna University, Chennai",POST GRADUATE,COMPUTER SCIENCE ENGINEERING,18,1
1839,1-9318641645,KPR INSTITUTE OF ENGINEERING AND TECHNOLOGY,Tamil Nadu,COIMBATORE,Private-Self Financing,ENGINEERING AND TECHNOLOGY,"Anna University, Chennai",UNDER GRADUATE,CIVIL ENGINEERING,120,6
1840,1-9318641645,KPR INSTITUTE OF ENGINEERING AND TECHNOLOGY,Tamil Nadu,COIMBATORE,Private-Self Financing,ENGINEERING AND TECHNOLOGY,"Anna University, Chennai",UNDER GRADUATE,COMPUTER SCIENCE AND ENGINEERING,180,9
1841,1-9318641645,KPR INSTITUTE OF ENGINEERING AND TECHNOLOGY,Tamil Nadu,COIMBATORE,Private-Self Financing,ENGINEERING AND TECHNOLOGY,"Anna University, Chennai",UNDER GRADUATE,ELECTRICAL AND ELECTRONICS ENGINEERING,120,6
1842,1-9318641645,KPR INSTITUTE OF ENGINEERING AND TECHNOLOGY,Tamil Nadu,COIMBATORE,Private-Self Financing,ENGINEERING AND TECHNOLOGY,"Anna University, Chennai",UNDER GRADUATE,ELECTRONICS AND COMMUNICATIONS ENGINEERING,180,9
1843,1-9318641645,KPR INSTITUTE OF ENGINEERING AND TECHNOLOGY,Tamil Nadu,COIMBATORE,Private-Self Financing,ENGINEERING AND TECHNOLOGY,"Anna University, Chennai",UNDER GRADUATE,MECHANICAL ENGINEERING,120,6
1844,1-9318641645,KPR INSTITUTE OF ENGINEERING AND TECHNOLOGY,Tamil Nadu,COIMBATORE,Private-Self Financing,ENGINEERING AND TECHNOLOGY,"Anna University, Chennai",POST GRADUATE,CAD CAM,9,0
1845,1-9318641645,KPR INSTITUTE OF ENGINEERING AND TECHNOLOGY,Tamil Nadu,COIMBATORE,Private-Self Financing,ENGINEERING AND TECHNOLOGY,"Anna University, Chennai",POST GRADUATE,VLSI DESIGN,18,1
1846,1-9318641645,KPR INSTITUTE OF ENGINEERING AND TECHNOLOGY,Tamil Nadu,COIMBATORE,Private-Self Financing,ENGINEERING AND TECHNOLOGY,"Anna University, Chennai",UNDER GRADUATE,BIOMEDICAL ENGINEERING,60,3
1847,1-9318641645,KPR INSTITUTE OF ENGINEERING AND TECHNOLOGY,Tamil Nadu,COIMBATORE,Private-Self Financing,ENGINEERING AND TECHNOLOGY,"Anna University, Chennai",UNDER GRADUATE,CHEMICAL ENGINEERING,60,3
1848,1-9318641645,KPR INSTITUTE OF ENGINEERING AND TECHNOLOGY,Tamil Nadu,COIMBATORE,Private-Self Financing,ENGINEERING AND TECHNOLOGY,"Anna University, Chennai",UNDER GRADUATE,ARTIFICIAL INTELLIGENCE AND DATA SCIENCE,60,3
1849,1-9321460385,KUMARAGURU COLLEGE OF TECHNOLOGY,Tamil Nadu,COIMBATORE,Private-Self Financing,ENGINEERING AND TECHNOLOGY,"Anna University, Chennai",UNDER GRADUATE,TEXTILE TECHNOLOGY,60,3
1850,1-9321460385,KUMARAGURU COLLEGE OF TECHNOLOGY,Tamil Nadu,COIMBATORE,Private-Self Financing,ENGINEERING AND TECHNOLOGY,"Anna University, Chennai",UNDER GRADUATE,INFORMATION TECHNOLOGY,60,3
1851,1-9321460385,KUMARAGURU COLLEGE OF TECHNOLOGY,Tamil Nadu,COIMBATORE,Private-Self Financing,ENGINEERING AND TECHNOLOGY,"Anna University, Chennai",UNDER GRADUATE,MECHATRONICS ENGINEERING,60,3
1852,1-9321460385,KUMARAGURU COLLEGE OF TECHNOLOGY,Tamil Nadu,COIMBATORE,Private-Self Financing,ENGINEERING AND TECHNOLOGY,"Anna University, Chennai",UNDER GRADUATE,MECHANICAL ENGINEERING,120,6
1853,1-9321460385,KUMARAGURU COLLEGE OF TECHNOLOGY,Tamil Nadu,COIMBATORE,Private-Self Financing,ENGINEERING AND TECHNOLOGY,"Anna University, Chennai",UNDER GRADUATE,CIVIL ENGINEERING,120,6
1854,1-9321460385,KUMARAGURU COLLEGE OF TECHNOLOGY,Tamil Nadu,COIMBATORE,Private-Self Financing,ENGINEERING AND TECHNOLOGY,"Anna University, Chennai",UNDER GRADUATE,ELECTRICAL AND ELECTRONICS ENGINEERING,120,6
1855,1-9321460385,KUMARAGURU COLLEGE OF TECHNOLOGY,Tamil Nadu,COIMBATORE,Private-Self Financing,ENGINEERING AND TECHNOLOGY,"Anna University, Chennai",UNDER GRADUATE,ELECTRONICS AND COMMUNICATIONS ENGINEERING,180,9
1856,1-9321460385,KUMARAGURU COLLEGE OF TECHNOLOGY,Tamil Nadu,COIMBATORE,Private-Self Financing,ENGINEERING AND TECHNOLOGY,"Anna University, Chennai",UNDER GRADUATE,COMPUTER SCIENCE AND ENGINEERING,120,6
1857,1-9321460385,KUMARAGURU COLLEGE OF TECHNOLOGY,Tamil Nadu,COIMBATORE,Private-Self Financing,ENGINEERING AND TECHNOLOGY,"Anna University, Chennai",UNDER GRADUATE,BIOTECHNOLOGY,60,3
1858,1-9321460385,KUMARAGURU COLLEGE OF TECHNOLOGY,Tamil Nadu,COIMBATORE,Private-Self Financing,ENGINEERING AND TECHNOLOGY,"Anna University, Chennai",UNDER GRADUATE,FASHION TECHNOLOGY,60,3
1859,1-9321460385,KUMARAGURU COLLEGE OF TECHNOLOGY,Tamil Nadu,COIMBATORE,Private-Self Financing,ENGINEERING AND TECHNOLOGY,"Anna University, Chennai",UNDER GRADUATE,AERONAUTICAL ENGINEERING,60,3
1860,1-9321460385,KUMARAGURU COLLEGE OF TECHNOLOGY,Tamil Nadu,COIMBATORE,Private-Self Financing,ENGINEERING AND TECHNOLOGY,"Anna University, Chennai",UNDER GRADUATE,ELECTRONICS INSTRUMENTATION ENGINEERING,60,3
1861,1-9321460385,KUMARAGURU COLLEGE OF TECHNOLOGY,Tamil Nadu,COIMBATORE,Private-Self Financing,ENGINEERING AND TECHNOLOGY,"Anna University, Chennai",UNDER GRADUATE,AUTOMOBILE ENGINEERING,60,3
1862,1-9321460385,KUMARAGURU COLLEGE OF TECHNOLOGY,Tamil Nadu,COIMBATORE,Private-Self Financing,ENGINEERING AND TECHNOLOGY,"Anna University, Chennai",UNDER GRADUATE,INFORMATION SCIENCE AND ENGINEERING,60,3
1863,1-9321859355,M.A.M. COLLEGE OF ENGINEERING,Tamil Nadu,TIRUCHIRAPPALLI,Private-Self Financing,ENGINEERING AND TECHNOLOGY,"Anna University, Chennai",UNDER GRADUATE,INFORMATION TECHNOLOGY,60,3
1864,1-9321859355,M.A.M. COLLEGE OF ENGINEERING,Tamil Nadu,TIRUCHIRAPPALLI,Private-Self Financing,ENGINEERING AND TECHNOLOGY,"Anna University, Chennai",POST GRADUATE,MANUFACTURING ENGINEERING,18,1
1865,1-9321859355,M.A.M. COLLEGE OF ENGINEERING,Tamil Nadu,TIRUCHIRAPPALLI,Private-Self Financing,ENGINEERING AND TECHNOLOGY,"Anna University, Chennai",POST GRADUATE,COMPUTER SCIENCE AND ENGINEERING,18,1
1866,1-9321859355,M.A.M. COLLEGE OF ENGINEERING,Tamil Nadu,TIRUCHIRAPPALLI,Private-Self Financing,MANAGEMENT,"Anna University, Chennai",POST GRADUATE,MBA,60,3
1867,1-9321859355,M.A.M. COLLEGE OF ENGINEERING,Tamil Nadu,TIRUCHIRAPPALLI,Private-Self Financing,COMPUTER APPLICATIONS,"Anna University, Chennai",POST GRADUATE,MASTERS IN COMPUTER APPLICATIONS,60,3
1868,1-9321859355,M.A.M. COLLEGE OF ENGINEERING,Tamil Nadu,TIRUCHIRAPPALLI,Private-Self Financing,ENGINEERING AND TECHNOLOGY,"Anna University, Chennai",UNDER GRADUATE,ELECTRONICS COMMUNICATION ENGG,60,3
1869,1-9321859355,M.A.M. COLLEGE OF ENGINEERING,Tamil Nadu,TIRUCHIRAPPALLI,Private-Self Financing,ENGINEERING AND TECHNOLOGY,"Anna University, Chennai",UNDER GRADUATE,COMPUTER SCIENCE AND ENGINEERING,150,8
1870,1-9321859355,M.A.M. COLLEGE OF ENGINEERING,Tamil Nadu,TIRUCHIRAPPALLI,Private-Self Financing,ENGINEERING AND TECHNOLOGY,"Anna University, Chennai",UNDER GRADUATE,ELECTRONICS AND INSTRUMENTATION ENGINEERING,30,2
1871,1-9321859355,M.A.M. COLLEGE OF ENGINEERING,Tamil Nadu,TIRUCHIRAPPALLI,Private-Self Financing,ENGINEERING AND TECHNOLOGY,"Anna University, Chennai",UNDER GRADUATE,CIVIL ENGINEERING,60,3
1872,1-9321859355,M.A.M. COLLEGE OF ENGINEERING,Tamil Nadu,TIRUCHIRAPPALLI,Private-Self Financing,ENGINEERING AND TECHNOLOGY,"Anna University, Chennai",UNDER GRADUATE,ELECTRICAL AND ELECTRONICS ENGINEERING,90,5
1873,1-9321859355,M.A.M. COLLEGE OF ENGINEERING,Tamil Nadu,TIRUCHIRAPPALLI,Private-Self Financing,ENGINEERING AND TECHNOLOGY,"Anna University, Chennai",UNDER GRADUATE,MECHANICAL ENGINEERING,120,6
1874,1-9321859355,M.A.M. COLLEGE OF ENGINEERING,Tamil Nadu,TIRUCHIRAPPALLI,Private-Self Financing,ENGINEERING AND TECHNOLOGY,"Anna University, Chennai",POST GRADUATE,ENVIRONMENTAL ENGINEERING,18,1
1875,1-9321859355,M.A.M. COLLEGE OF ENGINEERING,Tamil Nadu,TIRUCHIRAPPALLI,Private-Self Financing,ENGINEERING AND TECHNOLOGY,"Anna University, Chennai",POST GRADUATE,POWER ELECTRONICS AND DRIVES,9,0
1876,1-9321859355,M.A.M. COLLEGE OF ENGINEERING,Tamil Nadu,TIRUCHIRAPPALLI,Private-Self Financing,ENGINEERING AND TECHNOLOGY,"Anna University, Chennai",POST GRADUATE,ELECTRONICS COMMUNICATION ENGG,18,1
1877,1-9321859355,M.A.M. COLLEGE OF ENGINEERING,Tamil Nadu,TIRUCHIRAPPALLI,Private-Self Financing,ENGINEERING AND TECHNOLOGY,"Anna University, Chennai",UNDER GRADUATE,ARTIFICIAL INTELLIGENCE AND DATA SCIENCE,60,3
1878,1-9321859355,M.A.M. COLLEGE OF ENGINEERING,Tamil Nadu,TIRUCHIRAPPALLI,Private-Self Financing,ENGINEERING AND TECHNOLOGY,"Anna University, Chennai",UNDER GRADUATE,AGRICULTURAL ENGINEERING,60,3
1879,1-9323339809,MARIA COLLEGE OF ENGINEERING AND TECHNOLOGY,Tamil Nadu,KANYAKUMARI,Private-Self Financing,ENGINEERING AND TECHNOLOGY,"Anna University, Chennai",UNDER GRADUATE,CIVIL ENGINEERING,60,3
1880,1-9323339809,MARIA COLLEGE OF ENGINEERING AND TECHNOLOGY,Tamil Nadu,KANYAKUMARI,Private-Self Financing,ENGINEERING AND TECHNOLOGY,"Anna University, Chennai",UNDER GRADUATE,MECHANICAL ENGINEERING,120,6
1881,1-9323339809,MARIA COLLEGE OF ENGINEERING AND TECHNOLOGY,Tamil Nadu,KANYAKUMARI,Private-Self Financing,ENGINEERING AND TECHNOLOGY,"Anna University, Chennai",UNDER GRADUATE,COMPUTER SCIENCE AND ENGINEERING,60,3
1882,1-9323339809,MARIA COLLEGE OF ENGINEERING AND TECHNOLOGY,Tamil Nadu,KANYAKUMARI,Private-Self Financing,ENGINEERING AND TECHNOLOGY,"Anna University, Chennai",UNDER GRADUATE,ELECTRICAL AND ELECTRONICS ENGINEERING,30,2
1883,1-9323339809,MARIA COLLEGE OF ENGINEERING AND TECHNOLOGY,Tamil Nadu,KANYAKUMARI,Private-Self Financing,ENGINEERING AND TECHNOLOGY,"Anna University, Chennai",UNDER GRADUATE,ELECTRONICS AND COMMUNICATIONS ENGINEERING,30,2
1884,1-9323339809,MARIA COLLEGE OF ENGINEERING AND TECHNOLOGY,Tamil Nadu,KANYAKUMARI,Private-Self Financing,ENGINEERING AND TECHNOLOGY,"Anna University, Chennai",UNDER GRADUATE,AUTOMOBILE ENGINEERING,30,2
1885,1-9318153057,NEHRU INSTITUTE OF ENGINEERING AND TECHNOLOGY,Tamil Nadu,COIMBATORE,Private-Self Financing,ENGINEERING AND TECHNOLOGY,"Anna University, Chennai",UNDER GRADUATE,AERONAUTICAL ENGINEERING,120,6
1886,1-9318153057,NEHRU INSTITUTE OF ENGINEERING AND TECHNOLOGY,Tamil Nadu,COIMBATORE,Private-Self Financing,ENGINEERING AND TECHNOLOGY,"Anna University, Chennai",UNDER GRADUATE,MECHANICAL ENGINEERING,60,3
1887,1-9318153057,NEHRU INSTITUTE OF ENGINEERING AND TECHNOLOGY,Tamil Nadu,COIMBATORE,Private-Self Financing,ENGINEERING AND TECHNOLOGY,"Anna University, Chennai",UNDER GRADUATE,ELECTRICAL AND ELECTRONICS ENGINEERING,60,3
1888,1-9318153057,NEHRU INSTITUTE OF ENGINEERING AND TECHNOLOGY,Tamil Nadu,COIMBATORE,Private-Self Financing,ENGINEERING AND TECHNOLOGY,"Anna University, Chennai",UNDER GRADUATE,ELECTRONICS COMMUNICATION ENGG,90,5
1889,1-9318153057,NEHRU INSTITUTE OF ENGINEERING AND TECHNOLOGY,Tamil Nadu,COIMBATORE,Private-Self Financing,ENGINEERING AND TECHNOLOGY,"Anna University, Chennai",UNDER GRADUATE,COMPUTER SCIENCE AND ENGINEERING,60,3
1890,1-9318153057,NEHRU INSTITUTE OF ENGINEERING AND TECHNOLOGY,Tamil Nadu,COIMBATORE,Private-Self Financing,MANAGEMENT,"Anna University, Chennai",POST GRADUATE,MBA,60,3
1891,1-9318153057,NEHRU INSTITUTE OF ENGINEERING AND TECHNOLOGY,Tamil Nadu,COIMBATORE,Private-Self Financing,ENGINEERING AND TECHNOLOGY,"Anna University, Chennai",UNDER GRADUATE,MECHATRONICS,60,3
1892,1-9318153057,NEHRU INSTITUTE OF ENGINEERING AND TECHNOLOGY,Tamil Nadu,COIMBATORE,Private-Self Financing,ENGINEERING AND TECHNOLOGY,"Anna University, Chennai",POST GRADUATE,AERONAUTICAL ENGINEERING,18,1
1893,1-9318153057,NEHRU INSTITUTE OF ENGINEERING AND TECHNOLOGY,Tamil Nadu,COIMBATORE,Private-Self Financing,ENGINEERING AND TECHNOLOGY,"Anna University, Chennai",POST GRADUATE,COMMUNICATION SYSTEMS,18,1
1894,1-9318153057,NEHRU INSTITUTE OF ENGINEERING AND TECHNOLOGY,Tamil Nadu,COIMBATORE,Private-Self Financing,ENGINEERING AND TECHNOLOGY,"Anna University, Chennai",UNDER GRADUATE,ARTIFICIAL INTELLIGENCE AND DATA SCIENCE,60,3
1895,1-9318153057,NEHRU INSTITUTE OF ENGINEERING AND TECHNOLOGY,Tamil Nadu,COIMBATORE,Private-Self Financing,ENGINEERING AND TECHNOLOGY,"Anna University, Chennai",UNDER GRADUATE,COMPUTER SCIENCE AND BUSINESS SYSTEM,60,3
1896,1-9318181224,PARK COLLEGE OF ENGINEERING AND TECHNOLOGY,Tamil Nadu,COIMBATORE,Private-Self Financing,ENGINEERING AND TECHNOLOGY,"Anna University, Chennai",UNDER GRADUATE,AERONAUTICAL ENGINEERING,120,6
1897,1-9318181224,PARK COLLEGE OF ENGINEERING AND TECHNOLOGY,Tamil Nadu,COIMBATORE,Private-Self Financing,ENGINEERING AND TECHNOLOGY,"Anna University, Chennai",UNDER GRADUATE,MECHANICAL ENGINEERING,120,6
1898,1-9318181224,PARK COLLEGE OF ENGINEERING AND TECHNOLOGY,Tamil Nadu,COIMBATORE,Private-Self Financing,ENGINEERING AND TECHNOLOGY,"Anna University, Chennai",UNDER GRADUATE,ELECTRICAL AND ELECTRONICS ENGINEERING,120,6
1899,1-9318181224,PARK COLLEGE OF ENGINEERING AND TECHNOLOGY,Tamil Nadu,COIMBATORE,Private-Self Financing,ENGINEERING AND TECHNOLOGY,"Anna University, Chennai",UNDER GRADUATE,COMPUTER SCIENCE AND ENGINEERING,60,3
1900,1-9318181224,PARK COLLEGE OF ENGINEERING AND TECHNOLOGY,Tamil Nadu,COIMBATORE,Private-Self Financing,ENGINEERING AND TECHNOLOGY,"Anna University, Chennai",UNDER GRADUATE,INFORMATION TECHNOLOGY,90,5
1901,1-9318181224,PARK COLLEGE OF ENGINEERING AND TECHNOLOGY,Tamil Nadu,COIMBATORE,Private-Self Financing,ENGINEERING AND TECHNOLOGY,"Anna University, Chennai",UNDER GRADUATE,ELECTRONICS COMMUNICATION ENGG,120,6
1902,1-9318181224,PARK COLLEGE OF ENGINEERING AND TECHNOLOGY,Tamil Nadu,COIMBATORE,Private-Self Financing,ENGINEERING AND TECHNOLOGY,"Anna University, Chennai",UNDER GRADUATE,TEXTILE TECHNOLOGY,60,3
1903,1-9318181224,PARK COLLEGE OF ENGINEERING AND TECHNOLOGY,Tamil Nadu,COIMBATORE,Private-Self Financing,ENGINEERING AND TECHNOLOGY,"Anna University, Chennai",POST GRADUATE,AERONAUTICAL ENGINEERING,18,1
1904,1-9318181224,PARK COLLEGE OF ENGINEERING AND TECHNOLOGY,Tamil Nadu,COIMBATORE,Private-Self Financing,ENGINEERING AND TECHNOLOGY,"Anna University, Chennai",POST GRADUATE,ENGINEERING DESIGN,9,0
1905,1-9318181224,PARK COLLEGE OF ENGINEERING AND TECHNOLOGY,Tamil Nadu,COIMBATORE,Private-Self Financing,MANAGEMENT,"Anna University, Chennai",POST GRADUATE,MBA,30,2
1906,1-9318181224,PARK COLLEGE OF ENGINEERING AND TECHNOLOGY,Tamil Nadu,COIMBATORE,Private-Self Financing,ENGINEERING AND TECHNOLOGY,None,UNDER GRADUATE,MARINE ENGINEERING,30,2
1907,1-9318181224,PARK COLLEGE OF ENGINEERING AND TECHNOLOGY,Tamil Nadu,COIMBATORE,Private-Self Financing,ENGINEERING AND TECHNOLOGY,"Anna University, Chennai",UNDER GRADUATE,MECHATRONICS,60,3
1908,1-9318181224,PARK COLLEGE OF ENGINEERING AND TECHNOLOGY,Tamil Nadu,COIMBATORE,Private-Self Financing,ENGINEERING AND TECHNOLOGY,"Anna University, Chennai",POST GRADUATE,COMPUTER SCIENCE ENGINEERING,9,0
1909,1-9318181224,PARK COLLEGE OF ENGINEERING AND TECHNOLOGY,Tamil Nadu,COIMBATORE,Private-Self Financing,ENGINEERING AND TECHNOLOGY,"Anna University, Coimbatore",UNDER GRADUATE,BIOMEDICAL ENGINEERING,60,3
1910,1-9318181224,PARK COLLEGE OF ENGINEERING AND TECHNOLOGY,Tamil Nadu,COIMBATORE,Private-Self Financing,ENGINEERING AND TECHNOLOGY,"Anna University, Chennai",UNDER GRADUATE,GEO INFORMATICS,60,3
1911,1-9318181224,PARK COLLEGE OF ENGINEERING AND TECHNOLOGY,Tamil Nadu,COIMBATORE,Private-Self Financing,ENGINEERING AND TECHNOLOGY,"Anna University, Chennai",UNDER GRADUATE,ROBOTICS AND AUTOMATION,60,3
1912,1-9321415630,RAJALAKSHMI ENGINEERING COLLEGE ENGINEERING TECHNOLOGY,Tamil Nadu,KANCHIPURAM,Private-Self Financing,ENGINEERING AND TECHNOLOGY,"Anna University, Chennai",UNDER GRADUATE,AERONAUTICAL ENGINEERING,60,3
1913,1-9321415630,RAJALAKSHMI ENGINEERING COLLEGE ENGINEERING TECHNOLOGY,Tamil Nadu,KANCHIPURAM,Private-Self Financing,ENGINEERING AND TECHNOLOGY,"Anna University, Chennai",UNDER GRADUATE,AUTOMOBILE ENGINEERING,30,2
1914,1-9321415630,RAJALAKSHMI ENGINEERING COLLEGE ENGINEERING TECHNOLOGY,Tamil Nadu,KANCHIPURAM,Private-Self Financing,ENGINEERING AND TECHNOLOGY,"Anna University, Chennai",UNDER GRADUATE,BIOMEDICAL ENGINEERING,120,6
1915,1-9321415630,RAJALAKSHMI ENGINEERING COLLEGE ENGINEERING TECHNOLOGY,Tamil Nadu,KANCHIPURAM,Private-Self Financing,ENGINEERING AND TECHNOLOGY,"Anna University, Chennai",UNDER GRADUATE,BIOTECHNOLOGY,180,9
1916,1-9321415630,RAJALAKSHMI ENGINEERING COLLEGE ENGINEERING TECHNOLOGY,Tamil Nadu,KANCHIPURAM,Private-Self Financing,ENGINEERING AND TECHNOLOGY,"Anna University, Chennai",UNDER GRADUATE,CIVIL ENGINEERING,60,3
1917,1-9321415630,RAJALAKSHMI ENGINEERING COLLEGE ENGINEERING TECHNOLOGY,Tamil Nadu,KANCHIPURAM,Private-Self Financing,ENGINEERING AND TECHNOLOGY,"Anna University, Chennai",UNDER GRADUATE,COMPUTER SCIENCE AND ENGINEERING,300,15
1918,1-9321415630,RAJALAKSHMI ENGINEERING COLLEGE ENGINEERING TECHNOLOGY,Tamil Nadu,KANCHIPURAM,Private-Self Financing,ENGINEERING AND TECHNOLOGY,"Anna University, Chennai",UNDER GRADUATE,ELECTRONICS COMMUNICATION ENGG,240,12
1919,1-9321415630,RAJALAKSHMI ENGINEERING COLLEGE ENGINEERING TECHNOLOGY,Tamil Nadu,KANCHIPURAM,Private-Self Financing,ENGINEERING AND TECHNOLOGY,"Anna University, Chennai",UNDER GRADUATE,ELECTRICAL AND ELECTRONICS ENGINEERING,120,6
1920,1-9321415630,RAJALAKSHMI ENGINEERING COLLEGE ENGINEERING TECHNOLOGY,Tamil Nadu,KANCHIPURAM,Private-Self Financing,ENGINEERING AND TECHNOLOGY,"Anna University, Chennai",UNDER GRADUATE,MECHANICAL ENGINEERING,180,9
1921,1-9321415630,RAJALAKSHMI ENGINEERING COLLEGE ENGINEERING TECHNOLOGY,Tamil Nadu,KANCHIPURAM,Private-Self Financing,ENGINEERING AND TECHNOLOGY,"Anna University, Chennai",UNDER GRADUATE,INFORMATION TECHNOLOGY,120,6
1922,1-9321415630,RAJALAKSHMI ENGINEERING COLLEGE ENGINEERING TECHNOLOGY,Tamil Nadu,KANCHIPURAM,Private-Self Financing,ENGINEERING AND TECHNOLOGY,"Anna University, Chennai",POST GRADUATE,COMPUTER SCIENCE AND ENGINEERING,18,1
1923,1-9321415630,RAJALAKSHMI ENGINEERING COLLEGE ENGINEERING TECHNOLOGY,Tamil Nadu,KANCHIPURAM,Private-Self Financing,ENGINEERING AND TECHNOLOGY,"Anna University, Chennai",POST GRADUATE,COMMUNICATION SYSTEMS,18,1
1924,1-9321415630,RAJALAKSHMI ENGINEERING COLLEGE ENGINEERING TECHNOLOGY,Tamil Nadu,KANCHIPURAM,Private-Self Financing,ENGINEERING AND TECHNOLOGY,"Anna University, Chennai",POST GRADUATE,BIOTECHNOLOGY,24,1
1925,1-9321415630,RAJALAKSHMI ENGINEERING COLLEGE ENGINEERING TECHNOLOGY,Tamil Nadu,KANCHIPURAM,Private-Self Financing,ENGINEERING AND TECHNOLOGY,"Anna University, Chennai",POST GRADUATE,ENGINEERING DESIGN,18,1
1926,1-9321415630,RAJALAKSHMI ENGINEERING COLLEGE ENGINEERING TECHNOLOGY,Tamil Nadu,KANCHIPURAM,Private-Self Financing,ENGINEERING AND TECHNOLOGY,"Anna University, Chennai",POST GRADUATE,MEDICAL ELECTRONICS,18,1
1927,1-9321415630,RAJALAKSHMI ENGINEERING COLLEGE ENGINEERING TECHNOLOGY,Tamil Nadu,KANCHIPURAM,Private-Self Financing,ENGINEERING AND TECHNOLOGY,"Anna University, Chennai",POST GRADUATE,EMBEDDED SYSTEMS TECHNOLOGIES,18,1
1928,1-9321415630,RAJALAKSHMI ENGINEERING COLLEGE ENGINEERING TECHNOLOGY,Tamil Nadu,KANCHIPURAM,Private-Self Financing,ENGINEERING AND TECHNOLOGY,"Anna University, Chennai",UNDER GRADUATE,MECHATRONICS,60,3
1929,1-9321415630,RAJALAKSHMI ENGINEERING COLLEGE ENGINEERING TECHNOLOGY,Tamil Nadu,KANCHIPURAM,Private-Self Financing,ENGINEERING AND TECHNOLOGY,"Anna University, Chennai",UNDER GRADUATE,CHEMICAL ENGINEERING,60,3
1930,1-9321415630,RAJALAKSHMI ENGINEERING COLLEGE ENGINEERING TECHNOLOGY,Tamil Nadu,KANCHIPURAM,Private-Self Financing,ENGINEERING AND TECHNOLOGY,"Anna University, Chennai",POST GRADUATE,AVIONICS,18,1
1931,1-9321415630,RAJALAKSHMI ENGINEERING COLLEGE ENGINEERING TECHNOLOGY,Tamil Nadu,KANCHIPURAM,Private-Self Financing,ENGINEERING AND TECHNOLOGY,"Anna University, Chennai",UNDER GRADUATE,FOOD TECHNOLOGY,60,3
1932,1-9320605866,S.R. M INSTITUTE OF SCIENCE AND TECHNOLOGY,Tamil Nadu,KANCHIPURAM,Deemed to be University(Pvt),ENGINEERING AND TECHNOLOGY,"SRM Institute of Science & Technology, Chennai",UNDER GRADUATE,AEROSPACE ENGINEERING,60,3
1933,1-9320605866,S.R. M INSTITUTE OF SCIENCE AND TECHNOLOGY,Tamil Nadu,KANCHIPURAM,Deemed to be University(Pvt),ENGINEERING AND TECHNOLOGY,"SRM Institute of Science & Technology, Chennai",UNDER GRADUATE,AUTOMOBILE ENGINEERING,60,3
1934,1-9320605866,S.R. M INSTITUTE OF SCIENCE AND TECHNOLOGY,Tamil Nadu,KANCHIPURAM,Deemed to be University(Pvt),ENGINEERING AND TECHNOLOGY,"SRM Institute of Science & Technology, Chennai",UNDER GRADUATE,AUTOMOBILE ENGINEERING WITH SPECIALISATION IN AUTOMOTIVE ELECTRONICS,30,2
1935,1-9320605866,S.R. M INSTITUTE OF SCIENCE AND TECHNOLOGY,Tamil Nadu,KANCHIPURAM,Deemed to be University(Pvt),ENGINEERING AND TECHNOLOGY,"SRM Institute of Science & Technology, Chennai",UNDER GRADUATE,BIOTECHNOLOGY,240,12
1936,1-9320605866,S.R. M INSTITUTE OF SCIENCE AND TECHNOLOGY,Tamil Nadu,KANCHIPURAM,Deemed to be University(Pvt),ENGINEERING AND TECHNOLOGY,"SRM Institute of Science & Technology, Chennai",UNDER GRADUATE,BIOTECHNOLOGY WITH SPECIALISATION IN REGENERATIVE MEDICINE,30,2
1937,1-9320605866,S.R. M INSTITUTE OF SCIENCE AND TECHNOLOGY,Tamil Nadu,KANCHIPURAM,Deemed to be University(Pvt),ENGINEERING AND TECHNOLOGY,"SRM Institute of Science & Technology, Chennai",UNDER GRADUATE,BIOTECHNOLOGY WITH SPECIALISATION IN GENETIC ENGINEERING,90,5
1938,1-9320605866,S.R. M INSTITUTE OF SCIENCE AND TECHNOLOGY,Tamil Nadu,KANCHIPURAM,Deemed to be University(Pvt),ENGINEERING AND TECHNOLOGY,"SRM Institute of Science & Technology, Chennai",UNDER GRADUATE,CHEMICAL ENGINEERING,60,3
1939,1-9320605866,S.R. M INSTITUTE OF SCIENCE AND TECHNOLOGY,Tamil Nadu,KANCHIPURAM,Deemed to be University(Pvt),ENGINEERING AND TECHNOLOGY,"SRM Institute of Science & Technology, Chennai",UNDER GRADUATE,CIVIL ENGINEERING,60,3
1940,1-9320605866,S.R. M INSTITUTE OF SCIENCE AND TECHNOLOGY,Tamil Nadu,KANCHIPURAM,Deemed to be University(Pvt),ENGINEERING AND TECHNOLOGY,"SRM Institute of Science & Technology, Chennai",UNDER GRADUATE,COMPUTER SCIENCE AND ENGINEERING,1140,57
1941,1-9320605866,S.R. M INSTITUTE OF SCIENCE AND TECHNOLOGY,Tamil Nadu,KANCHIPURAM,Deemed to be University(Pvt),ENGINEERING AND TECHNOLOGY,"SRM Institute of Science & Technology, Chennai",UNDER GRADUATE,COMPUTER SCIENCE AND ENGINEERING WITH SPECIALISATION IN ARTIFICIAL INTELLIGENCE AND MACHINE LEARNING,360,18
1942,1-9320605866,S.R. M INSTITUTE OF SCIENCE AND TECHNOLOGY,Tamil Nadu,KANCHIPURAM,Deemed to be University(Pvt),ENGINEERING AND TECHNOLOGY,"SRM Institute of Science & Technology, Chennai",UNDER GRADUATE,COMPUTER SCIENCE AND ENGINEERING WITH SPECIALISATION IN BIG DATA ANALYTICS,150,8
1943,1-9320605866,S.R. M INSTITUTE OF SCIENCE AND TECHNOLOGY,Tamil Nadu,KANCHIPURAM,Deemed to be University(Pvt),ENGINEERING AND TECHNOLOGY,"SRM Institute of Science & Technology, Chennai",UNDER GRADUATE,COMPUTER SCIENCE AND ENGINEERING WITH SPECIALISATION IN CLOUD COMPUTING,180,9
1944,1-9320605866,S.R. M INSTITUTE OF SCIENCE AND TECHNOLOGY,Tamil Nadu,KANCHIPURAM,Deemed to be University(Pvt),ENGINEERING AND TECHNOLOGY,"SRM Institute of Science & Technology, Chennai",UNDER GRADUATE,COMPUTER SCIENCE AND ENGINEERING WITH SPECIALISATION IN COMPUTER NETWORKING,60,3
1945,1-9320605866,S.R. M INSTITUTE OF SCIENCE AND TECHNOLOGY,Tamil Nadu,KANCHIPURAM,Deemed to be University(Pvt),ENGINEERING AND TECHNOLOGY,"SRM Institute of Science & Technology, Chennai",UNDER GRADUATE,COMPUTER SCIENCE AND ENGINEERING WITH SPECIALISATION IN CYBER SECURITY,240,12
1946,1-9320605866,S.R. M INSTITUTE OF SCIENCE AND TECHNOLOGY,Tamil Nadu,KANCHIPURAM,Deemed to be University(Pvt),ENGINEERING AND TECHNOLOGY,"SRM Institute of Science & Technology, Chennai",UNDER GRADUATE,COMPUTER SCIENCE AND ENGINEERING WITH SPECIALISATION IN INTERNET OF THINGS,60,3
1947,1-9320605866,S.R. M INSTITUTE OF SCIENCE AND TECHNOLOGY,Tamil Nadu,KANCHIPURAM,Deemed to be University(Pvt),ENGINEERING AND TECHNOLOGY,"SRM Institute of Science & Technology, Chennai",UNDER GRADUATE,COMPUTER SCIENCE AND ENGINEERING WITH SPECIALISATION IN SOFTWARE ENGINEERING,180,9
1948,1-9320605866,S.R. M INSTITUTE OF SCIENCE AND TECHNOLOGY,Tamil Nadu,KANCHIPURAM,Deemed to be University(Pvt),ENGINEERING AND TECHNOLOGY,"SRM Institute of Science & Technology, Chennai",UNDER GRADUATE,COMPUTER SCIENCE AND ENGINEERING WITH SPECIALISATION IN INFORMATION TECHNOLOGY,120,6
1949,1-9320605866,S.R. M INSTITUTE OF SCIENCE AND TECHNOLOGY,Tamil Nadu,KANCHIPURAM,Deemed to be University(Pvt),ENGINEERING AND TECHNOLOGY,"SRM Institute of Science & Technology, Chennai",UNDER GRADUATE,ELECTRICAL AND ELECTRONICS ENGINEERING,60,3
1950,1-9320605866,S.R. M INSTITUTE OF SCIENCE AND TECHNOLOGY,Tamil Nadu,KANCHIPURAM,Deemed to be University(Pvt),ENGINEERING AND TECHNOLOGY,"SRM Institute of Science & Technology, Chennai",UNDER GRADUATE,ELECTRONICS AND COMMUNICATION ENGINEERING,480,24
1951,1-9320605866,S.R. M INSTITUTE OF SCIENCE AND TECHNOLOGY,Tamil Nadu,KANCHIPURAM,Deemed to be University(Pvt),ENGINEERING AND TECHNOLOGY,"SRM Institute of Science & Technology, Chennai",UNDER GRADUATE,MECHANICAL ENGINEERING,180,9
1952,1-9320605866,S.R. M INSTITUTE OF SCIENCE AND TECHNOLOGY,Tamil Nadu,KANCHIPURAM,Deemed to be University(Pvt),ENGINEERING AND TECHNOLOGY,"SRM Institute of Science & Technology, Chennai",UNDER GRADUATE,MECHATRONICS ENGINEERING WITH SPECIALISATION IN ROBOTICS,60,3
1953,1-9320605866,S.R. M INSTITUTE OF SCIENCE AND TECHNOLOGY,Tamil Nadu,KANCHIPURAM,Deemed to be University(Pvt),ENGINEERING AND TECHNOLOGY,"SRM Institute of Science & Technology, Chennai",UNDER GRADUATE,MECHATRONICS ENGINEERING,60,3
1954,1-9320605866,S.R. M INSTITUTE OF SCIENCE AND TECHNOLOGY,Tamil Nadu,KANCHIPURAM,Deemed to be University(Pvt),ENGINEERING AND TECHNOLOGY,"SRM Institute of Science & Technology, Chennai",UNDER GRADUATE,NANO TECHNOLOGY,30,2
1955,1-9320605866,S.R. M INSTITUTE OF SCIENCE AND TECHNOLOGY,Tamil Nadu,KANCHIPURAM,Deemed to be University(Pvt),PLANNING,"SRM Institute of Science & Technology, Chennai",UNDER GRADUATE,ARCHITECTURE,80,4
1956,1-9320605866,S.R. M INSTITUTE OF SCIENCE AND TECHNOLOGY,Tamil Nadu,KANCHIPURAM,Deemed to be University(Pvt),MANAGEMENT,"SRM Institute of Science & Technology, Chennai",POST GRADUATE,MBA,240,12
1957,1-9320605866,S.R. M INSTITUTE OF SCIENCE AND TECHNOLOGY,Tamil Nadu,KANCHIPURAM,Deemed to be University(Pvt),MANAGEMENT,"SRM Institute of Science & Technology, Chennai",POST GRADUATE,MBAHOSPITAL MANAGEMENT,30,2
1958,1-9320605866,S.R. M INSTITUTE OF SCIENCE AND TECHNOLOGY,Tamil Nadu,KANCHIPURAM,Deemed to be University(Pvt),ENGINEERING AND TECHNOLOGY,"SRM Institute of Science & Technology, Chennai",POST GRADUATE,BIOMEDICAL ENGINEERING,18,1
1959,1-9320605866,S.R. M INSTITUTE OF SCIENCE AND TECHNOLOGY,Tamil Nadu,KANCHIPURAM,Deemed to be University(Pvt),ENGINEERING AND TECHNOLOGY,"SRM Institute of Science & Technology, Chennai",POST GRADUATE,BIOTECHNOLOGY,30,2
1960,1-9320605866,S.R. M INSTITUTE OF SCIENCE AND TECHNOLOGY,Tamil Nadu,KANCHIPURAM,Deemed to be University(Pvt),ENGINEERING AND TECHNOLOGY,"SRM Institute of Science & Technology, Chennai",POST GRADUATE,CHEMICAL ENGINEERING,18,1
1961,1-9320605866,S.R. M INSTITUTE OF SCIENCE AND TECHNOLOGY,Tamil Nadu,KANCHIPURAM,Deemed to be University(Pvt),ENGINEERING AND TECHNOLOGY,"SRM Institute of Science & Technology, Chennai",POST GRADUATE,CLOUD COMPUTING,18,1
1962,1-9320605866,S.R. M INSTITUTE OF SCIENCE AND TECHNOLOGY,Tamil Nadu,KANCHIPURAM,Deemed to be University(Pvt),ENGINEERING AND TECHNOLOGY,"SRM Institute of Science & Technology, Chennai",POST GRADUATE,COMPUTER AIDED DESIGN,12,1
1963,1-9320605866,S.R. M INSTITUTE OF SCIENCE AND TECHNOLOGY,Tamil Nadu,KANCHIPURAM,Deemed to be University(Pvt),ENGINEERING AND TECHNOLOGY,"SRM Institute of Science & Technology, Chennai",POST GRADUATE,CONSTRUCTION ENGINEERING AND MANAGEMENT,60,3
1964,1-9320605866,S.R. M INSTITUTE OF SCIENCE AND TECHNOLOGY,Tamil Nadu,KANCHIPURAM,Deemed to be University(Pvt),ENGINEERING AND TECHNOLOGY,"SRM Institute of Science & Technology, Chennai",POST GRADUATE,ELECTRONICS AND CONTROL ENGINEERING,12,1
1965,1-9320605866,S.R. M INSTITUTE OF SCIENCE AND TECHNOLOGY,Tamil Nadu,KANCHIPURAM,Deemed to be University(Pvt),ENGINEERING AND TECHNOLOGY,"SRM Institute of Science & Technology, Chennai",POST GRADUATE,EMBEDDED SYSTEM TECHNOLOGY,12,1
1966,1-9320605866,S.R. M INSTITUTE OF SCIENCE AND TECHNOLOGY,Tamil Nadu,KANCHIPURAM,Deemed to be University(Pvt),ENGINEERING AND TECHNOLOGY,"SRM Institute of Science & Technology, Chennai",POST GRADUATE,ENVIRONMENTAL ENGINEERING,12,1
1967,1-9320605866,S.R. M INSTITUTE OF SCIENCE AND TECHNOLOGY,Tamil Nadu,KANCHIPURAM,Deemed to be University(Pvt),ENGINEERING AND TECHNOLOGY,"SRM Institute of Science & Technology, Chennai",POST GRADUATE,FOOD AND NUTRITIONAL BIOTECHNOLOGY,18,1
1968,1-9320605866,S.R. M INSTITUTE OF SCIENCE AND TECHNOLOGY,Tamil Nadu,KANCHIPURAM,Deemed to be University(Pvt),ENGINEERING AND TECHNOLOGY,"SRM Institute of Science & Technology, Chennai",POST GRADUATE,FOOD SAFETY AND QUALITY MANAGEMENT,18,1
1969,1-9320605866,S.R. M INSTITUTE OF SCIENCE AND TECHNOLOGY,Tamil Nadu,KANCHIPURAM,Deemed to be University(Pvt),ENGINEERING AND TECHNOLOGY,"SRM Institute of Science & Technology, Chennai",POST GRADUATE,GENETIC ENGINEERING,30,2
1970,1-9320605866,S.R. M INSTITUTE OF SCIENCE AND TECHNOLOGY,Tamil Nadu,KANCHIPURAM,Deemed to be University(Pvt),ENGINEERING AND TECHNOLOGY,"SRM Institute of Science & Technology, Chennai",POST GRADUATE,INTERNET OF THINGS,12,1
1971,1-9320605866,S.R. M INSTITUTE OF SCIENCE AND TECHNOLOGY,Tamil Nadu,KANCHIPURAM,Deemed to be University(Pvt),ENGINEERING AND TECHNOLOGY,"SRM Institute of Science & Technology, Chennai",POST GRADUATE,POWER ELECTRONICS AND DRIVES,12,1
1972,1-9320605866,S.R. M INSTITUTE OF SCIENCE AND TECHNOLOGY,Tamil Nadu,KANCHIPURAM,Deemed to be University(Pvt),ENGINEERING AND TECHNOLOGY,"SRM Institute of Science & Technology, Chennai",POST GRADUATE,POWER SYSTEMS,12,1
1973,1-9320605866,S.R. M INSTITUTE OF SCIENCE AND TECHNOLOGY,Tamil Nadu,KANCHIPURAM,Deemed to be University(Pvt),ENGINEERING AND TECHNOLOGY,"SRM Institute of Science & Technology, Chennai",POST GRADUATE,ROBOTICS,18,1
1974,1-9320605866,S.R. M INSTITUTE OF SCIENCE AND TECHNOLOGY,Tamil Nadu,KANCHIPURAM,Deemed to be University(Pvt),ENGINEERING AND TECHNOLOGY,"SRM Institute of Science & Technology, Chennai",POST GRADUATE,SOLAR ENERGY,12,1
1975,1-9320605866,S.R. M INSTITUTE OF SCIENCE AND TECHNOLOGY,Tamil Nadu,KANCHIPURAM,Deemed to be University(Pvt),ENGINEERING AND TECHNOLOGY,"SRM Institute of Science & Technology, Chennai",POST GRADUATE,STRUCTURAL ENGINEERING,60,3
1976,1-9320605866,S.R. M INSTITUTE OF SCIENCE AND TECHNOLOGY,Tamil Nadu,KANCHIPURAM,Deemed to be University(Pvt),ENGINEERING AND TECHNOLOGY,"SRM Institute of Science & Technology, Chennai",POST GRADUATE,VLSI DESIGN,18,1
1977,1-9320605866,S.R. M INSTITUTE OF SCIENCE AND TECHNOLOGY,Tamil Nadu,KANCHIPURAM,Deemed to be University(Pvt),ENGINEERING AND TECHNOLOGY,"SRM Institute of Science & Technology, Chennai",POST GRADUATE,INFORMATION SECURITY AND CYBER FORENSICS,18,1
1978,1-9320605866,S.R. M INSTITUTE OF SCIENCE AND TECHNOLOGY,Tamil Nadu,KANCHIPURAM,Deemed to be University(Pvt),ENGINEERING AND TECHNOLOGY,"SRM Institute of Science & Technology, Chennai",POST GRADUATE,MECHATRONICS ENGINEERING,18,1
1979,1-9320605866,S.R. M INSTITUTE OF SCIENCE AND TECHNOLOGY,Tamil Nadu,KANCHIPURAM,Deemed to be University(Pvt),ENGINEERING AND TECHNOLOGY,"SRM Institute of Science & Technology, Chennai",POST GRADUATE,NANO TECHNOLOGY,18,1
1980,1-9320605866,S.R. M INSTITUTE OF SCIENCE AND TECHNOLOGY,Tamil Nadu,KANCHIPURAM,Deemed to be University(Pvt),ENGINEERING AND TECHNOLOGY,"SRM Institute of Science & Technology, Chennai",UNDER GRADUATE,CIVIL ENGINEERING WITH COMPUTER APPLICATION,30,2
1981,1-9320605866,S.R. M INSTITUTE OF SCIENCE AND TECHNOLOGY,Tamil Nadu,KANCHIPURAM,Deemed to be University(Pvt),ENGINEERING AND TECHNOLOGY,"SRM Institute of Science & Technology, Chennai",UNDER GRADUATE,COMPUTER SCIENCE AND BUSINESS SYSTEM,60,3
1982,1-9320605866,S.R. M INSTITUTE OF SCIENCE AND TECHNOLOGY,Tamil Nadu,KANCHIPURAM,Deemed to be University(Pvt),ENGINEERING AND TECHNOLOGY,"SRM Institute of Science & Technology, Chennai",UNDER GRADUATE,ELECTRONICS AND COMPUTER ENGINEERING,60,3
1983,1-9320605866,S.R. M INSTITUTE OF SCIENCE AND TECHNOLOGY,Tamil Nadu,KANCHIPURAM,Deemed to be University(Pvt),DESIGN,"SRM Institute of Science & Technology, Chennai",UNDER GRADUATE,DESIGN,60,3
1984,1-9320605866,S.R. M INSTITUTE OF SCIENCE AND TECHNOLOGY,Tamil Nadu,KANCHIPURAM,Deemed to be University(Pvt),ENGINEERING AND TECHNOLOGY,"SRM Institute of Science & Technology, Chennai",UNDER GRADUATE,ARTIFICIAL INTELLIGENCE,180,9
1985,1-9320605866,S.R. M INSTITUTE OF SCIENCE AND TECHNOLOGY,Tamil Nadu,KANCHIPURAM,Deemed to be University(Pvt),ENGINEERING AND TECHNOLOGY,"SRM Institute of Science & Technology, Chennai",UNDER GRADUATE,AUTOMOBILE ENGINEERING WITH SPECIALISATION IN VEHICLE TESTING,30,2
1986,1-9320605866,S.R. M INSTITUTE OF SCIENCE AND TECHNOLOGY,Tamil Nadu,KANCHIPURAM,Deemed to be University(Pvt),ENGINEERING AND TECHNOLOGY,"SRM Institute of Science & Technology, Chennai",UNDER GRADUATE,BIOMEDICAL ENGINEERING,60,3
1987,1-9320605866,S.R. M INSTITUTE OF SCIENCE AND TECHNOLOGY,Tamil Nadu,KANCHIPURAM,Deemed to be University(Pvt),ENGINEERING AND TECHNOLOGY,"SRM Institute of Science & Technology, Chennai",UNDER GRADUATE,COMPUTER SCIENCE AND ENGINEERING WITH SPECIALISATION IN BLOCK CHAIN TECHNOLOGY,60,3
1988,1-9320605866,S.R. M INSTITUTE OF SCIENCE AND TECHNOLOGY,Tamil Nadu,KANCHIPURAM,Deemed to be University(Pvt),ENGINEERING AND TECHNOLOGY,"SRM Institute of Science & Technology, Chennai",UNDER GRADUATE,ELECTRONICS AND COMMUNICTION ENGINEERING WITH SPECIALIZATION IN CYBER PHYSICAL SYSTEMS,30,2
1989,1-9320605866,S.R. M INSTITUTE OF SCIENCE AND TECHNOLOGY,Tamil Nadu,KANCHIPURAM,Deemed to be University(Pvt),ENGINEERING AND TECHNOLOGY,"SRM Institute of Science & Technology, Chennai",UNDER GRADUATE,ELECTRONICS AND COMMUNICATION AND ENGINEERING WITH SPECIALIZATION IN DATA SCIENCE,30,2
1990,1-9320605866,S.R. M INSTITUTE OF SCIENCE AND TECHNOLOGY,Tamil Nadu,KANCHIPURAM,Deemed to be University(Pvt),ENGINEERING AND TECHNOLOGY,"SRM Institute of Science & Technology, Chennai",UNDER GRADUATE,ELECTRONICS AND INSTRUMENTATION ENGINEERING,30,2
1991,1-9320605866,S.R. M INSTITUTE OF SCIENCE AND TECHNOLOGY,Tamil Nadu,KANCHIPURAM,Deemed to be University(Pvt),ENGINEERING AND TECHNOLOGY,"SRM Institute of Science & Technology, Chennai",UNDER GRADUATE,COMPUTER SCIENCE AND ENGINEERING WITH SPECIALIZATION IN GAMING TECHNOLOGY,60,3
1992,1-9320605866,S.R. M INSTITUTE OF SCIENCE AND TECHNOLOGY,Tamil Nadu,KANCHIPURAM,Deemed to be University(Pvt),ENGINEERING AND TECHNOLOGY,"SRM Institute of Science & Technology, Chennai",UNDER GRADUATE,Mechanical Engineering with specialisation in Artificial Intelligence and Machine Learning,30,2
1993,1-9320605866,S.R. M INSTITUTE OF SCIENCE AND TECHNOLOGY,Tamil Nadu,KANCHIPURAM,Deemed to be University(Pvt),ENGINEERING AND TECHNOLOGY,"SRM Institute of Science & Technology, Chennai",UNDER GRADUATE,COMPUTER SCIENCE AND ENGINEERING DATA SCIENCE,60,3
1994,1-9320605866,S.R. M INSTITUTE OF SCIENCE AND TECHNOLOGY,Tamil Nadu,KANCHIPURAM,Deemed to be University(Pvt),ENGINEERING AND TECHNOLOGY,"SRM Institute of Science & Technology, Chennai",POST GRADUATE,ARTIFICIAL INTELLIGENCE,30,2
1995,1-9320605866,S.R. M INSTITUTE OF SCIENCE AND TECHNOLOGY,Tamil Nadu,KANCHIPURAM,Deemed to be University(Pvt),ENGINEERING AND TECHNOLOGY,"SRM Institute of Science & Technology, Chennai",POST GRADUATE,ARTIFICIAL INTELLIGENCE AND DATA SCIENCE,30,2
1996,1-9320605866,S.R. M INSTITUTE OF SCIENCE AND TECHNOLOGY,Tamil Nadu,KANCHIPURAM,Deemed to be University(Pvt),ENGINEERING AND TECHNOLOGY,"SRM Institute of Science & Technology, Chennai",POST GRADUATE,DATA SCIENCE,30,2
1997,1-9320605866,S.R. M INSTITUTE OF SCIENCE AND TECHNOLOGY,Tamil Nadu,KANCHIPURAM,Deemed to be University(Pvt),ENGINEERING AND TECHNOLOGY,"SRM Institute of Science & Technology, Chennai",POST GRADUATE,DATA ENGINEERING,30,2
1998,1-9320605866,S.R. M INSTITUTE OF SCIENCE AND TECHNOLOGY,Tamil Nadu,KANCHIPURAM,Deemed to be University(Pvt),ENGINEERING AND TECHNOLOGY,"SRM Institute of Science & Technology, Chennai",UNDER GRADUATE,AUTOMOTIVE ENGINEERING,30,2
1999,1-9320605866,S.R. M INSTITUTE OF SCIENCE AND TECHNOLOGY,Tamil Nadu,KANCHIPURAM,Deemed to be University(Pvt),ENGINEERING AND TECHNOLOGY,"SRM Institute of Science & Technology, Chennai",POST GRADUATE,AUTOMOTIVE TECHNOLOGY,30,2
2000,1-9318090326,SASTRA DEEMED UNIVERSITY,Tamil Nadu,THANJAVUR,Deemed to be University(Pvt),ENGINEERING AND TECHNOLOGY,"Shanmugha Arts, Science, Technology & Research Academy (SASTRA), Thanjavur",UNDER GRADUATE,BIOENGINEERING,60,3
2001,1-9318090326,SASTRA DEEMED UNIVERSITY,Tamil Nadu,THANJAVUR,Deemed to be University(Pvt),ENGINEERING AND TECHNOLOGY,"Shanmugha Arts, Science, Technology & Research Academy (SASTRA), Thanjavur",UNDER GRADUATE,BIOINFORMATICS,60,3
2002,1-9318090326,SASTRA DEEMED UNIVERSITY,Tamil Nadu,THANJAVUR,Deemed to be University(Pvt),ENGINEERING AND TECHNOLOGY,"Shanmugha Arts, Science, Technology & Research Academy (SASTRA), Thanjavur",UNDER GRADUATE,BIOTECHNOLOGY,165,8
2003,1-9318090326,SASTRA DEEMED UNIVERSITY,Tamil Nadu,THANJAVUR,Deemed to be University(Pvt),ENGINEERING AND TECHNOLOGY,"Shanmugha Arts, Science, Technology & Research Academy (SASTRA), Thanjavur",UNDER GRADUATE,CHEMICAL ENGINEERING,60,3
2004,1-9318090326,SASTRA DEEMED UNIVERSITY,Tamil Nadu,THANJAVUR,Deemed to be University(Pvt),ENGINEERING AND TECHNOLOGY,"Shanmugha Arts, Science, Technology & Research Academy (SASTRA), Thanjavur",UNDER GRADUATE,COMPUTER SCIENCE ENGINEERING,300,15
2005,1-9318090326,SASTRA DEEMED UNIVERSITY,Tamil Nadu,THANJAVUR,Deemed to be University(Pvt),ENGINEERING AND TECHNOLOGY,"Shanmugha Arts, Science, Technology & Research Academy (SASTRA), Thanjavur",UNDER GRADUATE,INFORMATION COMMUNICATION TECHNOLOGY,60,3
2006,1-9318090326,SASTRA DEEMED UNIVERSITY,Tamil Nadu,THANJAVUR,Deemed to be University(Pvt),ENGINEERING AND TECHNOLOGY,"Shanmugha Arts, Science, Technology & Research Academy (SASTRA), Thanjavur",UNDER GRADUATE,INFORMATION TECHNOLOGY,120,6
2007,1-9318090326,SASTRA DEEMED UNIVERSITY,Tamil Nadu,THANJAVUR,Deemed to be University(Pvt),ENGINEERING AND TECHNOLOGY,"Shanmugha Arts, Science, Technology & Research Academy (SASTRA), Thanjavur",UNDER GRADUATE,CIVIL ENGINEERING,60,3
2008,1-9318090326,SASTRA DEEMED UNIVERSITY,Tamil Nadu,THANJAVUR,Deemed to be University(Pvt),ENGINEERING AND TECHNOLOGY,"Shanmugha Arts, Science, Technology & Research Academy (SASTRA), Thanjavur",UNDER GRADUATE,ELECTRICAL ELECTRONICS ENGINEERING,120,6
2009,1-9318090326,SASTRA DEEMED UNIVERSITY,Tamil Nadu,THANJAVUR,Deemed to be University(Pvt),ENGINEERING AND TECHNOLOGY,"Shanmugha Arts, Science, Technology & Research Academy (SASTRA), Thanjavur",UNDER GRADUATE,ELECTRONICS COMMUNICATION ENGINEERING,300,15
2010,1-9318090326,SASTRA DEEMED UNIVERSITY,Tamil Nadu,THANJAVUR,Deemed to be University(Pvt),ENGINEERING AND TECHNOLOGY,"Shanmugha Arts, Science, Technology & Research Academy (SASTRA), Thanjavur",UNDER GRADUATE,ELECTRONICS INSTRUMENTATION ENGINEERING,60,3
2011,1-9318090326,SASTRA DEEMED UNIVERSITY,Tamil Nadu,THANJAVUR,Deemed to be University(Pvt),ENGINEERING AND TECHNOLOGY,"Shanmugha Arts, Science, Technology and Research Academy (SASTRA), Thanjavur",UNDER GRADUATE,AEROSPACE ENGINEERING,60,3
2012,1-9318090326,SASTRA DEEMED UNIVERSITY,Tamil Nadu,THANJAVUR,Deemed to be University(Pvt),ENGINEERING AND TECHNOLOGY,"Shanmugha Arts, Science, Technology and Research Academy (SASTRA), Thanjavur",UNDER GRADUATE,MECHANICAL ENGINEERING,240,12
2013,1-9318090326,SASTRA DEEMED UNIVERSITY,Tamil Nadu,THANJAVUR,Deemed to be University(Pvt),ENGINEERING AND TECHNOLOGY,"Shanmugha Arts, Science, Technology and Research Academy (SASTRA), Thanjavur",UNDER GRADUATE,MECHATRONICS,60,3
2014,1-9318090326,SASTRA DEEMED UNIVERSITY,Tamil Nadu,THANJAVUR,Deemed to be University(Pvt),ENGINEERING AND TECHNOLOGY,"Shanmugha Arts, Science, Technology and Research Academy (SASTRA), Thanjavur",UNDER GRADUATE,COMPUTER SCIENCE AND BUSINESS SYSTEM,60,3
2015,1-9318090326,SASTRA DEEMED UNIVERSITY,Tamil Nadu,THANJAVUR,Deemed to be University(Pvt),ENGINEERING AND TECHNOLOGY,"Shanmugha Arts, Science, Technology and Research Academy (SASTRA), Thanjavur",UNDER GRADUATE,COMPUTER SCIENCE ENGINEERING With Spl in Cyber Security Blockchain Technology,60,3
2016,1-9318090326,SASTRA DEEMED UNIVERSITY,Tamil Nadu,THANJAVUR,Deemed to be University(Pvt),ENGINEERING AND TECHNOLOGY,"Shanmugha Arts, Science, Technology and Research Academy (SASTRA), Thanjavur",UNDER GRADUATE,COMPUTER SCIENCE ENGINEERING With Spl in Artificial Intelligence Data Science,120,6
2017,1-9318090326,SASTRA DEEMED UNIVERSITY,Tamil Nadu,THANJAVUR,Deemed to be University(Pvt),ENGINEERING AND TECHNOLOGY,"Shanmugha Arts, Science, Technology and Research Academy (SASTRA), Thanjavur",UNDER GRADUATE,ELECTRONICS COMMUNICATION ENGINEERING With Spl in Cyber Physical Systems,60,3
2018,1-9318090326,SASTRA DEEMED UNIVERSITY,Tamil Nadu,THANJAVUR,Deemed to be University(Pvt),ENGINEERING AND TECHNOLOGY,"Shanmugha Arts, Science, Technology and Research Academy (SASTRA), Thanjavur",UNDER GRADUATE,ELECTRICAL ELECTRONICS ENGINEERING with Spl in Smart Grid Electric Vehicles,60,3
2019,1-9318090326,SASTRA DEEMED UNIVERSITY,Tamil Nadu,THANJAVUR,Deemed to be University(Pvt),ENGINEERING AND TECHNOLOGY,"Shanmugha Arts, Science, Technology and Research Academy (SASTRA), Thanjavur",UNDER GRADUATE,MECHANICAL ENGINEERING with Spl in Digital Manufacturing,60,3
2020,1-9318090326,SASTRA DEEMED UNIVERSITY,Tamil Nadu,THANJAVUR,Deemed to be University(Pvt),ENGINEERING AND TECHNOLOGY,"Shanmugha Arts, Science, Technology and Research Academy (SASTRA), Thanjavur",UNDER GRADUATE,Computer Science Engineering with Spl in IoT Automation,60,3
2021,1-9318075515,SATHYABAMA INSTITUTE OF SCIENCE AND TECHNOLOGY,Tamil Nadu,KANCHIPURAM,Deemed to be University(Pvt),ENGINEERING AND TECHNOLOGY,"Sathyabama Institute of Science and Technology, Chennai",UNDER GRADUATE,COMPUTER SCIENCE AND ENGINEERING,960,48
2022,1-9318075515,SATHYABAMA INSTITUTE OF SCIENCE AND TECHNOLOGY,Tamil Nadu,KANCHIPURAM,Deemed to be University(Pvt),ENGINEERING AND TECHNOLOGY,"Sathyabama Institute of Science and Technology, Chennai",UNDER GRADUATE,ELECTRONICS AND COMMUNICATION ENGINEERING,420,21
2023,1-9318075515,SATHYABAMA INSTITUTE OF SCIENCE AND TECHNOLOGY,Tamil Nadu,KANCHIPURAM,Deemed to be University(Pvt),ENGINEERING AND TECHNOLOGY,"Sathyabama Institute of Science and Technology, Chennai",UNDER GRADUATE,ELECTRICAL AND ELECTRONICS ENGINEERING,60,3
2024,1-9318075515,SATHYABAMA INSTITUTE OF SCIENCE AND TECHNOLOGY,Tamil Nadu,KANCHIPURAM,Deemed to be University(Pvt),ENGINEERING AND TECHNOLOGY,"Sathyabama Institute of Science and Technology, Chennai",UNDER GRADUATE,MECHANICAL ENGINEERING,180,9
2025,1-9318075515,SATHYABAMA INSTITUTE OF SCIENCE AND TECHNOLOGY,Tamil Nadu,KANCHIPURAM,Deemed to be University(Pvt),ENGINEERING AND TECHNOLOGY,"Sathyabama Institute of Science and Technology, Chennai",UNDER GRADUATE,AERONAUTICAL ENGINEERING,60,3
2026,1-9318075515,SATHYABAMA INSTITUTE OF SCIENCE AND TECHNOLOGY,Tamil Nadu,KANCHIPURAM,Deemed to be University(Pvt),ENGINEERING AND TECHNOLOGY,"Sathyabama Institute of Science and Technology, Chennai",UNDER GRADUATE,AUTOMOBILE ENGINEERING,60,3
2027,1-9318075515,SATHYABAMA INSTITUTE OF SCIENCE AND TECHNOLOGY,Tamil Nadu,KANCHIPURAM,Deemed to be University(Pvt),ENGINEERING AND TECHNOLOGY,"Sathyabama Institute of Science and Technology, Chennai",UNDER GRADUATE,CIVIL ENGINEERING,60,3
2028,1-9318075515,SATHYABAMA INSTITUTE OF SCIENCE AND TECHNOLOGY,Tamil Nadu,KANCHIPURAM,Deemed to be University(Pvt),ENGINEERING AND TECHNOLOGY,"Sathyabama Institute of Science and Technology, Chennai",UNDER GRADUATE,CHEMICAL ENGINEERING,60,3
2029,1-9318075515,SATHYABAMA INSTITUTE OF SCIENCE AND TECHNOLOGY,Tamil Nadu,KANCHIPURAM,Deemed to be University(Pvt),ENGINEERING AND TECHNOLOGY,"Sathyabama Institute of Science and Technology, Chennai",UNDER GRADUATE,BIOTECHNOLOGY,60,3
2030,1-9318075515,SATHYABAMA INSTITUTE OF SCIENCE AND TECHNOLOGY,Tamil Nadu,KANCHIPURAM,Deemed to be University(Pvt),ENGINEERING AND TECHNOLOGY,"Sathyabama Institute of Science and Technology, Chennai",UNDER GRADUATE,BIOMEDICAL ENGINEERING,60,3
2031,1-9318075515,SATHYABAMA INSTITUTE OF SCIENCE AND TECHNOLOGY,Tamil Nadu,KANCHIPURAM,Deemed to be University(Pvt),ENGINEERING AND TECHNOLOGY,"Sathyabama Institute of Science and Technology, Chennai",POST GRADUATE,COMPUTER SCIENCE AND ENGINEERING,18,1
2032,1-9318075515,SATHYABAMA INSTITUTE OF SCIENCE AND TECHNOLOGY,Tamil Nadu,KANCHIPURAM,Deemed to be University(Pvt),ENGINEERING AND TECHNOLOGY,"Sathyabama Institute of Science and Technology, Chennai",POST GRADUATE,APPLIED ELECTRONICS,18,1
2033,1-9318075515,SATHYABAMA INSTITUTE OF SCIENCE AND TECHNOLOGY,Tamil Nadu,KANCHIPURAM,Deemed to be University(Pvt),ENGINEERING AND TECHNOLOGY,"Sathyabama Institute of Science and Technology, Chennai",POST GRADUATE,COMPUTER AIDED DESIGN,18,1
2034,1-9318075515,SATHYABAMA INSTITUTE OF SCIENCE AND TECHNOLOGY,Tamil Nadu,KANCHIPURAM,Deemed to be University(Pvt),ENGINEERING AND TECHNOLOGY,"Sathyabama Institute of Science and Technology, Chennai",POST GRADUATE,STRUCTURAL ENGINEERING,24,1
2035,1-9317897048,SAVEETHA INSTITUTE OF MEDICAL AND TECHNICAL SCIENCES,Tamil Nadu,KANCHIPURAM,Deemed to be University(Pvt),ENGINEERING AND TECHNOLOGY,"Saveetha Institute of Medical and Technical Sciences, Chennai",UNDER GRADUATE,BIOMEDICAL ENGINEERING,90,5
2036,1-9317897048,SAVEETHA INSTITUTE OF MEDICAL AND TECHNICAL SCIENCES,Tamil Nadu,KANCHIPURAM,Deemed to be University(Pvt),ENGINEERING AND TECHNOLOGY,"Saveetha Institute of Medical and Technical Sciences, Chennai",UNDER GRADUATE,ELECTRICAL AND ELECTRONICS ENGINEERING,60,3
2037,1-9317897048,SAVEETHA INSTITUTE OF MEDICAL AND TECHNICAL SCIENCES,Tamil Nadu,KANCHIPURAM,Deemed to be University(Pvt),ENGINEERING AND TECHNOLOGY,"Saveetha Institute of Medical and Technical Sciences, Chennai",UNDER GRADUATE,CIVIL ENGINEERING,60,3
2038,1-9317897048,SAVEETHA INSTITUTE OF MEDICAL AND TECHNICAL SCIENCES,Tamil Nadu,KANCHIPURAM,Deemed to be University(Pvt),ENGINEERING AND TECHNOLOGY,"Saveetha Institute of Medical and Technical Sciences, Chennai",UNDER GRADUATE,MECHANICAL ENGINEERING,60,3
2039,1-9317897048,SAVEETHA INSTITUTE OF MEDICAL AND TECHNICAL SCIENCES,Tamil Nadu,KANCHIPURAM,Deemed to be University(Pvt),ENGINEERING AND TECHNOLOGY,"Saveetha Institute of Medical and Technical Sciences, Chennai",UNDER GRADUATE,AUTOMOBILE ENGINEERING,60,3
2040,1-9317897048,SAVEETHA INSTITUTE OF MEDICAL AND TECHNICAL SCIENCES,Tamil Nadu,KANCHIPURAM,Deemed to be University(Pvt),ENGINEERING AND TECHNOLOGY,"Saveetha Institute of Medical and Technical Sciences, Chennai",UNDER GRADUATE,COMPUTER SCIENCE AND ENGINEERING,480,24
2041,1-9317897048,SAVEETHA INSTITUTE OF MEDICAL AND TECHNICAL SCIENCES,Tamil Nadu,KANCHIPURAM,Deemed to be University(Pvt),ENGINEERING AND TECHNOLOGY,"Saveetha Institute of Medical and Technical Sciences, Chennai",UNDER GRADUATE,ELECTRONICS COMMUNICATION ENGG,210,11
2042,1-9317897048,SAVEETHA INSTITUTE OF MEDICAL AND TECHNICAL SCIENCES,Tamil Nadu,KANCHIPURAM,Deemed to be University(Pvt),ENGINEERING AND TECHNOLOGY,"Saveetha Institute of Medical and Technical Sciences, Chennai",UNDER GRADUATE,INFORMATION TECHNOLOGY,60,3
2043,1-9317897048,SAVEETHA INSTITUTE OF MEDICAL AND TECHNICAL SCIENCES,Tamil Nadu,KANCHIPURAM,Deemed to be University(Pvt),ENGINEERING AND TECHNOLOGY,"Saveetha Institute of Medical and Technical Sciences, Chennai",UNDER GRADUATE,BIOTECHNOLOGY,90,5
2044,1-9317897048,SAVEETHA INSTITUTE OF MEDICAL AND TECHNICAL SCIENCES,Tamil Nadu,KANCHIPURAM,Deemed to be University(Pvt),ENGINEERING AND TECHNOLOGY,"Saveetha Institute of Medical and Technical Sciences, Chennai",UNDER GRADUATE,AGRICULTURE ENGINEERING,60,3
2045,1-9317897048,SAVEETHA INSTITUTE OF MEDICAL AND TECHNICAL SCIENCES,Tamil Nadu,KANCHIPURAM,Deemed to be University(Pvt),ENGINEERING AND TECHNOLOGY,"Saveetha Institute of Medical and Technical Sciences, Chennai",POST GRADUATE,PRODUCT DESIGN AND DEVELOPMENT,18,1
2046,1-9317897048,SAVEETHA INSTITUTE OF MEDICAL AND TECHNICAL SCIENCES,Tamil Nadu,KANCHIPURAM,Deemed to be University(Pvt),ENGINEERING AND TECHNOLOGY,"Saveetha Institute of Medical and Technical Sciences, Chennai",POST GRADUATE,POWER SYSTEMS,18,1
2047,1-9317897048,SAVEETHA INSTITUTE OF MEDICAL AND TECHNICAL SCIENCES,Tamil Nadu,KANCHIPURAM,Deemed to be University(Pvt),ENGINEERING AND TECHNOLOGY,"Saveetha Institute of Medical and Technical Sciences, Chennai",POST GRADUATE,COMPUTER SCIENCE ENGINEERING,18,1
2048,1-9317897048,SAVEETHA INSTITUTE OF MEDICAL AND TECHNICAL SCIENCES,Tamil Nadu,KANCHIPURAM,Deemed to be University(Pvt),ENGINEERING AND TECHNOLOGY,"Saveetha Institute of Medical and Technical Sciences, Chennai",POST GRADUATE,COMMUNICATION SYSTEMS,18,1
2049,1-9317897048,SAVEETHA INSTITUTE OF MEDICAL AND TECHNICAL SCIENCES,Tamil Nadu,KANCHIPURAM,Deemed to be University(Pvt),ENGINEERING AND TECHNOLOGY,"Saveetha Institute of Medical and Technical Sciences, Chennai",POST GRADUATE,STRUCTURAL ENGINEERING,18,1
2050,1-9317897048,SAVEETHA INSTITUTE OF MEDICAL AND TECHNICAL SCIENCES,Tamil Nadu,KANCHIPURAM,Deemed to be University(Pvt),ENGINEERING AND TECHNOLOGY,"Saveetha Institute of Medical and Technical Sciences, Chennai",UNDER GRADUATE,ENERGY AND ENVIRONMENTAL ENGINEERING,30,2
2051,1-9317897048,SAVEETHA INSTITUTE OF MEDICAL AND TECHNICAL SCIENCES,Tamil Nadu,KANCHIPURAM,Deemed to be University(Pvt),ENGINEERING AND TECHNOLOGY,"Saveetha Institute of Medical and Technical Sciences, Chennai",UNDER GRADUATE,BIOINFORMATICS,30,2
2052,1-9317897048,SAVEETHA INSTITUTE OF MEDICAL AND TECHNICAL SCIENCES,Tamil Nadu,KANCHIPURAM,Deemed to be University(Pvt),ENGINEERING AND TECHNOLOGY,"Saveetha Institute of Medical and Technical Sciences, Chennai",UNDER GRADUATE,ARTIFICIAL INTELLIGENCE AND DATA SCIENCE,60,3
2053,1-9317897048,SAVEETHA INSTITUTE OF MEDICAL AND TECHNICAL SCIENCES,Tamil Nadu,KANCHIPURAM,Deemed to be University(Pvt),ENGINEERING AND TECHNOLOGY,"Saveetha Institute of Medical and Technical Sciences, Chennai",UNDER GRADUATE,ARTIFICIAL INTELLIGENCE AND MACHINE LEARNING,60,3
2054,1-9323321987,SETHU INSTITUTE OF TECHNOLOGY,Tamil Nadu,VIRUDHUNAGAR,Private-Self Financing,ENGINEERING AND TECHNOLOGY,"Anna University, Chennai",UNDER GRADUATE,ELECTRICAL AND ELECTRONICS ENGINEERING,120,6
2055,1-9323321987,SETHU INSTITUTE OF TECHNOLOGY,Tamil Nadu,VIRUDHUNAGAR,Private-Self Financing,ENGINEERING AND TECHNOLOGY,"Anna University, Chennai",UNDER GRADUATE,INFORMATION TECHNOLOGY,60,3
2056,1-9323321987,SETHU INSTITUTE OF TECHNOLOGY,Tamil Nadu,VIRUDHUNAGAR,Private-Self Financing,ENGINEERING AND TECHNOLOGY,"Anna University, Chennai",UNDER GRADUATE,CIVIL ENGINEERING,60,3
2057,1-9323321987,SETHU INSTITUTE OF TECHNOLOGY,Tamil Nadu,VIRUDHUNAGAR,Private-Self Financing,ENGINEERING AND TECHNOLOGY,"Anna University, Chennai",POST GRADUATE,COMPUTER AIDED DESIGN AND MANUFACTURE,18,1
2058,1-9323321987,SETHU INSTITUTE OF TECHNOLOGY,Tamil Nadu,VIRUDHUNAGAR,Private-Self Financing,ENGINEERING AND TECHNOLOGY,"Anna University, Chennai",POST GRADUATE,COMMUNICATION SYSTEMS,18,1
2059,1-9323321987,SETHU INSTITUTE OF TECHNOLOGY,Tamil Nadu,VIRUDHUNAGAR,Private-Self Financing,ENGINEERING AND TECHNOLOGY,"Anna University, Chennai",POST GRADUATE,COMPUTER SCIENCE AND ENGINEERING,18,1
2060,1-9323321987,SETHU INSTITUTE OF TECHNOLOGY,Tamil Nadu,VIRUDHUNAGAR,Private-Self Financing,ENGINEERING AND TECHNOLOGY,"Anna University, Chennai",POST GRADUATE,POWER ELECTRONICS AND DRIVES,18,1
2061,1-9323321987,SETHU INSTITUTE OF TECHNOLOGY,Tamil Nadu,VIRUDHUNAGAR,Private-Self Financing,ENGINEERING AND TECHNOLOGY,"Anna University, Chennai",UNDER GRADUATE,MECHANICAL ENGINEERING,180,9
2062,1-9323321987,SETHU INSTITUTE OF TECHNOLOGY,Tamil Nadu,VIRUDHUNAGAR,Private-Self Financing,ENGINEERING AND TECHNOLOGY,"Anna University, Chennai",POST GRADUATE,STRUCTURAL ENGINEERING,18,1
2063,1-9323321987,SETHU INSTITUTE OF TECHNOLOGY,Tamil Nadu,VIRUDHUNAGAR,Private-Self Financing,ENGINEERING AND TECHNOLOGY,"Anna University, Chennai",UNDER GRADUATE,COMPUTER SCIENCE ENGINEERING,180,9
2064,1-9323321987,SETHU INSTITUTE OF TECHNOLOGY,Tamil Nadu,VIRUDHUNAGAR,Private-Self Financing,ENGINEERING AND TECHNOLOGY,"Anna University, Chennai",UNDER GRADUATE,ELECTRONICS AND COMMUNICATIONS ENGINEERING,180,9
2065,1-9323321987,SETHU INSTITUTE OF TECHNOLOGY,Tamil Nadu,VIRUDHUNAGAR,Private-Self Financing,ENGINEERING AND TECHNOLOGY,"Anna University, Chennai",UNDER GRADUATE,CHEMICAL ENGINEERING,60,3
2066,1-9323321987,SETHU INSTITUTE OF TECHNOLOGY,Tamil Nadu,VIRUDHUNAGAR,Private-Self Financing,ENGINEERING AND TECHNOLOGY,"Anna University, Chennai",UNDER GRADUATE,AGRICULTURAL ENGINEERING,60,3
2067,1-9323321987,SETHU INSTITUTE OF TECHNOLOGY,Tamil Nadu,VIRUDHUNAGAR,Private-Self Financing,ENGINEERING AND TECHNOLOGY,"Anna University, Chennai",UNDER GRADUATE,BIOMEDICAL ENGINEERING,60,3
2068,1-9323321987,SETHU INSTITUTE OF TECHNOLOGY,Tamil Nadu,VIRUDHUNAGAR,Private-Self Financing,ENGINEERING AND TECHNOLOGY,"Anna University, Chennai",UNDER GRADUATE,BIOTECHNOLOGY,60,3
2069,1-9323321987,SETHU INSTITUTE OF TECHNOLOGY,Tamil Nadu,VIRUDHUNAGAR,Private-Self Financing,ENGINEERING AND TECHNOLOGY,"Anna University, Chennai",UNDER GRADUATE,COMPUTER SCIENCE AND BUSINESS SYSTEM,60,3
2070,1-9318122350,SRI RAMACHANDRA FACULTY OF MANAGEMENT SCIENCES,Tamil Nadu,CHENNAI,State Private University,MANAGEMENT,Sri Ramachandra Institute of Higher Education and Research (Deemed to be University),POST GRADUATE,MBA,60,3
2071,1-9319122726,SRI SAI RAM ENGINEERING COLLEGE,Tamil Nadu,KANCHIPURAM,Private-Self Financing,ENGINEERING AND TECHNOLOGY,"Anna University, Chennai",UNDER GRADUATE,CIVIL ENGINEERING,60,3
2072,1-9319122726,SRI SAI RAM ENGINEERING COLLEGE,Tamil Nadu,KANCHIPURAM,Private-Self Financing,ENGINEERING AND TECHNOLOGY,"Anna University, Chennai",UNDER GRADUATE,COMPUTER SCIENCE AND ENGINEERING,180,9
2073,1-9319122726,SRI SAI RAM ENGINEERING COLLEGE,Tamil Nadu,KANCHIPURAM,Private-Self Financing,ENGINEERING AND TECHNOLOGY,"Anna University, Chennai",UNDER GRADUATE,ELECTRONICS COMMUNICATION ENGG,240,12
2074,1-9319122726,SRI SAI RAM ENGINEERING COLLEGE,Tamil Nadu,KANCHIPURAM,Private-Self Financing,ENGINEERING AND TECHNOLOGY,"Anna University, Chennai",UNDER GRADUATE,ELECTRICAL AND ELECTRONICS ENGINEERING,120,6
2075,1-9319122726,SRI SAI RAM ENGINEERING COLLEGE,Tamil Nadu,KANCHIPURAM,Private-Self Financing,ENGINEERING AND TECHNOLOGY,"Anna University, Chennai",UNDER GRADUATE,ELECTRONICS AND INSTRUMENTATION ENGINEERING,90,5
2076,1-9319122726,SRI SAI RAM ENGINEERING COLLEGE,Tamil Nadu,KANCHIPURAM,Private-Self Financing,ENGINEERING AND TECHNOLOGY,"Anna University, Chennai",UNDER GRADUATE,INSTRUMENTATION AND CONTROL ENGINEERING,30,2
2077,1-9319122726,SRI SAI RAM ENGINEERING COLLEGE,Tamil Nadu,KANCHIPURAM,Private-Self Financing,ENGINEERING AND TECHNOLOGY,"Anna University, Chennai",UNDER GRADUATE,MECHANICAL ENGINEERING,120,6
2078,1-9319122726,SRI SAI RAM ENGINEERING COLLEGE,Tamil Nadu,KANCHIPURAM,Private-Self Financing,ENGINEERING AND TECHNOLOGY,"Anna University, Chennai",UNDER GRADUATE,INFORMATION TECHNOLOGY,180,9
2079,1-9319122726,SRI SAI RAM ENGINEERING COLLEGE,Tamil Nadu,KANCHIPURAM,Private-Self Financing,ENGINEERING AND TECHNOLOGY,"Anna University, Chennai",UNDER GRADUATE,COMPUTER SCIENCE AND BUSINESS SYSTEM,60,3
2080,1-9319122726,SRI SAI RAM ENGINEERING COLLEGE,Tamil Nadu,KANCHIPURAM,Private-Self Financing,ENGINEERING AND TECHNOLOGY,"Anna University, Chennai",UNDER GRADUATE,ARTIFICIAL INTELLIGENCE AND DATA SCIENCE,120,6
2081,1-9317776645,SRI SIVASUBRMANIYA NADAR COLLEGE OF ENGINEERING,Tamil Nadu,KANCHIPURAM,Private-Self Financing,ENGINEERING AND TECHNOLOGY,"Anna University, Chennai",POST GRADUATE,ENVIRONMENTAL SCIENCE AND TECHNOLOGY,18,1
2082,1-9317776645,SRI SIVASUBRMANIYA NADAR COLLEGE OF ENGINEERING,Tamil Nadu,KANCHIPURAM,Private-Self Financing,ENGINEERING AND TECHNOLOGY,"Anna University, Chennai",POST GRADUATE,MEDICAL ELECTRONICS,18,1
2083,1-9317776645,SRI SIVASUBRMANIYA NADAR COLLEGE OF ENGINEERING,Tamil Nadu,KANCHIPURAM,Private-Self Financing,ENGINEERING AND TECHNOLOGY,"Anna University, Chennai",UNDER GRADUATE,BIOMEDICAL ENGINEERING,60,3
2084,1-9317776645,SRI SIVASUBRMANIYA NADAR COLLEGE OF ENGINEERING,Tamil Nadu,KANCHIPURAM,Private-Self Financing,ENGINEERING AND TECHNOLOGY,"Anna University, Chennai",UNDER GRADUATE,CHEMICAL ENGINEERING,60,3
2085,1-9317776645,SRI SIVASUBRMANIYA NADAR COLLEGE OF ENGINEERING,Tamil Nadu,KANCHIPURAM,Private-Self Financing,ENGINEERING AND TECHNOLOGY,"Anna University, Chennai",UNDER GRADUATE,MECHANICAL ENGINEERING,120,6
2086,1-9317776645,SRI SIVASUBRMANIYA NADAR COLLEGE OF ENGINEERING,Tamil Nadu,KANCHIPURAM,Private-Self Financing,ENGINEERING AND TECHNOLOGY,"Anna University, Chennai",UNDER GRADUATE,ELECTRICAL AND ELECTRONICS ENGINEERING,120,6
2087,1-9317776645,SRI SIVASUBRMANIYA NADAR COLLEGE OF ENGINEERING,Tamil Nadu,KANCHIPURAM,Private-Self Financing,ENGINEERING AND TECHNOLOGY,"Anna University, Chennai",UNDER GRADUATE,ELECTRONICS COMMUNICATION ENGG,120,6
2088,1-9317776645,SRI SIVASUBRMANIYA NADAR COLLEGE OF ENGINEERING,Tamil Nadu,KANCHIPURAM,Private-Self Financing,ENGINEERING AND TECHNOLOGY,"Anna University, Chennai",UNDER GRADUATE,COMPUTER SCIENCE ENGINEERING,120,6
2089,1-9317776645,SRI SIVASUBRMANIYA NADAR COLLEGE OF ENGINEERING,Tamil Nadu,KANCHIPURAM,Private-Self Financing,ENGINEERING AND TECHNOLOGY,"Anna University, Chennai",UNDER GRADUATE,INFORMATION TECHNOLOGY,120,6
2090,1-9317776645,SRI SIVASUBRMANIYA NADAR COLLEGE OF ENGINEERING,Tamil Nadu,KANCHIPURAM,Private-Self Financing,ENGINEERING AND TECHNOLOGY,"Anna University, Chennai",POST GRADUATE,COMPUTER SCIENCE ENGINEERING,18,1
2091,1-9317776645,SRI SIVASUBRMANIYA NADAR COLLEGE OF ENGINEERING,Tamil Nadu,KANCHIPURAM,Private-Self Financing,ENGINEERING AND TECHNOLOGY,"Anna University, Chennai",POST GRADUATE,POWER ELECTRONICS AND DRIVES,18,1
2092,1-9317776645,SRI SIVASUBRMANIYA NADAR COLLEGE OF ENGINEERING,Tamil Nadu,KANCHIPURAM,Private-Self Financing,ENGINEERING AND TECHNOLOGY,"Anna University, Chennai",POST GRADUATE,APPLIED ELECTRONICS,18,1
2093,1-9317776645,SRI SIVASUBRMANIYA NADAR COLLEGE OF ENGINEERING,Tamil Nadu,KANCHIPURAM,Private-Self Financing,ENGINEERING AND TECHNOLOGY,"Anna University, Chennai",POST GRADUATE,COMMUNICATION SYSTEMS,18,1
2094,1-9317776645,SRI SIVASUBRMANIYA NADAR COLLEGE OF ENGINEERING,Tamil Nadu,KANCHIPURAM,Private-Self Financing,ENGINEERING AND TECHNOLOGY,"Anna University, Chennai",POST GRADUATE,VLSI DESIGN,18,1
2095,1-9317776645,SRI SIVASUBRMANIYA NADAR COLLEGE OF ENGINEERING,Tamil Nadu,KANCHIPURAM,Private-Self Financing,ENGINEERING AND TECHNOLOGY,"Anna University, Chennai",POST GRADUATE,INFORMATION TECHNOLOGY,18,1
2096,1-9317776645,SRI SIVASUBRMANIYA NADAR COLLEGE OF ENGINEERING,Tamil Nadu,KANCHIPURAM,Private-Self Financing,ENGINEERING AND TECHNOLOGY,"Anna University, Chennai",UNDER GRADUATE,CIVIL ENGINEERING,60,3
2097,1-9317776645,SRI SIVASUBRMANIYA NADAR COLLEGE OF ENGINEERING,Tamil Nadu,KANCHIPURAM,Private-Self Financing,ENGINEERING AND TECHNOLOGY,"Anna University, Chennai",POST GRADUATE,MANUFACTURING ENGINEERING,18,1
2098,1-9317776645,SRI SIVASUBRMANIYA NADAR COLLEGE OF ENGINEERING,Tamil Nadu,KANCHIPURAM,Private-Self Financing,ENGINEERING AND TECHNOLOGY,"Anna University, Chennai",POST GRADUATE,ENERGY ENGINEERING,18,1
2099,1-9318637953,SRI VENKATESWARA COLLEGE OF ENGINEERING,Tamil Nadu,KANCHIPURAM,Private-Self Financing,ENGINEERING AND TECHNOLOGY,"Anna University, Chennai",UNDER GRADUATE,AUTOMOBILE ENGINEERING,30,2
2100,1-9318637953,SRI VENKATESWARA COLLEGE OF ENGINEERING,Tamil Nadu,KANCHIPURAM,Private-Self Financing,ENGINEERING AND TECHNOLOGY,"Anna University, Chennai",UNDER GRADUATE,BIOTECHNOLOGY,60,3
2101,1-9318637953,SRI VENKATESWARA COLLEGE OF ENGINEERING,Tamil Nadu,KANCHIPURAM,Private-Self Financing,ENGINEERING AND TECHNOLOGY,"Anna University, Chennai",POST GRADUATE,BIOTECHNOLOGY,18,1
2102,1-9318637953,SRI VENKATESWARA COLLEGE OF ENGINEERING,Tamil Nadu,KANCHIPURAM,Private-Self Financing,ENGINEERING AND TECHNOLOGY,"Anna University, Chennai",UNDER GRADUATE,CHEMICAL ENGINEERING,90,5
2103,1-9318637953,SRI VENKATESWARA COLLEGE OF ENGINEERING,Tamil Nadu,KANCHIPURAM,Private-Self Financing,ENGINEERING AND TECHNOLOGY,"Anna University, Chennai",POST GRADUATE,CHEMICAL ENGINEERING,9,0
2104,1-9318637953,SRI VENKATESWARA COLLEGE OF ENGINEERING,Tamil Nadu,KANCHIPURAM,Private-Self Financing,ENGINEERING AND TECHNOLOGY,"Anna University, Chennai",UNDER GRADUATE,CIVIL ENGINEERING,30,2
2105,1-9318637953,SRI VENKATESWARA COLLEGE OF ENGINEERING,Tamil Nadu,KANCHIPURAM,Private-Self Financing,ENGINEERING AND TECHNOLOGY,"Anna University, Chennai",UNDER GRADUATE,COMPUTER SCIENCE AND ENGINEERING,180,9
2106,1-9318637953,SRI VENKATESWARA COLLEGE OF ENGINEERING,Tamil Nadu,KANCHIPURAM,Private-Self Financing,ENGINEERING AND TECHNOLOGY,"Anna University, Chennai",POST GRADUATE,COMPUTER SCIENCE AND ENGINEERING,12,1
2107,1-9318637953,SRI VENKATESWARA COLLEGE OF ENGINEERING,Tamil Nadu,KANCHIPURAM,Private-Self Financing,ENGINEERING AND TECHNOLOGY,"Anna University, Chennai",UNDER GRADUATE,ELECTRICAL AND ELECTRONICS ENGINEERING,120,6
2108,1-9318637953,SRI VENKATESWARA COLLEGE OF ENGINEERING,Tamil Nadu,KANCHIPURAM,Private-Self Financing,ENGINEERING AND TECHNOLOGY,"Anna University, Chennai",POST GRADUATE,POWER ELECTRONICS AND DRIVES,12,1
2109,1-9318637953,SRI VENKATESWARA COLLEGE OF ENGINEERING,Tamil Nadu,KANCHIPURAM,Private-Self Financing,ENGINEERING AND TECHNOLOGY,"Anna University, Chennai",POST GRADUATE,COMMUNICATION SYSTEMS,12,1
2110,1-9318637953,SRI VENKATESWARA COLLEGE OF ENGINEERING,Tamil Nadu,KANCHIPURAM,Private-Self Financing,ENGINEERING AND TECHNOLOGY,"Anna University, Chennai",UNDER GRADUATE,ELECTRONICS COMMUNICATION ENGG,180,9
2111,1-9318637953,SRI VENKATESWARA COLLEGE OF ENGINEERING,Tamil Nadu,KANCHIPURAM,Private-Self Financing,ENGINEERING AND TECHNOLOGY,"Anna University, Chennai",UNDER GRADUATE,INFORMATION TECHNOLOGY,120,6
2112,1-9318637953,SRI VENKATESWARA COLLEGE OF ENGINEERING,Tamil Nadu,KANCHIPURAM,Private-Self Financing,ENGINEERING AND TECHNOLOGY,"Anna University, Chennai",UNDER GRADUATE,MECHANICAL ENGINEERING,120,6
2113,1-9318637953,SRI VENKATESWARA COLLEGE OF ENGINEERING,Tamil Nadu,KANCHIPURAM,Private-Self Financing,ENGINEERING AND TECHNOLOGY,"Anna University, Chennai",UNDER GRADUATE,MARINE ENGINEERING,30,2
2114,1-9318637953,SRI VENKATESWARA COLLEGE OF ENGINEERING,Tamil Nadu,KANCHIPURAM,Private-Self Financing,ENGINEERING AND TECHNOLOGY,"Anna University, Chennai",POST GRADUATE,COMPUTER SCIENCE ENGINEERINGNETWORKS,12,1
2115,1-9318637953,SRI VENKATESWARA COLLEGE OF ENGINEERING,Tamil Nadu,KANCHIPURAM,Private-Self Financing,ENGINEERING AND TECHNOLOGY,"Anna University, Chennai",POST GRADUATE,MECHATRONICS,12,1
2116,1-9318093299,SRM INSTITUTE OF SCIENCE AND TECHNOLOGY RAMAPURAM CAMPUS,Tamil Nadu,THIRUVALLUR,Deemed to be University(Pvt),ENGINEERING AND TECHNOLOGY,"SRM Institute of Science & Technology, Chennai",UNDER GRADUATE,COMPUTER SCIENCE AND ENGINEERING,600,30
2117,1-9318093299,SRM INSTITUTE OF SCIENCE AND TECHNOLOGY RAMAPURAM CAMPUS,Tamil Nadu,THIRUVALLUR,Deemed to be University(Pvt),ENGINEERING AND TECHNOLOGY,"SRM Institute of Science & Technology, Chennai",UNDER GRADUATE,ELECTRONICS AND COMMUNICATIONS ENGINEERING,180,9
2118,1-9318093299,SRM INSTITUTE OF SCIENCE AND TECHNOLOGY RAMAPURAM CAMPUS,Tamil Nadu,THIRUVALLUR,Deemed to be University(Pvt),ENGINEERING AND TECHNOLOGY,"SRM Institute of Science & Technology, Chennai",UNDER GRADUATE,MECHANICAL ENGINEERING,120,6
2119,1-9318093299,SRM INSTITUTE OF SCIENCE AND TECHNOLOGY RAMAPURAM CAMPUS,Tamil Nadu,THIRUVALLUR,Deemed to be University(Pvt),ENGINEERING AND TECHNOLOGY,"SRM Institute of Science & Technology, Chennai",UNDER GRADUATE,INFORMATION TECHNOLOGY,180,9
2120,1-9318093299,SRM INSTITUTE OF SCIENCE AND TECHNOLOGY RAMAPURAM CAMPUS,Tamil Nadu,THIRUVALLUR,Deemed to be University(Pvt),ENGINEERING AND TECHNOLOGY,"SRM Institute of Science & Technology, Chennai",UNDER GRADUATE,CIVIL ENGINEERING,120,6
2121,1-9318093299,SRM INSTITUTE OF SCIENCE AND TECHNOLOGY RAMAPURAM CAMPUS,Tamil Nadu,THIRUVALLUR,Deemed to be University(Pvt),ENGINEERING AND TECHNOLOGY,"SRM Institute of Science & Technology, Chennai",UNDER GRADUATE,ELECTRICAL AND ELECTRONICS ENGINEERING,120,6
2122,1-9318093299,SRM INSTITUTE OF SCIENCE AND TECHNOLOGY RAMAPURAM CAMPUS,Tamil Nadu,THIRUVALLUR,Deemed to be University(Pvt),PLANNING,"SRM Institute of Science & Technology, Chennai",UNDER GRADUATE,ARCHITECTURE,80,4
2123,1-9318093299,SRM INSTITUTE OF SCIENCE AND TECHNOLOGY RAMAPURAM CAMPUS,Tamil Nadu,THIRUVALLUR,Deemed to be University(Pvt),MANAGEMENT,"SRM Institute of Science & Technology, Chennai",POST GRADUATE,MBA,120,6
2124,1-9318093299,SRM INSTITUTE OF SCIENCE AND TECHNOLOGY RAMAPURAM CAMPUS,Tamil Nadu,THIRUVALLUR,Deemed to be University(Pvt),COMPUTER APPLICATIONS,"SRM Institute of Science & Technology, Chennai",POST GRADUATE,MASTER OF COMPUTER APPLICATIONS,120,6
2125,1-9318093299,SRM INSTITUTE OF SCIENCE AND TECHNOLOGY RAMAPURAM CAMPUS,Tamil Nadu,THIRUVALLUR,Deemed to be University(Pvt),ENGINEERING AND TECHNOLOGY,"SRM Institute of Science & Technology, Chennai",POST GRADUATE,STRUCTURAL ENGINEERING,54,3
2126,1-9318093299,SRM INSTITUTE OF SCIENCE AND TECHNOLOGY RAMAPURAM CAMPUS,Tamil Nadu,THIRUVALLUR,Deemed to be University(Pvt),ENGINEERING AND TECHNOLOGY,"SRM Institute of Science & Technology, Chennai",UNDER GRADUATE,CSE-IOT,60,3
2127,1-9318093299,SRM INSTITUTE OF SCIENCE AND TECHNOLOGY RAMAPURAM CAMPUS,Tamil Nadu,THIRUVALLUR,Deemed to be University(Pvt),ENGINEERING AND TECHNOLOGY,"SRM Institute of Science & Technology, Chennai",UNDER GRADUATE,CSE-BIG DATA ANALYTICS,120,6
2128,1-9318093299,SRM INSTITUTE OF SCIENCE AND TECHNOLOGY RAMAPURAM CAMPUS,Tamil Nadu,THIRUVALLUR,Deemed to be University(Pvt),ENGINEERING AND TECHNOLOGY,"SRM Institute of Science & Technology, Chennai",UNDER GRADUATE,CSE-Artificial Intelligence and Machine Learning,240,12
2129,1-9318093299,SRM INSTITUTE OF SCIENCE AND TECHNOLOGY RAMAPURAM CAMPUS,Tamil Nadu,THIRUVALLUR,Deemed to be University(Pvt),ENGINEERING AND TECHNOLOGY,"SRM Institute of Science & Technology, Chennai",POST GRADUATE,COMPUTER AIDED DESIGN,18,1
2130,1-9318093299,SRM INSTITUTE OF SCIENCE AND TECHNOLOGY RAMAPURAM CAMPUS,Tamil Nadu,THIRUVALLUR,Deemed to be University(Pvt),ENGINEERING AND TECHNOLOGY,"SRM Institute of Science & Technology, Chennai",UNDER GRADUATE,CSE-CYBER SECURITY,120,6
2131,1-9318093299,SRM INSTITUTE OF SCIENCE AND TECHNOLOGY RAMAPURAM CAMPUS,Tamil Nadu,THIRUVALLUR,Deemed to be University(Pvt),ENGINEERING AND TECHNOLOGY,"SRM Institute of Science & Technology, Chennai",UNDER GRADUATE,ELECTRONICS AND COMPUTER ENGINEERING,60,3
2132,1-9318093299,SRM INSTITUTE OF SCIENCE AND TECHNOLOGY RAMAPURAM CAMPUS,Tamil Nadu,THIRUVALLUR,Deemed to be University(Pvt),ENGINEERING AND TECHNOLOGY,"SRM Institute of Science & Technology, Chennai",UNDER GRADUATE,BACHELOR OF DESIGN B.Des.,60,3
2133,1-9318093299,SRM INSTITUTE OF SCIENCE AND TECHNOLOGY RAMAPURAM CAMPUS,Tamil Nadu,THIRUVALLUR,Deemed to be University(Pvt),ENGINEERING AND TECHNOLOGY,"SRM Institute of Science & Technology, Chennai",UNDER GRADUATE,COMPUTER SCIENCE AND BUSINESS SYSTEM,60,3
2134,1-9318093299,SRM INSTITUTE OF SCIENCE AND TECHNOLOGY RAMAPURAM CAMPUS,Tamil Nadu,THIRUVALLUR,Deemed to be University(Pvt),ENGINEERING AND TECHNOLOGY,"SRM Institute of Science & Technology, Chennai",UNDER GRADUATE,BIOMEDICAL ENGINEERING,60,3
2135,1-9318093299,SRM INSTITUTE OF SCIENCE AND TECHNOLOGY RAMAPURAM CAMPUS,Tamil Nadu,THIRUVALLUR,Deemed to be University(Pvt),ENGINEERING AND TECHNOLOGY,"SRM Institute of Science & Technology, Chennai",POST GRADUATE,CONSTRUCTION ENGINEERNG AND MANAGEMENT,18,1
2136,1-9318093299,SRM INSTITUTE OF SCIENCE AND TECHNOLOGY RAMAPURAM CAMPUS,Tamil Nadu,THIRUVALLUR,Deemed to be University(Pvt),ENGINEERING AND TECHNOLOGY,"SRM Institute of Science & Technology, Chennai",UNDER GRADUATE,COMPUTER SCIENCE AND ENGINEERING WITH SPECIALIZATION IN GAMING TECHNOLOGY,60,3
2137,1-9318093299,SRM INSTITUTE OF SCIENCE AND TECHNOLOGY RAMAPURAM CAMPUS,Tamil Nadu,THIRUVALLUR,Deemed to be University(Pvt),ENGINEERING AND TECHNOLOGY,"SRM Institute of Science & Technology, Chennai",UNDER GRADUATE,COMPUTER SCIENCE AND ENGINEERING WITH SPECIALISATION IN CLOUD COMPUTING,60,3
2138,1-9318093299,SRM INSTITUTE OF SCIENCE AND TECHNOLOGY RAMAPURAM CAMPUS,Tamil Nadu,THIRUVALLUR,Deemed to be University(Pvt),ENGINEERING AND TECHNOLOGY,"SRM Institute of Science & Technology, Chennai",UNDER GRADUATE,BIOTECHNOLOGY,60,3
2139,1-9318689213,ST. JOSEPHS COLLEGE OF ENGINEERING,Tamil Nadu,KANCHIPURAM,Private-Self Financing,ENGINEERING AND TECHNOLOGY,"Anna University, Chennai",UNDER GRADUATE,CIVIL ENGINEERING,60,3
2140,1-9318689213,ST. JOSEPHS COLLEGE OF ENGINEERING,Tamil Nadu,KANCHIPURAM,Private-Self Financing,ENGINEERING AND TECHNOLOGY,"Anna University, Chennai",UNDER GRADUATE,COMPUTER SCIENCE AND ENGINEERING,180,9
2141,1-9318689213,ST. JOSEPHS COLLEGE OF ENGINEERING,Tamil Nadu,KANCHIPURAM,Private-Self Financing,ENGINEERING AND TECHNOLOGY,"Anna University, Chennai",UNDER GRADUATE,ELECTRONICS COMMUNICATION ENGG,180,9
2142,1-9318689213,ST. JOSEPHS COLLEGE OF ENGINEERING,Tamil Nadu,KANCHIPURAM,Private-Self Financing,ENGINEERING AND TECHNOLOGY,"Anna University, Chennai",UNDER GRADUATE,ELECTRICAL AND ELECTRONICS ENGINEERING,180,9
2143,1-9318689213,ST. JOSEPHS COLLEGE OF ENGINEERING,Tamil Nadu,KANCHIPURAM,Private-Self Financing,ENGINEERING AND TECHNOLOGY,"Anna University, Chennai",UNDER GRADUATE,ELECTRONICS AND INSTRUMENTATION ENGINEERING,60,3
2144,1-9318689213,ST. JOSEPHS COLLEGE OF ENGINEERING,Tamil Nadu,KANCHIPURAM,Private-Self Financing,ENGINEERING AND TECHNOLOGY,"Anna University, Chennai",UNDER GRADUATE,INFORMATION TECHNOLOGY,180,9
2145,1-9318689213,ST. JOSEPHS COLLEGE OF ENGINEERING,Tamil Nadu,KANCHIPURAM,Private-Self Financing,ENGINEERING AND TECHNOLOGY,"Anna University, Chennai",UNDER GRADUATE,MECHANICAL ENGINEERING,180,9
2146,1-9318689213,ST. JOSEPHS COLLEGE OF ENGINEERING,Tamil Nadu,KANCHIPURAM,Private-Self Financing,ENGINEERING AND TECHNOLOGY,"Anna University, Chennai",UNDER GRADUATE,BIOTECHNOLOGY,60,3
2147,1-9318689213,ST. JOSEPHS COLLEGE OF ENGINEERING,Tamil Nadu,KANCHIPURAM,Private-Self Financing,ENGINEERING AND TECHNOLOGY,"Anna University, Chennai",UNDER GRADUATE,CHEMICAL ENGINEERING,60,3
2148,1-9317469839,ST.JOSEPHS INSTITUTE OF TECHNOLOGY,Tamil Nadu,KANCHIPURAM,Private-Self Financing,ENGINEERING AND TECHNOLOGY,"Anna University, Chennai",UNDER GRADUATE,COMPUTER SCIENCE AND ENGINEERING,180,9
2149,1-9317469839,ST.JOSEPHS INSTITUTE OF TECHNOLOGY,Tamil Nadu,KANCHIPURAM,Private-Self Financing,ENGINEERING AND TECHNOLOGY,"Anna University, Chennai",UNDER GRADUATE,ELECTRONICS AND COMMUNICATIONS ENGINEERING,180,9
2150,1-9317469839,ST.JOSEPHS INSTITUTE OF TECHNOLOGY,Tamil Nadu,KANCHIPURAM,Private-Self Financing,ENGINEERING AND TECHNOLOGY,"Anna University, Chennai",UNDER GRADUATE,ELECTRICAL AND ELECTRONICS ENGINEERING,60,3
2151,1-9317469839,ST.JOSEPHS INSTITUTE OF TECHNOLOGY,Tamil Nadu,KANCHIPURAM,Private-Self Financing,ENGINEERING AND TECHNOLOGY,"Anna University, Chennai",UNDER GRADUATE,INFORMATION TECHNOLOGY,120,6
2152,1-9317469839,ST.JOSEPHS INSTITUTE OF TECHNOLOGY,Tamil Nadu,KANCHIPURAM,Private-Self Financing,ENGINEERING AND TECHNOLOGY,"Anna University, Chennai",UNDER GRADUATE,MECHANICAL ENGINEERING,60,3
2153,1-9320181581,VEL TECH RANGARAJAN DR.SAGUNTHALA R AND D INSTITUTE OF SCIENCE AND TECHNOLOGY,Tamil Nadu,THIRUVALLUR,Deemed to be University(Pvt),ENGINEERING AND TECHNOLOGY,"Vel Tech Rangarajan Dr. Sagunthala R&D Institute of Sceince & Technology, Chennai",UNDER GRADUATE,AERONAUTICAL ENGINEERING,90,5
2154,1-9320181581,VEL TECH RANGARAJAN DR.SAGUNTHALA R AND D INSTITUTE OF SCIENCE AND TECHNOLOGY,Tamil Nadu,THIRUVALLUR,Deemed to be University(Pvt),ENGINEERING AND TECHNOLOGY,"Vel Tech Rangarajan Dr. Sagunthala R&D Institute of Sceince & Technology, Chennai",UNDER GRADUATE,COMPUTER SCIENCE ENGINEERING,960,48
2155,1-9320181581,VEL TECH RANGARAJAN DR.SAGUNTHALA R AND D INSTITUTE OF SCIENCE AND TECHNOLOGY,Tamil Nadu,THIRUVALLUR,Deemed to be University(Pvt),ENGINEERING AND TECHNOLOGY,"Vel Tech Rangarajan Dr. Sagunthala R&D Institute of Sceince & Technology, Chennai",UNDER GRADUATE,CIVIL ENGINEERING,60,3
2156,1-9320181581,VEL TECH RANGARAJAN DR.SAGUNTHALA R AND D INSTITUTE OF SCIENCE AND TECHNOLOGY,Tamil Nadu,THIRUVALLUR,Deemed to be University(Pvt),ENGINEERING AND TECHNOLOGY,"Vel Tech Rangarajan Dr. Sagunthala R&D Institute of Sceince & Technology, Chennai",UNDER GRADUATE,ELECTRICAL AND ELECTRONICS ENGINEERING,60,3
2157,1-9320181581,VEL TECH RANGARAJAN DR.SAGUNTHALA R AND D INSTITUTE OF SCIENCE AND TECHNOLOGY,Tamil Nadu,THIRUVALLUR,Deemed to be University(Pvt),ENGINEERING AND TECHNOLOGY,"Vel Tech Rangarajan Dr. Sagunthala R&D Institute of Sceince & Technology, Chennai",UNDER GRADUATE,ELECTRONICS COMMUNICATION ENGINEERING,570,29
2158,1-9320181581,VEL TECH RANGARAJAN DR.SAGUNTHALA R AND D INSTITUTE OF SCIENCE AND TECHNOLOGY,Tamil Nadu,THIRUVALLUR,Deemed to be University(Pvt),ENGINEERING AND TECHNOLOGY,"Vel Tech Rangarajan Dr. Sagunthala R&D Institute of Sceince & Technology, Chennai",UNDER GRADUATE,MECHANICAL ENGINEERING,120,6
2159,1-9320181581,VEL TECH RANGARAJAN DR.SAGUNTHALA R AND D INSTITUTE OF SCIENCE AND TECHNOLOGY,Tamil Nadu,THIRUVALLUR,Deemed to be University(Pvt),ENGINEERING AND TECHNOLOGY,"Vel Tech Rangarajan Dr. Sagunthala R&D Institute of Sceince & Technology, Chennai",UNDER GRADUATE,INFORMATION TECHNOLOGY,60,3
2160,1-9320181581,VEL TECH RANGARAJAN DR.SAGUNTHALA R AND D INSTITUTE OF SCIENCE AND TECHNOLOGY,Tamil Nadu,THIRUVALLUR,Deemed to be University(Pvt),ENGINEERING AND TECHNOLOGY,"Vel Tech Rangarajan Dr. Sagunthala R&D Institute of Sceince & Technology, Chennai",UNDER GRADUATE,BIOTECHNOLOGY,60,3
2161,1-9320181581,VEL TECH RANGARAJAN DR.SAGUNTHALA R AND D INSTITUTE OF SCIENCE AND TECHNOLOGY,Tamil Nadu,THIRUVALLUR,Deemed to be University(Pvt),ENGINEERING AND TECHNOLOGY,"Vel Tech Rangarajan Dr. Sagunthala R&D Institute of Sceince & Technology, Chennai",UNDER GRADUATE,BIOMEDICAL ENGINEERING,60,3
2162,1-9320181581,VEL TECH RANGARAJAN DR.SAGUNTHALA R AND D INSTITUTE OF SCIENCE AND TECHNOLOGY,Tamil Nadu,THIRUVALLUR,Deemed to be University(Pvt),ENGINEERING AND TECHNOLOGY,"Vel Tech Rangarajan Dr. Sagunthala R&D Institute of Sceince & Technology, Chennai",UNDER GRADUATE,ARTIFICIAL INTELLIGENCE AI AND DATA SCIENCE,60,3
2163,1-9320181581,VEL TECH RANGARAJAN DR.SAGUNTHALA R AND D INSTITUTE OF SCIENCE AND TECHNOLOGY,Tamil Nadu,THIRUVALLUR,Deemed to be University(Pvt),ENGINEERING AND TECHNOLOGY,"Vel Tech Rangarajan Dr. Sagunthala R&D Institute of Sceince & Technology, Chennai",UNDER GRADUATE,ARTIFICIAL INTELLIGENCE AND MACHINE LEARNING,60,3
2164,1-9320181581,VEL TECH RANGARAJAN DR.SAGUNTHALA R AND D INSTITUTE OF SCIENCE AND TECHNOLOGY,Tamil Nadu,THIRUVALLUR,Deemed to be University(Pvt),ENGINEERING AND TECHNOLOGY,"Vel Tech Rangarajan Dr. Sagunthala R&D Institute of Sceince & Technology, Chennai",UNDER GRADUATE,COMPUTER SCIENCE AND DESIGN,60,3
2165,1-9318053639,VELLORE INSTITUTE OF TECHNOLOGY,Tamil Nadu,VELLORE,Deemed to be University(Pvt),PLANNING,"Vellore Institute of Technology, Vellore",UNDER GRADUATE,ARCHITECTURE,40,2
2166,1-9318053639,VELLORE INSTITUTE OF TECHNOLOGY,Tamil Nadu,VELLORE,Deemed to be University(Pvt),ENGINEERING AND TECHNOLOGY,"Vellore Institute of Technology, Vellore",UNDER GRADUATE,BIOTECHNOLOGY,180,9
2167,1-9318053639,VELLORE INSTITUTE OF TECHNOLOGY,Tamil Nadu,VELLORE,Deemed to be University(Pvt),ENGINEERING AND TECHNOLOGY,"Vellore Institute of Technology, Vellore",POST GRADUATE,BIOTECHNOLOGY,48,2
2168,1-9318053639,VELLORE INSTITUTE OF TECHNOLOGY,Tamil Nadu,VELLORE,Deemed to be University(Pvt),ENGINEERING AND TECHNOLOGY,"Vellore Institute of Technology, Vellore",UNDER GRADUATE,CHEMICAL ENGINEERING,120,6
2169,1-9318053639,VELLORE INSTITUTE OF TECHNOLOGY,Tamil Nadu,VELLORE,Deemed to be University(Pvt),ENGINEERING AND TECHNOLOGY,"Vellore Institute of Technology, Vellore",UNDER GRADUATE,CIVIL ENGINEERING,180,9
2170,1-9318053639,VELLORE INSTITUTE OF TECHNOLOGY,Tamil Nadu,VELLORE,Deemed to be University(Pvt),ENGINEERING AND TECHNOLOGY,"Vellore Institute of Technology, Vellore",UNDER GRADUATE,BACHELOR OF DESIGN B.Des.,30,2
2171,1-9318053639,VELLORE INSTITUTE OF TECHNOLOGY,Tamil Nadu,VELLORE,Deemed to be University(Pvt),COMPUTER APPLICATIONS,"Vellore Institute of Technology, Vellore",POST GRADUATE,MASTER OF COMPUTER APPLICATIONS,240,12
2172,1-9318053639,VELLORE INSTITUTE OF TECHNOLOGY,Tamil Nadu,VELLORE,Deemed to be University(Pvt),ENGINEERING AND TECHNOLOGY,"Vellore Institute of Technology, Vellore",POST GRADUATE,STRUCTURAL ENGINEERING,75,4
2173,1-9318053639,VELLORE INSTITUTE OF TECHNOLOGY,Tamil Nadu,VELLORE,Deemed to be University(Pvt),ENGINEERING AND TECHNOLOGY,"Vellore Institute of Technology, Vellore",UNDER GRADUATE,COMPUTER SCIENCE AND ENGINEERING WITH SPECIALIZATION IN BIOINFORMATICS,120,6
2174,1-9318053639,VELLORE INSTITUTE OF TECHNOLOGY,Tamil Nadu,VELLORE,Deemed to be University(Pvt),ENGINEERING AND TECHNOLOGY,"Vellore Institute of Technology, Vellore",UNDER GRADUATE,COMPUTER SCIENCE AND ENGINEERING WITH SPECIALIZATION IN INFORMATION SECURITY,240,12
2175,1-9318053639,VELLORE INSTITUTE OF TECHNOLOGY,Tamil Nadu,VELLORE,Deemed to be University(Pvt),ENGINEERING AND TECHNOLOGY,"Vellore Institute of Technology, Vellore",POST GRADUATE,COMPUTER SCIENCE AND ENGINEERING WITH SPECIALIZATION IN BIG DATA ANALYTICS,30,2
2176,1-9318053639,VELLORE INSTITUTE OF TECHNOLOGY,Tamil Nadu,VELLORE,Deemed to be University(Pvt),ENGINEERING AND TECHNOLOGY,"Vellore Institute of Technology, Vellore",POST GRADUATE,COMPUTER SCIENCE ENGINEERING,60,3
2177,1-9318053639,VELLORE INSTITUTE OF TECHNOLOGY,Tamil Nadu,VELLORE,Deemed to be University(Pvt),ENGINEERING AND TECHNOLOGY,"Vellore Institute of Technology, Vellore",UNDER GRADUATE,ELECTRICAL AND ELECTRONICS ENGINEERING,300,15
2178,1-9318053639,VELLORE INSTITUTE OF TECHNOLOGY,Tamil Nadu,VELLORE,Deemed to be University(Pvt),ENGINEERING AND TECHNOLOGY,"Vellore Institute of Technology, Vellore",UNDER GRADUATE,ELECTRONICS AND INSTRUMENTATION ENGINEERING,120,6
2179,1-9318053639,VELLORE INSTITUTE OF TECHNOLOGY,Tamil Nadu,VELLORE,Deemed to be University(Pvt),ENGINEERING AND TECHNOLOGY,"Vellore Institute of Technology, Vellore",POST GRADUATE,CONTROL AND AUTOMATION,30,2
2180,1-9318053639,VELLORE INSTITUTE OF TECHNOLOGY,Tamil Nadu,VELLORE,Deemed to be University(Pvt),ENGINEERING AND TECHNOLOGY,"Vellore Institute of Technology, Vellore",POST GRADUATE,POWER ELECTRONICS AND DRIVES,30,2
2181,1-9318053639,VELLORE INSTITUTE OF TECHNOLOGY,Tamil Nadu,VELLORE,Deemed to be University(Pvt),ENGINEERING AND TECHNOLOGY,"Vellore Institute of Technology, Vellore",UNDER GRADUATE,ELECTRONICS AND COMMUNICATION ENGINEERING WITH SPECIALIZATION IN BIOMEDICAL ENGINEERING,60,3
2182,1-9318053639,VELLORE INSTITUTE OF TECHNOLOGY,Tamil Nadu,VELLORE,Deemed to be University(Pvt),ENGINEERING AND TECHNOLOGY,"Vellore Institute of Technology, Vellore",UNDER GRADUATE,ELECTRONICS COMMUNICATION ENGINEERING,720,36
2183,1-9318053639,VELLORE INSTITUTE OF TECHNOLOGY,Tamil Nadu,VELLORE,Deemed to be University(Pvt),ENGINEERING AND TECHNOLOGY,"Vellore Institute of Technology, Vellore",POST GRADUATE,AUTOMOTIVE ELECTRONICS,30,2
2184,1-9318053639,VELLORE INSTITUTE OF TECHNOLOGY,Tamil Nadu,VELLORE,Deemed to be University(Pvt),ENGINEERING AND TECHNOLOGY,"Vellore Institute of Technology, Vellore",POST GRADUATE,BIOMEDICAL ENGINEERING,30,2
2185,1-9318053639,VELLORE INSTITUTE OF TECHNOLOGY,Tamil Nadu,VELLORE,Deemed to be University(Pvt),ENGINEERING AND TECHNOLOGY,"Vellore Institute of Technology, Vellore",POST GRADUATE,COMMUNICATION ENGINEERING,18,1
2186,1-9318053639,VELLORE INSTITUTE OF TECHNOLOGY,Tamil Nadu,VELLORE,Deemed to be University(Pvt),ENGINEERING AND TECHNOLOGY,"Vellore Institute of Technology, Vellore",POST GRADUATE,NANO TECHNOLOGY,18,1
2187,1-9318053639,VELLORE INSTITUTE OF TECHNOLOGY,Tamil Nadu,VELLORE,Deemed to be University(Pvt),ENGINEERING AND TECHNOLOGY,"Vellore Institute of Technology, Vellore",POST GRADUATE,VLSI DESIGN,120,6
2188,1-9318053639,VELLORE INSTITUTE OF TECHNOLOGY,Tamil Nadu,VELLORE,Deemed to be University(Pvt),ENGINEERING AND TECHNOLOGY,"Vellore Institute of Technology, Vellore",UNDER GRADUATE,INFORMATION TECHNOLOGY,360,18
2189,1-9318053639,VELLORE INSTITUTE OF TECHNOLOGY,Tamil Nadu,VELLORE,Deemed to be University(Pvt),ENGINEERING AND TECHNOLOGY,"Vellore Institute of Technology, Vellore",UNDER GRADUATE,MECHANICAL ENGINEERING WITH SPECIALIZATION IN AUTOMOTIVE ENGINEERING,60,3
2190,1-9318053639,VELLORE INSTITUTE OF TECHNOLOGY,Tamil Nadu,VELLORE,Deemed to be University(Pvt),ENGINEERING AND TECHNOLOGY,"Vellore Institute of Technology, Vellore",UNDER GRADUATE,MECHANICAL ENGINEERING,720,36
2191,1-9318053639,VELLORE INSTITUTE OF TECHNOLOGY,Tamil Nadu,VELLORE,Deemed to be University(Pvt),ENGINEERING AND TECHNOLOGY,"Vellore Institute of Technology, Vellore",POST GRADUATE,M..Des. Industrial Design,18,1
2192,1-9318053639,VELLORE INSTITUTE OF TECHNOLOGY,Tamil Nadu,VELLORE,Deemed to be University(Pvt),ENGINEERING AND TECHNOLOGY,"Vellore Institute of Technology, Vellore",POST GRADUATE,AUTOMOTIVE ENGINEERING,60,3
2193,1-9318053639,VELLORE INSTITUTE OF TECHNOLOGY,Tamil Nadu,VELLORE,Deemed to be University(Pvt),ENGINEERING AND TECHNOLOGY,"Vellore Institute of Technology, Vellore",POST GRADUATE,CADCAM,45,2
2194,1-9318053639,VELLORE INSTITUTE OF TECHNOLOGY,Tamil Nadu,VELLORE,Deemed to be University(Pvt),ENGINEERING AND TECHNOLOGY,"Vellore Institute of Technology, Vellore",POST GRADUATE,MANUFACTURING ENGINEERING,30,2
2195,1-9318053639,VELLORE INSTITUTE OF TECHNOLOGY,Tamil Nadu,VELLORE,Deemed to be University(Pvt),ENGINEERING AND TECHNOLOGY,"Vellore Institute of Technology, Vellore",POST GRADUATE,MECHATRONICS,45,2
2196,1-9318053639,VELLORE INSTITUTE OF TECHNOLOGY,Tamil Nadu,VELLORE,Deemed to be University(Pvt),MANAGEMENT,"Vellore Institute of Technology, Vellore",POST GRADUATE,MBA,120,6
2197,1-9318053639,VELLORE INSTITUTE OF TECHNOLOGY,Tamil Nadu,VELLORE,Deemed to be University(Pvt),ENGINEERING AND TECHNOLOGY,"Vellore Institute of Technology, Vellore",POST GRADUATE,COMPUTER SCIENCE AND ENGINEERING WITH SPECIALIZATION IN INFORMATION SECURITY,18,1
2198,1-9318053639,VELLORE INSTITUTE OF TECHNOLOGY,Tamil Nadu,VELLORE,Deemed to be University(Pvt),ENGINEERING AND TECHNOLOGY,"Vellore Institute of Technology, Vellore",POST GRADUATE,EMBEDDED SYSTEMS,60,3
2199,1-9318053639,VELLORE INSTITUTE OF TECHNOLOGY,Tamil Nadu,VELLORE,Deemed to be University(Pvt),ENGINEERING AND TECHNOLOGY,"Vellore Institute of Technology, Vellore",UNDER GRADUATE,COMPUTER SCIENCE ENGINEERING,1200,60
2200,1-9318053639,VELLORE INSTITUTE OF TECHNOLOGY,Tamil Nadu,VELLORE,Deemed to be University(Pvt),ENGINEERING AND TECHNOLOGY,"Vellore Institute of Technology, Vellore",UNDER GRADUATE,Computer Science and Engineering with Specialization in IoT,240,12
2201,1-9318053639,VELLORE INSTITUTE OF TECHNOLOGY,Tamil Nadu,VELLORE,Deemed to be University(Pvt),ENGINEERING AND TECHNOLOGY,"Vellore Institute of Technology, Vellore",UNDER GRADUATE,COMPUTER SCIENCE AND ENGINEERING BUSINESS SYSTEMS,180,9
2202,1-9318053639,VELLORE INSTITUTE OF TECHNOLOGY,Tamil Nadu,VELLORE,Deemed to be University(Pvt),ENGINEERING AND TECHNOLOGY,"Vellore Institute of Technology, Vellore",UNDER GRADUATE,COMPUTER SCIENCE AND ENGINEERING WITH SPECIALIZATION IN DATA SCIENCE,180,9
2203,1-9318053639,VELLORE INSTITUTE OF TECHNOLOGY,Tamil Nadu,VELLORE,Deemed to be University(Pvt),ENGINEERING AND TECHNOLOGY,"Vellore Institute of Technology, Vellore",POST GRADUATE,Mechanical Engineering with specialization in Cyber Physical Systems,30,2
2204,1-9318053639,VELLORE INSTITUTE OF TECHNOLOGY,Tamil Nadu,VELLORE,Deemed to be University(Pvt),ENGINEERING AND TECHNOLOGY,"Vellore Institute of Technology, Vellore",POST GRADUATE,Compuetr Science and Engineering with Specialization in Artificial Intelligence and Machine Learning,60,3
2205,1-9318053639,VELLORE INSTITUTE OF TECHNOLOGY,Tamil Nadu,VELLORE,Deemed to be University(Pvt),ENGINEERING AND TECHNOLOGY,"Vellore Institute of Technology, Vellore",POST GRADUATE,CONSTRUCTION TECHNOLOGY AND MANAGEMENT,30,2
2206,1-9318053639,VELLORE INSTITUTE OF TECHNOLOGY,Tamil Nadu,VELLORE,Deemed to be University(Pvt),ENGINEERING AND TECHNOLOGY,"Vellore Institute of Technology, Vellore",POST GRADUATE,IoT and Sensor Systems,18,1
2207,1-9318053639,VELLORE INSTITUTE OF TECHNOLOGY,Tamil Nadu,VELLORE,Deemed to be University(Pvt),ENGINEERING AND TECHNOLOGY,"Vellore Institute of Technology, Vellore",UNDER GRADUATE,COMPUTER SCIENCE AND ENGINEERING WITH SPECIALIZATION IN BLOCK CHAIN TECHNOLOGY,60,3
2208,1-9318053639,VELLORE INSTITUTE OF TECHNOLOGY,Tamil Nadu,VELLORE,Deemed to be University(Pvt),ENGINEERING AND TECHNOLOGY,"Vellore Institute of Technology, Vellore",UNDER GRADUATE,MECHANICAL ENGINEERING MANUFACTURING ENGINEERING,60,3
2209,1-9319015103,ACE ENGINEERING COLLEGE,Telangana,RANGAREDDI,Private-Self Financing,ENGINEERING AND TECHNOLOGY,"Jawaharlal Nehru Technological University, Hyderabad",UNDER GRADUATE,COMPUTER SCIENCE AND ENGINEERING,180,9
2210,1-9319015103,ACE ENGINEERING COLLEGE,Telangana,RANGAREDDI,Private-Self Financing,ENGINEERING AND TECHNOLOGY,"Jawaharlal Nehru Technological University, Hyderabad",UNDER GRADUATE,MECHANICAL ENGINEERING,60,3
2211,1-9319015103,ACE ENGINEERING COLLEGE,Telangana,RANGAREDDI,Private-Self Financing,ENGINEERING AND TECHNOLOGY,"Jawaharlal Nehru Technological University, Hyderabad",UNDER GRADUATE,ELECTRONICS COMMUNICATION ENGG,120,6
2212,1-9319015103,ACE ENGINEERING COLLEGE,Telangana,RANGAREDDI,Private-Self Financing,ENGINEERING AND TECHNOLOGY,"Jawaharlal Nehru Technological University, Hyderabad",UNDER GRADUATE,CIVIL ENGINEERING,60,3
2213,1-9319015103,ACE ENGINEERING COLLEGE,Telangana,RANGAREDDI,Private-Self Financing,ENGINEERING AND TECHNOLOGY,"Jawaharlal Nehru Technological University, Hyderabad",UNDER GRADUATE,ELECTRICAL AND ELECTRONICS ENGINEERING,60,3
2214,1-9319015103,ACE ENGINEERING COLLEGE,Telangana,RANGAREDDI,Private-Self Financing,ENGINEERING AND TECHNOLOGY,"Jawaharlal Nehru Technological University, Hyderabad",UNDER GRADUATE,INFORMATION TECHNOLOGY,60,3
2215,1-9319015103,ACE ENGINEERING COLLEGE,Telangana,RANGAREDDI,Private-Self Financing,ENGINEERING AND TECHNOLOGY,"Jawaharlal Nehru Technological University, Hyderabad",UNDER GRADUATE,COMPUTER SCIENCE ENGINEERING IoT,60,3
2216,1-9319015103,ACE ENGINEERING COLLEGE,Telangana,RANGAREDDI,Private-Self Financing,ENGINEERING AND TECHNOLOGY,"Jawaharlal Nehru Technological University, Hyderabad",UNDER GRADUATE,COMPUTER SCIENCE AND ENGINEERING DATA SCIENCE,60,3
2217,1-9319015103,ACE ENGINEERING COLLEGE,Telangana,RANGAREDDI,Private-Self Financing,ENGINEERING AND TECHNOLOGY,"Jawaharlal Nehru Technological University, Hyderabad",UNDER GRADUATE,COMPUTER SCIENCE AND ENGINEERINGARTIFICIAL INTELLIGENCE AND MACHINE LEARNING,180,9
2218,1-9322919669,B V RAJU INSTITUTE OF TECHNOLOGY,Telangana,MEDAK,Private-Self Financing,ENGINEERING AND TECHNOLOGY,"Jawaharlal Nehru Technological University, Hyderabad",POST GRADUATE,ENGINEERING DESIGN,18,1
2219,1-9322919669,B V RAJU INSTITUTE OF TECHNOLOGY,Telangana,MEDAK,Private-Self Financing,ENGINEERING AND TECHNOLOGY,"Jawaharlal Nehru Technological University, Hyderabad",POST GRADUATE,POWER ENGINEERING AND ENERGY SYSTEMS,18,1
2220,1-9322919669,B V RAJU INSTITUTE OF TECHNOLOGY,Telangana,MEDAK,Private-Self Financing,ENGINEERING AND TECHNOLOGY,"Jawaharlal Nehru Technological University, Hyderabad",UNDER GRADUATE,BIOMEDICAL ENGINEERING,30,2
2221,1-9322919669,B V RAJU INSTITUTE OF TECHNOLOGY,Telangana,MEDAK,Private-Self Financing,ENGINEERING AND TECHNOLOGY,"Jawaharlal Nehru Technological University, Hyderabad",UNDER GRADUATE,CHEMICAL ENGINEERING,60,3
2222,1-9322919669,B V RAJU INSTITUTE OF TECHNOLOGY,Telangana,MEDAK,Private-Self Financing,ENGINEERING AND TECHNOLOGY,"Jawaharlal Nehru Technological University, Hyderabad",UNDER GRADUATE,COMPUTER SCIENCE ENGINEERING,300,15
2223,1-9322919669,B V RAJU INSTITUTE OF TECHNOLOGY,Telangana,MEDAK,Private-Self Financing,ENGINEERING AND TECHNOLOGY,"Jawaharlal Nehru Technological University, Hyderabad",UNDER GRADUATE,INFORMATION TECHNOLOGY,120,6
2224,1-9322919669,B V RAJU INSTITUTE OF TECHNOLOGY,Telangana,MEDAK,Private-Self Financing,ENGINEERING AND TECHNOLOGY,"Jawaharlal Nehru Technological University, Hyderabad",UNDER GRADUATE,ELECTRONICS COMMUNICATION ENGG,240,12
2225,1-9322919669,B V RAJU INSTITUTE OF TECHNOLOGY,Telangana,MEDAK,Private-Self Financing,ENGINEERING AND TECHNOLOGY,"Jawaharlal Nehru Technological University, Hyderabad",UNDER GRADUATE,ELECTRICAL AND ELECTRONICS ENGINEERING,120,6
2226,1-9322919669,B V RAJU INSTITUTE OF TECHNOLOGY,Telangana,MEDAK,Private-Self Financing,ENGINEERING AND TECHNOLOGY,"Jawaharlal Nehru Technological University, Hyderabad",POST GRADUATE,CHEMICAL ENGINEERING,18,1
2227,1-9322919669,B V RAJU INSTITUTE OF TECHNOLOGY,Telangana,MEDAK,Private-Self Financing,ENGINEERING AND TECHNOLOGY,"Jawaharlal Nehru Technological University, Hyderabad",POST GRADUATE,VLSI DESIGN,18,1
2228,1-9322919669,B V RAJU INSTITUTE OF TECHNOLOGY,Telangana,MEDAK,Private-Self Financing,ENGINEERING AND TECHNOLOGY,"Jawaharlal Nehru Technological University, Hyderabad",POST GRADUATE,COMPUTER SCIENCE ENGINEERING,18,1
2229,1-9322919669,B V RAJU INSTITUTE OF TECHNOLOGY,Telangana,MEDAK,Private-Self Financing,ENGINEERING AND TECHNOLOGY,"Jawaharlal Nehru Technological University, Hyderabad",POST GRADUATE,EMBEDDED SYSTEMS,18,1
2230,1-9322919669,B V RAJU INSTITUTE OF TECHNOLOGY,Telangana,MEDAK,Private-Self Financing,ENGINEERING AND TECHNOLOGY,"Jawaharlal Nehru Technological University, Hyderabad",UNDER GRADUATE,MECHANICAL ENGINEERING,120,6
2231,1-9322919669,B V RAJU INSTITUTE OF TECHNOLOGY,Telangana,MEDAK,Private-Self Financing,MANAGEMENT,"Jawaharlal Nehru Technological University, Hyderabad",POST GRADUATE,MBA,60,3
2232,1-9322919669,B V RAJU INSTITUTE OF TECHNOLOGY,Telangana,MEDAK,Private-Self Financing,ENGINEERING AND TECHNOLOGY,"Jawaharlal Nehru Technological University, Hyderabad",POST GRADUATE,ELECTRICAL POWER SYSTEMS,18,1
2233,1-9322919669,B V RAJU INSTITUTE OF TECHNOLOGY,Telangana,MEDAK,Private-Self Financing,ENGINEERING AND TECHNOLOGY,"Jawaharlal Nehru Technological University, Hyderabad",UNDER GRADUATE,CIVIL ENGINEERING,60,3
2234,1-9322919669,B V RAJU INSTITUTE OF TECHNOLOGY,Telangana,MEDAK,Private-Self Financing,ENGINEERING AND TECHNOLOGY,"Jawaharlal Nehru Technological University, Hyderabad",UNDER GRADUATE,PHARMACEUTICAL ENGINEERING,60,3
2235,1-9322919669,B V RAJU INSTITUTE OF TECHNOLOGY,Telangana,MEDAK,Private-Self Financing,ENGINEERING AND TECHNOLOGY,"Jawaharlal Nehru Technological University, Hyderabad",UNDER GRADUATE,COMPUTER SCIENCE AND ENGINEERING DATA SCIENCE,60,3
2236,1-9322919669,B V RAJU INSTITUTE OF TECHNOLOGY,Telangana,MEDAK,Private-Self Financing,ENGINEERING AND TECHNOLOGY,"Jawaharlal Nehru Technological University, Hyderabad",UNDER GRADUATE,COMPUTER SCIENCE AND BUSINESS SYSTEM,60,3
2237,1-9322919669,B V RAJU INSTITUTE OF TECHNOLOGY,Telangana,MEDAK,Private-Self Financing,ENGINEERING AND TECHNOLOGY,"Jawaharlal Nehru Technological University, Hyderabad",UNDER GRADUATE,COMPUTER SCIENCE AND ENGINEERINGARTIFICIAL INTELLIGENCE AND MACHINE LEARNING,60,3
2238,1-9322734399,BVRIT HYDERABAD COLLEGE OF ENGINEERING FOR WOMEN,Telangana,HYDERABAD,Private-Self Financing,ENGINEERING AND TECHNOLOGY,"Jawaharlal Nehru Technological University, Hyderabad",UNDER GRADUATE,ELECTRONICS AND COMMUNICATIONS ENGINEERING,120,6
2239,1-9322734399,BVRIT HYDERABAD COLLEGE OF ENGINEERING FOR WOMEN,Telangana,HYDERABAD,Private-Self Financing,ENGINEERING AND TECHNOLOGY,"Jawaharlal Nehru Technological University, Hyderabad",UNDER GRADUATE,ELECTRICAL AND ELECTRONICS ENGINEERING,60,3
2240,1-9322734399,BVRIT HYDERABAD COLLEGE OF ENGINEERING FOR WOMEN,Telangana,HYDERABAD,Private-Self Financing,ENGINEERING AND TECHNOLOGY,"Jawaharlal Nehru Technological University, Hyderabad",UNDER GRADUATE,COMPUTER SCIENCE ENGINEERING,180,9
2241,1-9322734399,BVRIT HYDERABAD COLLEGE OF ENGINEERING FOR WOMEN,Telangana,HYDERABAD,Private-Self Financing,ENGINEERING AND TECHNOLOGY,"Jawaharlal Nehru Technological University, Hyderabad",UNDER GRADUATE,INFORMATION TECHNOLOGY,120,6
2242,1-9323159498,CHAITANYA BHARATHI INSTITUTE OF TECHNOLOGY,Telangana,RANGAREDDI,Private-Self Financing,ENGINEERING AND TECHNOLOGY,"Osmania University, Hyderabad",UNDER GRADUATE,CIVIL ENGINEERING,120,6
2243,1-9323159498,CHAITANYA BHARATHI INSTITUTE OF TECHNOLOGY,Telangana,RANGAREDDI,Private-Self Financing,ENGINEERING AND TECHNOLOGY,"Osmania University, Hyderabad",UNDER GRADUATE,MECHANICAL ENGINEERING,120,6
2244,1-9323159498,CHAITANYA BHARATHI INSTITUTE OF TECHNOLOGY,Telangana,RANGAREDDI,Private-Self Financing,ENGINEERING AND TECHNOLOGY,"Osmania University, Hyderabad",UNDER GRADUATE,ELECTRONICS COMMUNICATION ENGG,180,9
2245,1-9323159498,CHAITANYA BHARATHI INSTITUTE OF TECHNOLOGY,Telangana,RANGAREDDI,Private-Self Financing,ENGINEERING AND TECHNOLOGY,"Osmania University, Hyderabad",UNDER GRADUATE,COMPUTER SCIENCE ENGINEERING,180,9
2246,1-9323159498,CHAITANYA BHARATHI INSTITUTE OF TECHNOLOGY,Telangana,RANGAREDDI,Private-Self Financing,ENGINEERING AND TECHNOLOGY,"Osmania University, Hyderabad",UNDER GRADUATE,ELECTRICAL AND ELECTRONICS ENGINEERING,120,6
2247,1-9323159498,CHAITANYA BHARATHI INSTITUTE OF TECHNOLOGY,Telangana,RANGAREDDI,Private-Self Financing,ENGINEERING AND TECHNOLOGY,"Osmania University, Hyderabad",UNDER GRADUATE,INFORMATION TECHNOLOGY,180,9
2248,1-9323159498,CHAITANYA BHARATHI INSTITUTE OF TECHNOLOGY,Telangana,RANGAREDDI,Private-Self Financing,ENGINEERING AND TECHNOLOGY,"Osmania University, Hyderabad",UNDER GRADUATE,CHEMICAL ENGINEERING,60,3
2249,1-9323159498,CHAITANYA BHARATHI INSTITUTE OF TECHNOLOGY,Telangana,RANGAREDDI,Private-Self Financing,ENGINEERING AND TECHNOLOGY,"Osmania University, Hyderabad",UNDER GRADUATE,BIOTECHNOLOGY,60,3
2250,1-9323159498,CHAITANYA BHARATHI INSTITUTE OF TECHNOLOGY,Telangana,RANGAREDDI,Private-Self Financing,ENGINEERING AND TECHNOLOGY,"Osmania University, Hyderabad",UNDER GRADUATE,ARTIFICIAL INTELLIGENCE AND DATA SCIENCE,120,6
2251,1-9323159498,CHAITANYA BHARATHI INSTITUTE OF TECHNOLOGY,Telangana,RANGAREDDI,Private-Self Financing,ENGINEERING AND TECHNOLOGY,"Osmania University, Hyderabad",UNDER GRADUATE,COMPUTER SCIENCE AND ENGINEERINGARTIFICIAL INTELLIGENCE AND MACHINE LEARNING,60,3
2252,1-9323159498,CHAITANYA BHARATHI INSTITUTE OF TECHNOLOGY,Telangana,RANGAREDDI,Private-Self Financing,ENGINEERING AND TECHNOLOGY,"Osmania University, Hyderabad",UNDER GRADUATE,COMPUTER SCIENCE AND ENGINEERING INTERNET OF THINGS AND CYBER SECURITY INCLUDING BLOCK CHAIN TECHNO,60,3
2253,1-9323159498,CHAITANYA BHARATHI INSTITUTE OF TECHNOLOGY,Telangana,RANGAREDDI,Private-Self Financing,ENGINEERING AND TECHNOLOGY,"Osmania University, Hyderabad",UNDER GRADUATE,ARTIFICIAL INTELLIGENCE AND MACHINE LEARNING,60,3
2254,1-9320515361,DECCAN GROUP OF INSTITUTIONS,Telangana,HYDERABAD,Private-Self Financing,ENGINEERING AND TECHNOLOGY,"Osmania University, Hyderabad",UNDER GRADUATE,CIVIL ENGINEERING,120,6
2255,1-9320515361,DECCAN GROUP OF INSTITUTIONS,Telangana,HYDERABAD,Private-Self Financing,ENGINEERING AND TECHNOLOGY,"Osmania University, Hyderabad",UNDER GRADUATE,COMPUTER SCIENCE ENGINEERING,90,5
2256,1-9320515361,DECCAN GROUP OF INSTITUTIONS,Telangana,HYDERABAD,Private-Self Financing,ENGINEERING AND TECHNOLOGY,"Osmania University, Hyderabad",UNDER GRADUATE,INFORMATION TECHNOLOGY,60,3
2257,1-9320515361,DECCAN GROUP OF INSTITUTIONS,Telangana,HYDERABAD,Private-Self Financing,ENGINEERING AND TECHNOLOGY,"Osmania University, Hyderabad",UNDER GRADUATE,ELECTRICAL AND ELECTRONICS ENGINEERING,60,3
2258,1-9320515361,DECCAN GROUP OF INSTITUTIONS,Telangana,HYDERABAD,Private-Self Financing,ENGINEERING AND TECHNOLOGY,"Osmania University, Hyderabad",UNDER GRADUATE,ELECTRONICS COMMUNICATION ENGG,90,5
2259,1-9320515361,DECCAN GROUP OF INSTITUTIONS,Telangana,HYDERABAD,Private-Self Financing,ENGINEERING AND TECHNOLOGY,"Osmania University, Hyderabad",UNDER GRADUATE,ELECTRONICS INSTRUMENTATION ENGINEERING,40,2
2260,1-9320515361,DECCAN GROUP OF INSTITUTIONS,Telangana,HYDERABAD,Private-Self Financing,ENGINEERING AND TECHNOLOGY,"Osmania University, Hyderabad",UNDER GRADUATE,MECHANICAL ENGINEERING,120,6
2261,1-9320515361,DECCAN GROUP OF INSTITUTIONS,Telangana,HYDERABAD,Private-Self Financing,ENGINEERING AND TECHNOLOGY,"Osmania University, Hyderabad",UNDER GRADUATE,PRODUCTION ENGINEERING,40,2
2262,1-9320515361,DECCAN GROUP OF INSTITUTIONS,Telangana,HYDERABAD,Private-Self Financing,ENGINEERING AND TECHNOLOGY,"Osmania University, Hyderabad",POST GRADUATE,TRANSPORTATION ENGINEERING,18,1
2263,1-9320515361,DECCAN GROUP OF INSTITUTIONS,Telangana,HYDERABAD,Private-Self Financing,ENGINEERING AND TECHNOLOGY,"Osmania University, Hyderabad",POST GRADUATE,DIGITAL SYSTEMS,18,1
2264,1-9320515361,DECCAN GROUP OF INSTITUTIONS,Telangana,HYDERABAD,Private-Self Financing,COMPUTER APPLICATIONS,"Osmania University, Hyderabad",POST GRADUATE,MASTERS IN COMPUTER APPLICATIONS,60,3
2265,1-9320515361,DECCAN GROUP OF INSTITUTIONS,Telangana,HYDERABAD,Private-Self Financing,MANAGEMENT,"Osmania University, Hyderabad",POST GRADUATE,MBA,240,12
2266,1-9320515361,DECCAN GROUP OF INSTITUTIONS,Telangana,HYDERABAD,Private-Self Financing,PHARMACY,"Osmania University, Hyderabad",POST GRADUATE,PHARMACY,30,2
2267,1-9320515361,DECCAN GROUP OF INSTITUTIONS,Telangana,HYDERABAD,Private-Self Financing,MANAGEMENT,"Osmania University, Hyderabad",POST GRADUATE,MBA HOSPITAL MANAGEMENT,60,3
2268,1-9320515361,DECCAN GROUP OF INSTITUTIONS,Telangana,HYDERABAD,Private-Self Financing,ENGINEERING AND TECHNOLOGY,"Osmania University, Hyderabad",POST GRADUATE,STRUCTURAL ENGINEERING,18,1
2269,1-9320515361,DECCAN GROUP OF INSTITUTIONS,Telangana,HYDERABAD,Private-Self Financing,ENGINEERING AND TECHNOLOGY,"Osmania University, Hyderabad",POST GRADUATE,COMPUTER SCIENCE ENGINEERING,18,1
2270,1-9320515361,DECCAN GROUP OF INSTITUTIONS,Telangana,HYDERABAD,Private-Self Financing,PHARMACY,"Osmania University, Hyderabad",POST GRADUATE,PHARMACEUTICS,18,1
2271,1-9320515361,DECCAN GROUP OF INSTITUTIONS,Telangana,HYDERABAD,Private-Self Financing,PHARMACY,"Osmania University, Hyderabad",POST GRADUATE,PHARMACEUTICAL ANALYSIS,18,1
2272,1-9320515361,DECCAN GROUP OF INSTITUTIONS,Telangana,HYDERABAD,Private-Self Financing,PHARMACY,"Osmania University, Hyderabad",UNDER GRADUATE,PHARMACY,100,5
2273,1-9320515361,DECCAN GROUP OF INSTITUTIONS,Telangana,HYDERABAD,Private-Self Financing,PHARMACY,"Osmania University, Hyderabad",POST GRADUATE,PHARM.D.,30,2
2274,1-9320515361,DECCAN GROUP OF INSTITUTIONS,Telangana,HYDERABAD,Private-Self Financing,PHARMACY,"Osmania University, Hyderabad",POST GRADUATE,PHARM.D. POST BACCALAUREATE,10,1
2275,1-9318990222,G.NARAYANAMMA INSTITUTE OF TECHNOLOGY SCIENCE FOR WOMEN,Telangana,HYDERABAD,Private-Self Financing,ENGINEERING AND TECHNOLOGY,"Jawaharlal Nehru Technological University, Hyderabad",UNDER GRADUATE,COMPUTER SCIENCE AND ENGINEERING,180,9
2276,1-9318990222,G.NARAYANAMMA INSTITUTE OF TECHNOLOGY SCIENCE FOR WOMEN,Telangana,HYDERABAD,Private-Self Financing,ENGINEERING AND TECHNOLOGY,"Jawaharlal Nehru Technological University, Hyderabad",UNDER GRADUATE,ELECTRICAL AND ELECTRONICS ENGINEERING,120,6
2277,1-9318990222,G.NARAYANAMMA INSTITUTE OF TECHNOLOGY SCIENCE FOR WOMEN,Telangana,HYDERABAD,Private-Self Financing,ENGINEERING AND TECHNOLOGY,"Jawaharlal Nehru Technological University, Hyderabad",UNDER GRADUATE,ELECTRONICS COMMUNICATION ENGG,180,9
2278,1-9318990222,G.NARAYANAMMA INSTITUTE OF TECHNOLOGY SCIENCE FOR WOMEN,Telangana,HYDERABAD,Private-Self Financing,ENGINEERING AND TECHNOLOGY,"Jawaharlal Nehru Technological University, Hyderabad",UNDER GRADUATE,INFORMATION TECHNOLOGY,120,6
2279,1-9318990222,G.NARAYANAMMA INSTITUTE OF TECHNOLOGY SCIENCE FOR WOMEN,Telangana,HYDERABAD,Private-Self Financing,ENGINEERING AND TECHNOLOGY,"Jawaharlal Nehru Technological University, Hyderabad",UNDER GRADUATE,ELECTRONICS AND TELEMATICS ENGINEERING,60,3
2280,1-9318990222,G.NARAYANAMMA INSTITUTE OF TECHNOLOGY SCIENCE FOR WOMEN,Telangana,HYDERABAD,Private-Self Financing,ENGINEERING AND TECHNOLOGY,"Jawaharlal Nehru Technological University, Hyderabad",POST GRADUATE,COMPUTER SCIENCE AND ENGINEERING,18,1
2281,1-9318990222,G.NARAYANAMMA INSTITUTE OF TECHNOLOGY SCIENCE FOR WOMEN,Telangana,HYDERABAD,Private-Self Financing,ENGINEERING AND TECHNOLOGY,"Jawaharlal Nehru Technological University, Hyderabad",POST GRADUATE,POWER ELECTRONICS AND ELECTRICAL DRIVES,18,1
2282,1-9318990222,G.NARAYANAMMA INSTITUTE OF TECHNOLOGY SCIENCE FOR WOMEN,Telangana,HYDERABAD,Private-Self Financing,ENGINEERING AND TECHNOLOGY,"Jawaharlal Nehru Technological University, Hyderabad",POST GRADUATE,DIGITAL ELECTRONICS AND COMMUNICATION ENGINEERING,18,1
2283,1-9318990222,G.NARAYANAMMA INSTITUTE OF TECHNOLOGY SCIENCE FOR WOMEN,Telangana,HYDERABAD,Private-Self Financing,ENGINEERING AND TECHNOLOGY,"Jawaharlal Nehru Technological University, Hyderabad",POST GRADUATE,WIRELESS AND MOBILE COMMUNICATIONS,18,1
2284,1-9318990222,G.NARAYANAMMA INSTITUTE OF TECHNOLOGY SCIENCE FOR WOMEN,Telangana,HYDERABAD,Private-Self Financing,ENGINEERING AND TECHNOLOGY,"Jawaharlal Nehru Technological University, Hyderabad",POST GRADUATE,COMPUTER NETWORKS AND INFORMATION SECURITY,18,1
2285,1-9318990222,G.NARAYANAMMA INSTITUTE OF TECHNOLOGY SCIENCE FOR WOMEN,Telangana,HYDERABAD,Private-Self Financing,ENGINEERING AND TECHNOLOGY,"Jawaharlal Nehru Technological University, Hyderabad",UNDER GRADUATE,COMPUTER SCIENCE AND TECHNOLOGY,60,3
2286,1-9318990222,G.NARAYANAMMA INSTITUTE OF TECHNOLOGY SCIENCE FOR WOMEN,Telangana,HYDERABAD,Private-Self Financing,ENGINEERING AND TECHNOLOGY,"Jawaharlal Nehru Technological University, Hyderabad",UNDER GRADUATE,COMPUTER SCIENCE AND ENGINEERING DATA SCIENCE,60,3
2287,1-9318990222,G.NARAYANAMMA INSTITUTE OF TECHNOLOGY SCIENCE FOR WOMEN,Telangana,HYDERABAD,Private-Self Financing,ENGINEERING AND TECHNOLOGY,"Jawaharlal Nehru Technological University, Hyderabad",UNDER GRADUATE,COMPUTER SCIENCE AND ENGINEERINGARTIFICIAL INTELLIGENCE AND MACHINE LEARNING,60,3
2288,1-9318990222,G.NARAYANAMMA INSTITUTE OF TECHNOLOGY SCIENCE FOR WOMEN,Telangana,HYDERABAD,Private-Self Financing,ENGINEERING AND TECHNOLOGY,"Jawaharlal Nehru Technological University, Hyderabad",UNDER GRADUATE,COMPUTER SCIENCE ENGINEERING CYBER SECURITY,60,3
2289,1-9321555432,GANDHI INSTITUTE OF TECHNOLOGY AND MANAGEMENT GITAM OFF CAMPUS HYDERABAD,Telangana,MEDAK,Deemed to be University(Pvt),ENGINEERING AND TECHNOLOGY,"Gandhi Institute of Technology and Management (GITAM), Visakhapatnam",UNDER GRADUATE,AERO SPACE ENGINEERING,60,3
2290,1-9321555432,GANDHI INSTITUTE OF TECHNOLOGY AND MANAGEMENT GITAM OFF CAMPUS HYDERABAD,Telangana,MEDAK,Deemed to be University(Pvt),ENGINEERING AND TECHNOLOGY,"Gandhi Institute of Technology and Management (GITAM), Visakhapatnam",UNDER GRADUATE,CIVIL ENGINEERING,60,3
2291,1-9321555432,GANDHI INSTITUTE OF TECHNOLOGY AND MANAGEMENT GITAM OFF CAMPUS HYDERABAD,Telangana,MEDAK,Deemed to be University(Pvt),ENGINEERING AND TECHNOLOGY,"Gandhi Institute of Technology and Management (GITAM), Visakhapatnam",UNDER GRADUATE,COMPUTER SCIENCE AND ENGINEERING,720,36
2292,1-9321555432,GANDHI INSTITUTE OF TECHNOLOGY AND MANAGEMENT GITAM OFF CAMPUS HYDERABAD,Telangana,MEDAK,Deemed to be University(Pvt),ENGINEERING AND TECHNOLOGY,"Gandhi Institute of Technology and Management (GITAM), Visakhapatnam",UNDER GRADUATE,ELECTRONICS AND COMMUNICATIONS ENGINEERING,120,6
2293,1-9321555432,GANDHI INSTITUTE OF TECHNOLOGY AND MANAGEMENT GITAM OFF CAMPUS HYDERABAD,Telangana,MEDAK,Deemed to be University(Pvt),ENGINEERING AND TECHNOLOGY,"Gandhi Institute of Technology and Management (GITAM), Visakhapatnam",UNDER GRADUATE,ELECTRICAL AND ELECTRONICS ENGINEERING,60,3
2294,1-9321555432,GANDHI INSTITUTE OF TECHNOLOGY AND MANAGEMENT GITAM OFF CAMPUS HYDERABAD,Telangana,MEDAK,Deemed to be University(Pvt),ENGINEERING AND TECHNOLOGY,"Gandhi Institute of Technology and Management (GITAM), Visakhapatnam",UNDER GRADUATE,MECHANICAL ENGINEERING,60,3
2295,1-9321555432,GANDHI INSTITUTE OF TECHNOLOGY AND MANAGEMENT GITAM OFF CAMPUS HYDERABAD,Telangana,MEDAK,Deemed to be University(Pvt),ENGINEERING AND TECHNOLOGY,"Gandhi Institute of Technology and Management (GITAM), Visakhapatnam",POST GRADUATE,DATA SCIENCE,18,1
2296,1-9321555432,GANDHI INSTITUTE OF TECHNOLOGY AND MANAGEMENT GITAM OFF CAMPUS HYDERABAD,Telangana,MEDAK,Deemed to be University(Pvt),ENGINEERING AND TECHNOLOGY,"Gandhi Institute of Technology and Management (GITAM), Visakhapatnam",POST GRADUATE,ELECTRONICS DESIGN AND TECHNOLOGY,6,0
2297,1-9321555432,GANDHI INSTITUTE OF TECHNOLOGY AND MANAGEMENT GITAM OFF CAMPUS HYDERABAD,Telangana,MEDAK,Deemed to be University(Pvt),PLANNING,"Gandhi Institute of Technology and Management (GITAM), Visakhapatnam",UNDER GRADUATE,ARCHITECTURE,40,2
2298,1-9321555432,GANDHI INSTITUTE OF TECHNOLOGY AND MANAGEMENT GITAM OFF CAMPUS HYDERABAD,Telangana,MEDAK,Deemed to be University(Pvt),PHARMACY,"Gandhi Institute of Technology and Management (GITAM), Visakhapatnam",UNDER GRADUATE,PHARMACY,60,3
2299,1-9321555432,GANDHI INSTITUTE OF TECHNOLOGY AND MANAGEMENT GITAM OFF CAMPUS HYDERABAD,Telangana,MEDAK,Deemed to be University(Pvt),MANAGEMENT,"Gandhi Institute of Technology and Management (GITAM), Visakhapatnam",POST GRADUATE,MBA,120,6
2300,1-9321555432,GANDHI INSTITUTE OF TECHNOLOGY AND MANAGEMENT GITAM OFF CAMPUS HYDERABAD,Telangana,MEDAK,Deemed to be University(Pvt),ENGINEERING AND TECHNOLOGY,"Gandhi Institute of Technology and Management (GITAM), Visakhapatnam",POST GRADUATE,COMPUTER AIDED STRUCTURAL ANALYSIS AND DESIGN,6,0
2301,1-9321555432,GANDHI INSTITUTE OF TECHNOLOGY AND MANAGEMENT GITAM OFF CAMPUS HYDERABAD,Telangana,MEDAK,Deemed to be University(Pvt),ENGINEERING AND TECHNOLOGY,"Gandhi Institute of Technology and Management (GITAM), Visakhapatnam",POST GRADUATE,COMPUTER SCIENCE AND ENGINEERING,12,1
2302,1-9321555432,GANDHI INSTITUTE OF TECHNOLOGY AND MANAGEMENT GITAM OFF CAMPUS HYDERABAD,Telangana,MEDAK,Deemed to be University(Pvt),ENGINEERING AND TECHNOLOGY,"Gandhi Institute of Technology and Management (GITAM), Visakhapatnam",UNDER GRADUATE,COMPUTER SCIENCE AND BUSINESS SYSTEM,60,3
2303,1-9321555432,GANDHI INSTITUTE OF TECHNOLOGY AND MANAGEMENT GITAM OFF CAMPUS HYDERABAD,Telangana,MEDAK,Deemed to be University(Pvt),ENGINEERING AND TECHNOLOGY,"Gandhi Institute of Technology and Management (GITAM), Visakhapatnam",UNDER GRADUATE,COMPUTER SCIENCE AND ENGINEERING IOT,60,3
2304,1-9321555432,GANDHI INSTITUTE OF TECHNOLOGY AND MANAGEMENT GITAM OFF CAMPUS HYDERABAD,Telangana,MEDAK,Deemed to be University(Pvt),ENGINEERING AND TECHNOLOGY,"Gandhi Institute of Technology and Management (GITAM), Visakhapatnam",UNDER GRADUATE,COMPUTER SCIENCE AND ENGINEERING CYBER SECURITY,60,3
2305,1-9321555432,GANDHI INSTITUTE OF TECHNOLOGY AND MANAGEMENT GITAM OFF CAMPUS HYDERABAD,Telangana,MEDAK,Deemed to be University(Pvt),ENGINEERING AND TECHNOLOGY,"Gandhi Institute of Technology and Management (GITAM), Visakhapatnam",UNDER GRADUATE,COMPUTER SCIENCE AND ENGINEERINGARTIFICIAL INTELLIGENCE AND MACHINE LEARNING,120,6
2306,1-9321555432,GANDHI INSTITUTE OF TECHNOLOGY AND MANAGEMENT GITAM OFF CAMPUS HYDERABAD,Telangana,MEDAK,Deemed to be University(Pvt),ENGINEERING AND TECHNOLOGY,"Gandhi Institute of Technology and Management (GITAM), Visakhapatnam",UNDER GRADUATE,COMPUTER SCIENCE AND ENGINEERING DATA SCIENCE,60,3
2307,1-9321555432,GANDHI INSTITUTE OF TECHNOLOGY AND MANAGEMENT GITAM OFF CAMPUS HYDERABAD,Telangana,MEDAK,Deemed to be University(Pvt),ENGINEERING AND TECHNOLOGY,"Gandhi Institute of Technology and Management (GITAM), Visakhapatnam",POST GRADUATE,MACHINE DESIGN AND ROBOTICS,6,0
2308,1-9317653837,GOKARAJU RANGARAJU COLLEGE OF PHARMACY,Telangana,RANGAREDDI,Private-Self Financing,PHARMACY,"Osmania University, Hyderabad",POST GRADUATE,PHARMACEUTICS,15,1
2309,1-9317653837,GOKARAJU RANGARAJU COLLEGE OF PHARMACY,Telangana,RANGAREDDI,Private-Self Financing,PHARMACY,"Osmania University, Hyderabad",POST GRADUATE,PHARMACEUTICAL ANALYSIS AND QUALITY ASSURANCE,15,1
2310,1-9317653837,GOKARAJU RANGARAJU COLLEGE OF PHARMACY,Telangana,RANGAREDDI,Private-Self Financing,PHARMACY,"Osmania University, Hyderabad",UNDER GRADUATE,PHARMACY,100,5
2311,1-9317653837,GOKARAJU RANGARAJU COLLEGE OF PHARMACY,Telangana,RANGAREDDI,Private-Self Financing,PHARMACY,"Osmania University, Hyderabad",POST GRADUATE,PHARMACOLOGY,15,1
2312,1-9323006628,GOKARAJU RANGARAJU INSTITUTE OF ENGINEERING TECHNOLOGYET,Telangana,RANGAREDDI,Private-Self Financing,ENGINEERING AND TECHNOLOGY,"Jawaharlal Nehru Technological University, Hyderabad",POST GRADUATE,STRUCTURAL ENGINEERING,30,2
2313,1-9323006628,GOKARAJU RANGARAJU INSTITUTE OF ENGINEERING TECHNOLOGYET,Telangana,RANGAREDDI,Private-Self Financing,ENGINEERING AND TECHNOLOGY,"Jawaharlal Nehru Technological University, Hyderabad",UNDER GRADUATE,MECHANICAL ENGINEERING,60,3
2314,1-9323006628,GOKARAJU RANGARAJU INSTITUTE OF ENGINEERING TECHNOLOGYET,Telangana,RANGAREDDI,Private-Self Financing,ENGINEERING AND TECHNOLOGY,"Jawaharlal Nehru Technological University, Hyderabad",UNDER GRADUATE,ELECTRONICS COMMUNICATION ENGG,180,9
2315,1-9323006628,GOKARAJU RANGARAJU INSTITUTE OF ENGINEERING TECHNOLOGYET,Telangana,RANGAREDDI,Private-Self Financing,ENGINEERING AND TECHNOLOGY,"Jawaharlal Nehru Technological University, Hyderabad",UNDER GRADUATE,COMPUTER SCIENCE AND ENGINEERING,360,18
2316,1-9323006628,GOKARAJU RANGARAJU INSTITUTE OF ENGINEERING TECHNOLOGYET,Telangana,RANGAREDDI,Private-Self Financing,ENGINEERING AND TECHNOLOGY,"Jawaharlal Nehru Technological University, Hyderabad",UNDER GRADUATE,INFORMATION TECHNOLOGY,180,9
2317,1-9323006628,GOKARAJU RANGARAJU INSTITUTE OF ENGINEERING TECHNOLOGYET,Telangana,RANGAREDDI,Private-Self Financing,ENGINEERING AND TECHNOLOGY,"Jawaharlal Nehru Technological University, Hyderabad",UNDER GRADUATE,ELECTRICAL AND ELECTRONICS ENGINEERING,60,3
2318,1-9323006628,GOKARAJU RANGARAJU INSTITUTE OF ENGINEERING TECHNOLOGYET,Telangana,RANGAREDDI,Private-Self Financing,ENGINEERING AND TECHNOLOGY,"Jawaharlal Nehru Technological University, Hyderabad",UNDER GRADUATE,CIVIL ENGINEERING,60,3
2319,1-9323006628,GOKARAJU RANGARAJU INSTITUTE OF ENGINEERING TECHNOLOGYET,Telangana,RANGAREDDI,Private-Self Financing,ENGINEERING AND TECHNOLOGY,"Jawaharlal Nehru Technological University, Hyderabad",POST GRADUATE,DESIGN FOR MANUFACTURING,12,1
2320,1-9323006628,GOKARAJU RANGARAJU INSTITUTE OF ENGINEERING TECHNOLOGYET,Telangana,RANGAREDDI,Private-Self Financing,ENGINEERING AND TECHNOLOGY,"Jawaharlal Nehru Technological University, Hyderabad",POST GRADUATE,POWER ELECTRONICS,12,1
2321,1-9323006628,GOKARAJU RANGARAJU INSTITUTE OF ENGINEERING TECHNOLOGYET,Telangana,RANGAREDDI,Private-Self Financing,ENGINEERING AND TECHNOLOGY,"Jawaharlal Nehru Technological University, Hyderabad",POST GRADUATE,VLSI,12,1
2322,1-9323006628,GOKARAJU RANGARAJU INSTITUTE OF ENGINEERING TECHNOLOGYET,Telangana,RANGAREDDI,Private-Self Financing,ENGINEERING AND TECHNOLOGY,"Jawaharlal Nehru Technological University, Hyderabad",POST GRADUATE,COMPUTER SCIENCE AND ENGINEERING,12,1
2323,1-9323006628,GOKARAJU RANGARAJU INSTITUTE OF ENGINEERING TECHNOLOGYET,Telangana,RANGAREDDI,Private-Self Financing,ENGINEERING AND TECHNOLOGY,"Jawaharlal Nehru Technological University, Hyderabad",POST GRADUATE,DATA SCIENCE,12,1
2324,1-9323006628,GOKARAJU RANGARAJU INSTITUTE OF ENGINEERING TECHNOLOGYET,Telangana,RANGAREDDI,Private-Self Financing,ENGINEERING AND TECHNOLOGY,"Jawaharlal Nehru Technological University, Hyderabad",UNDER GRADUATE,COMPUTER SCIENCE AND BUSINESS SYSTEM,60,3
2325,1-9323006628,GOKARAJU RANGARAJU INSTITUTE OF ENGINEERING TECHNOLOGYET,Telangana,RANGAREDDI,Private-Self Financing,ENGINEERING AND TECHNOLOGY,"Jawaharlal Nehru Technological University, Hyderabad",UNDER GRADUATE,COMPUTER SCIENCE AND ENGINEERINGARTIFICIAL INTELLIGENCE AND MACHINE LEARNING,180,9
2326,1-9323006628,GOKARAJU RANGARAJU INSTITUTE OF ENGINEERING TECHNOLOGYET,Telangana,RANGAREDDI,Private-Self Financing,ENGINEERING AND TECHNOLOGY,"Jawaharlal Nehru Technological University, Hyderabad",UNDER GRADUATE,COMPUTER SCIENCE AND ENGINEERING DATA SCIENCE,60,3
2327,1-9322663473,GURU NANAK INSTITUTE OF TECHNOLOGY,Telangana,RANGAREDDI,Private-Self Financing,MANAGEMENT,"Jawaharlal Nehru Technological University, Hyderabad",POST GRADUATE,MBA,60,3
2328,1-9322663473,GURU NANAK INSTITUTE OF TECHNOLOGY,Telangana,RANGAREDDI,Private-Self Financing,ENGINEERING AND TECHNOLOGY,"Jawaharlal Nehru Technological University, Hyderabad",UNDER GRADUATE,MECHANICAL ENGINEERING,120,6
2329,1-9322663473,GURU NANAK INSTITUTE OF TECHNOLOGY,Telangana,RANGAREDDI,Private-Self Financing,ENGINEERING AND TECHNOLOGY,"Jawaharlal Nehru Technological University, Hyderabad",UNDER GRADUATE,ELECTRONICS AND COMMUNICATIONS ENGINEERING,120,6
2330,1-9322663473,GURU NANAK INSTITUTE OF TECHNOLOGY,Telangana,RANGAREDDI,Private-Self Financing,ENGINEERING AND TECHNOLOGY,"Jawaharlal Nehru Technological University, Hyderabad",UNDER GRADUATE,COMPUTER SCIENCE AND ENGINEERING,180,9
2331,1-9322663473,GURU NANAK INSTITUTE OF TECHNOLOGY,Telangana,RANGAREDDI,Private-Self Financing,ENGINEERING AND TECHNOLOGY,"Jawaharlal Nehru Technological University, Hyderabad",UNDER GRADUATE,INFORMATION TECHNOLOGY,60,3
2332,1-9322663473,GURU NANAK INSTITUTE OF TECHNOLOGY,Telangana,RANGAREDDI,Private-Self Financing,ENGINEERING AND TECHNOLOGY,"Jawaharlal Nehru Technological University, Hyderabad",UNDER GRADUATE,CIVIL ENGINEERING,120,6
2333,1-9322663473,GURU NANAK INSTITUTE OF TECHNOLOGY,Telangana,RANGAREDDI,Private-Self Financing,ENGINEERING AND TECHNOLOGY,"Jawaharlal Nehru Technological University, Hyderabad",UNDER GRADUATE,ELECTRICAL AND ELECTRONICS ENGINEERING,60,3
2334,1-9322663473,GURU NANAK INSTITUTE OF TECHNOLOGY,Telangana,RANGAREDDI,Private-Self Financing,ENGINEERING AND TECHNOLOGY,"Jawaharlal Nehru Technological University, Hyderabad",POST GRADUATE,COMPUTER SCIENCE ENGINEERING,18,1
2335,1-9322663473,GURU NANAK INSTITUTE OF TECHNOLOGY,Telangana,RANGAREDDI,Private-Self Financing,ENGINEERING AND TECHNOLOGY,"Jawaharlal Nehru Technological University, Hyderabad",POST GRADUATE,EMBEDDED SYSTEMS,9,0
2336,1-9322663473,GURU NANAK INSTITUTE OF TECHNOLOGY,Telangana,RANGAREDDI,Private-Self Financing,ENGINEERING AND TECHNOLOGY,"Jawaharlal Nehru Technological University, Hyderabad",UNDER GRADUATE,COMPUTER SCIENCE AND ENGINEERINGARTIFICIAL INTELLIGENCE AND MACHINE LEARNING,60,3
2337,1-9322663473,GURU NANAK INSTITUTE OF TECHNOLOGY,Telangana,RANGAREDDI,Private-Self Financing,ENGINEERING AND TECHNOLOGY,"Jawaharlal Nehru Technological University, Hyderabad",UNDER GRADUATE,COMPUTER SCIENCE AND ENGINEERING CYBER SECURITY,60,3
2338,1-9322663473,GURU NANAK INSTITUTE OF TECHNOLOGY,Telangana,RANGAREDDI,Private-Self Financing,ENGINEERING AND TECHNOLOGY,"Jawaharlal Nehru Technological University, Hyderabad",UNDER GRADUATE,ARTIFICIAL INTELLIGENCE AND DATA SCIENCE,60,3
2339,1-9323214733,GURU NANAK INSTITUTIONS TECHNICAL CAMPUS,Telangana,RANGAREDDI,Private-Self Financing,MANAGEMENT,"Jawaharlal Nehru Technological University, Hyderabad",POST GRADUATE,MBA,120,6
2340,1-9323214733,GURU NANAK INSTITUTIONS TECHNICAL CAMPUS,Telangana,RANGAREDDI,Private-Self Financing,ENGINEERING AND TECHNOLOGY,"Jawaharlal Nehru Technological University, Hyderabad",UNDER GRADUATE,CIVIL ENGINEERING,180,9
2341,1-9323214733,GURU NANAK INSTITUTIONS TECHNICAL CAMPUS,Telangana,RANGAREDDI,Private-Self Financing,ENGINEERING AND TECHNOLOGY,"Jawaharlal Nehru Technological University, Hyderabad",UNDER GRADUATE,COMPUTER SCIENCE ENGINEERING,180,9
2342,1-9323214733,GURU NANAK INSTITUTIONS TECHNICAL CAMPUS,Telangana,RANGAREDDI,Private-Self Financing,ENGINEERING AND TECHNOLOGY,"Jawaharlal Nehru Technological University, Hyderabad",UNDER GRADUATE,ELECTRICAL AND ELECTRONICS ENGINEERING,120,6
2343,1-9323214733,GURU NANAK INSTITUTIONS TECHNICAL CAMPUS,Telangana,RANGAREDDI,Private-Self Financing,ENGINEERING AND TECHNOLOGY,"Jawaharlal Nehru Technological University, Hyderabad",POST GRADUATE,COMPUTER SCIENCE ENGINEERING,18,1
2344,1-9323214733,GURU NANAK INSTITUTIONS TECHNICAL CAMPUS,Telangana,RANGAREDDI,Private-Self Financing,ENGINEERING AND TECHNOLOGY,"Jawaharlal Nehru Technological University, Hyderabad",UNDER GRADUATE,INFORMATION TECHNOLOGY,60,3
2345,1-9323214733,GURU NANAK INSTITUTIONS TECHNICAL CAMPUS,Telangana,RANGAREDDI,Private-Self Financing,ENGINEERING AND TECHNOLOGY,"Jawaharlal Nehru Technological University, Hyderabad",UNDER GRADUATE,MECHANICAL ENGINEERING,180,9
2346,1-9323214733,GURU NANAK INSTITUTIONS TECHNICAL CAMPUS,Telangana,RANGAREDDI,Private-Self Financing,PHARMACY,"Jawaharlal Nehru Technological University, Hyderabad",POST GRADUATE,PHARMACEUTICS,18,1
2347,1-9323214733,GURU NANAK INSTITUTIONS TECHNICAL CAMPUS,Telangana,RANGAREDDI,Private-Self Financing,PHARMACY,"Jawaharlal Nehru Technological University, Hyderabad",UNDER GRADUATE,PHARMACY,100,5
2348,1-9323214733,GURU NANAK INSTITUTIONS TECHNICAL CAMPUS,Telangana,RANGAREDDI,Private-Self Financing,ENGINEERING AND TECHNOLOGY,"Jawaharlal Nehru Technological University, Hyderabad",UNDER GRADUATE,COMPUTER SCIENCE AND ENGINEERING,120,6
2349,1-9323214733,GURU NANAK INSTITUTIONS TECHNICAL CAMPUS,Telangana,RANGAREDDI,Private-Self Financing,ENGINEERING AND TECHNOLOGY,"Jawaharlal Nehru Technological University, Hyderabad",UNDER GRADUATE,ELECTRONICS AND COMMUNICATIONS ENGINEERING,300,15
2350,1-9323214733,GURU NANAK INSTITUTIONS TECHNICAL CAMPUS,Telangana,RANGAREDDI,Private-Self Financing,ENGINEERING AND TECHNOLOGY,"Jawaharlal Nehru Technological University, Hyderabad",POST GRADUATE,THERMAL ENGINEERING,18,1
2351,1-9323214733,GURU NANAK INSTITUTIONS TECHNICAL CAMPUS,Telangana,RANGAREDDI,Private-Self Financing,PHARMACY,"Jawaharlal Nehru Technological University, Hyderabad",POST GRADUATE,PHARM.D.,30,2
2352,1-9323214733,GURU NANAK INSTITUTIONS TECHNICAL CAMPUS,Telangana,RANGAREDDI,Private-Self Financing,PHARMACY,"Jawaharlal Nehru Technological University, Hyderabad",POST GRADUATE,PHARM.D. POST BACCALAUREATE,10,1
2353,1-9323214733,GURU NANAK INSTITUTIONS TECHNICAL CAMPUS,Telangana,RANGAREDDI,Private-Self Financing,ENGINEERING AND TECHNOLOGY,"Jawaharlal Nehru Technological University, Hyderabad",POST GRADUATE,STRUCTURAL ENGINEERING,6,0
2354,1-9323214733,GURU NANAK INSTITUTIONS TECHNICAL CAMPUS,Telangana,RANGAREDDI,Private-Self Financing,ENGINEERING AND TECHNOLOGY,"Jawaharlal Nehru Technological University, Hyderabad",POST GRADUATE,ELECTRONICS AND COMMUNICATIONS ENGINEERING,6,0
2355,1-9323214733,GURU NANAK INSTITUTIONS TECHNICAL CAMPUS,Telangana,RANGAREDDI,Private-Self Financing,ENGINEERING AND TECHNOLOGY,"Jawaharlal Nehru Technological University, Hyderabad",UNDER GRADUATE,COMPUTER SCIENCE AND ENGINEERING DATA SCIENCE,60,3
2356,1-9323214733,GURU NANAK INSTITUTIONS TECHNICAL CAMPUS,Telangana,RANGAREDDI,Private-Self Financing,ENGINEERING AND TECHNOLOGY,"Jawaharlal Nehru Technological University, Hyderabad",UNDER GRADUATE,COMPUTER SCIENCE AND ENGINEERING CYBER SECURITY,60,3
2357,1-9323214733,GURU NANAK INSTITUTIONS TECHNICAL CAMPUS,Telangana,RANGAREDDI,Private-Self Financing,ENGINEERING AND TECHNOLOGY,"Jawaharlal Nehru Technological University, Hyderabad",UNDER GRADUATE,COMPUTER SCIENCE AND ENGINEERING IOT,60,3
2358,1-9323214733,GURU NANAK INSTITUTIONS TECHNICAL CAMPUS,Telangana,RANGAREDDI,Private-Self Financing,ENGINEERING AND TECHNOLOGY,"Jawaharlal Nehru Technological University, Hyderabad",UNDER GRADUATE,COMPUTER SCIENCE AND ENGINEERINGARTIFICIAL INTELLIGENCE AND MACHINE LEARNING,60,3
2359,1-9322551405,INSTITUTE OF AERONAUTICAL ENGINEERING,Telangana,RANGAREDDI,Private-Self Financing,ENGINEERING AND TECHNOLOGY,"Jawaharlal Nehru Technological University, Hyderabad",UNDER GRADUATE,AERONAUTICAL ENGINEERING,120,6
2360,1-9322551405,INSTITUTE OF AERONAUTICAL ENGINEERING,Telangana,RANGAREDDI,Private-Self Financing,ENGINEERING AND TECHNOLOGY,"Jawaharlal Nehru Technological University, Hyderabad",UNDER GRADUATE,COMPUTER SCIENCE AND ENGINEERING,240,12
2361,1-9322551405,INSTITUTE OF AERONAUTICAL ENGINEERING,Telangana,RANGAREDDI,Private-Self Financing,ENGINEERING AND TECHNOLOGY,"Jawaharlal Nehru Technological University, Hyderabad",UNDER GRADUATE,INFORMATION TECHNOLOGY,120,6
2362,1-9322551405,INSTITUTE OF AERONAUTICAL ENGINEERING,Telangana,RANGAREDDI,Private-Self Financing,ENGINEERING AND TECHNOLOGY,"Jawaharlal Nehru Technological University, Hyderabad",UNDER GRADUATE,MECHANICAL ENGINEERING,60,3
2363,1-9322551405,INSTITUTE OF AERONAUTICAL ENGINEERING,Telangana,RANGAREDDI,Private-Self Financing,ENGINEERING AND TECHNOLOGY,"Jawaharlal Nehru Technological University, Hyderabad",UNDER GRADUATE,ELECTRONICS COMMUNICATION ENGG,240,12
2364,1-9322551405,INSTITUTE OF AERONAUTICAL ENGINEERING,Telangana,RANGAREDDI,Private-Self Financing,ENGINEERING AND TECHNOLOGY,"Jawaharlal Nehru Technological University, Hyderabad",UNDER GRADUATE,ELECTRICAL AND ELECTRONICS ENGINEERING,60,3
2365,1-9322551405,INSTITUTE OF AERONAUTICAL ENGINEERING,Telangana,RANGAREDDI,Private-Self Financing,ENGINEERING AND TECHNOLOGY,"Jawaharlal Nehru Technological University, Hyderabad",UNDER GRADUATE,CIVIL ENGINEERING,60,3
2366,1-9322551405,INSTITUTE OF AERONAUTICAL ENGINEERING,Telangana,RANGAREDDI,Private-Self Financing,ENGINEERING AND TECHNOLOGY,"Jawaharlal Nehru Technological University, Hyderabad",UNDER GRADUATE,COMPUTER SCIENCE ENGINEERING ARTIFICIAL INTELLIGENCE AND MACHINE LEARNING,180,9
2367,1-9322551405,INSTITUTE OF AERONAUTICAL ENGINEERING,Telangana,RANGAREDDI,Private-Self Financing,ENGINEERING AND TECHNOLOGY,"Jawaharlal Nehru Technological University, Hyderabad",UNDER GRADUATE,COMPUTER SCIENCE AND ENGINEERING DATA SCIENCE,180,9
2368,1-9322551405,INSTITUTE OF AERONAUTICAL ENGINEERING,Telangana,RANGAREDDI,Private-Self Financing,ENGINEERING AND TECHNOLOGY,"Jawaharlal Nehru Technological University, Hyderabad",UNDER GRADUATE,COMPUTER SCIENCE AND INFORMATION TECHNOLOGY,60,3
2369,1-9322551405,INSTITUTE OF AERONAUTICAL ENGINEERING,Telangana,RANGAREDDI,Private-Self Financing,ENGINEERING AND TECHNOLOGY,"Jawaharlal Nehru Technological University, Hyderabad",UNDER GRADUATE,COMPUTER SCIENCE AND ENGINEERING CYBER SECURITY,60,3
2370,1-9321645096,ISL ENGINEERING COLLEGE,Telangana,HYDERABAD,Private-Self Financing,ENGINEERING AND TECHNOLOGY,"Osmania University, Hyderabad",UNDER GRADUATE,MECHANICAL ENGINEERING,60,3
2371,1-9321645096,ISL ENGINEERING COLLEGE,Telangana,HYDERABAD,Private-Self Financing,ENGINEERING AND TECHNOLOGY,"Osmania University, Hyderabad",UNDER GRADUATE,ELECTRONICS COMMUNICATION ENGG,30,2
2372,1-9321645096,ISL ENGINEERING COLLEGE,Telangana,HYDERABAD,Private-Self Financing,ENGINEERING AND TECHNOLOGY,"Osmania University, Hyderabad",UNDER GRADUATE,COMPUTER SCIENCE ENGINEERING,180,9
2373,1-9321645096,ISL ENGINEERING COLLEGE,Telangana,HYDERABAD,Private-Self Financing,ENGINEERING AND TECHNOLOGY,"Osmania University, Hyderabad",UNDER GRADUATE,INFORMATION TECHNOLOGY,90,5
2374,1-9321645096,ISL ENGINEERING COLLEGE,Telangana,HYDERABAD,Private-Self Financing,ENGINEERING AND TECHNOLOGY,"Osmania University, Hyderabad",UNDER GRADUATE,CIVIL ENGINEERING,120,6
2375,1-9321645096,ISL ENGINEERING COLLEGE,Telangana,HYDERABAD,Private-Self Financing,MANAGEMENT,"Osmania University, Hyderabad",POST GRADUATE,MBA,120,6
2376,1-9321645096,ISL ENGINEERING COLLEGE,Telangana,HYDERABAD,Private-Self Financing,ENGINEERING AND TECHNOLOGY,"Osmania University, Hyderabad",UNDER GRADUATE,ARTIFICIAL INTELLIGENCE AI AND DATA SCIENCE,60,3
2377,1-9323256670,JB INSTITUTE OF ENGINEERING AND TECHNOLOGY,Telangana,HYDERABAD,Private-Self Financing,ENGINEERING AND TECHNOLOGY,"Jawaharlal Nehru Technological University, Hyderabad",UNDER GRADUATE,ELECTRONICS AND COMMUNICATIONS ENGINEERING,120,6
2378,1-9323256670,JB INSTITUTE OF ENGINEERING AND TECHNOLOGY,Telangana,HYDERABAD,Private-Self Financing,ENGINEERING AND TECHNOLOGY,"Jawaharlal Nehru Technological University, Hyderabad",UNDER GRADUATE,MECHANICAL ENGINEERING,60,3
2379,1-9323256670,JB INSTITUTE OF ENGINEERING AND TECHNOLOGY,Telangana,HYDERABAD,Private-Self Financing,ENGINEERING AND TECHNOLOGY,"Jawaharlal Nehru Technological University, Hyderabad",UNDER GRADUATE,CIVIL ENGINEERING,60,3
2380,1-9323256670,JB INSTITUTE OF ENGINEERING AND TECHNOLOGY,Telangana,HYDERABAD,Private-Self Financing,ENGINEERING AND TECHNOLOGY,"Jawaharlal Nehru Technological University, Hyderabad",UNDER GRADUATE,INFORMATION TECHNOLOGY,60,3
2381,1-9323256670,JB INSTITUTE OF ENGINEERING AND TECHNOLOGY,Telangana,HYDERABAD,Private-Self Financing,ENGINEERING AND TECHNOLOGY,"Jawaharlal Nehru Technological University, Hyderabad",UNDER GRADUATE,COMPUTER SCIENCE AND ENGINEERING,120,6
2382,1-9323256670,JB INSTITUTE OF ENGINEERING AND TECHNOLOGY,Telangana,HYDERABAD,Private-Self Financing,ENGINEERING AND TECHNOLOGY,"Jawaharlal Nehru Technological University, Hyderabad",UNDER GRADUATE,ELECTRICAL AND ELECTRONICS ENGINEERING,120,6
2383,1-9323256670,JB INSTITUTE OF ENGINEERING AND TECHNOLOGY,Telangana,HYDERABAD,Private-Self Financing,ENGINEERING AND TECHNOLOGY,"Jawaharlal Nehru Technological University, Hyderabad",UNDER GRADUATE,MINING ENGINEERING,60,3
2384,1-9323256670,JB INSTITUTE OF ENGINEERING AND TECHNOLOGY,Telangana,HYDERABAD,Private-Self Financing,ENGINEERING AND TECHNOLOGY,"Jawaharlal Nehru Technological University, Hyderabad",UNDER GRADUATE,ELECTRONICS AND COMPUTER ENGINEERING,60,3
2385,1-9323256670,JB INSTITUTE OF ENGINEERING AND TECHNOLOGY,Telangana,HYDERABAD,Private-Self Financing,ENGINEERING AND TECHNOLOGY,"Jawaharlal Nehru Technological University, Hyderabad",UNDER GRADUATE,ARTIFICIAL INTELLIGENCE AND DATA SCIENCE,60,3
2386,1-9323256670,JB INSTITUTE OF ENGINEERING AND TECHNOLOGY,Telangana,HYDERABAD,Private-Self Financing,ENGINEERING AND TECHNOLOGY,"Jawaharlal Nehru Technological University, Hyderabad",UNDER GRADUATE,ARTIFICIAL INTELLIGENCE AND MACHINE LEARNING,120,6
2387,1-9322645332,JNTUH COLLEGE OF ENGINEERING HYDERABAD,Telangana,RANGAREDDI,Government,ENGINEERING AND TECHNOLOGY,"Jawaharlal Nehru Technological University, Hyderabad",UNDER GRADUATE,ELECTRICAL AND ELECTRONICS ENGINEERING,60,3
2388,1-9322645332,JNTUH COLLEGE OF ENGINEERING HYDERABAD,Telangana,RANGAREDDI,Government,ENGINEERING AND TECHNOLOGY,"Jawaharlal Nehru Technological University, Hyderabad",POST GRADUATE,ELECTRICAL POWER ENGINEERING,48,2
2389,1-9322645332,JNTUH COLLEGE OF ENGINEERING HYDERABAD,Telangana,RANGAREDDI,Government,ENGINEERING AND TECHNOLOGY,"Jawaharlal Nehru Technological University, Hyderabad",POST GRADUATE,POWER ELECTRONICS,18,1
2390,1-9322645332,JNTUH COLLEGE OF ENGINEERING HYDERABAD,Telangana,RANGAREDDI,Government,ENGINEERING AND TECHNOLOGY,"Jawaharlal Nehru Technological University, Hyderabad",UNDER GRADUATE,ELECTRONICS COMMUNICATION ENGG,60,3
2391,1-9322645332,JNTUH COLLEGE OF ENGINEERING HYDERABAD,Telangana,RANGAREDDI,Government,ENGINEERING AND TECHNOLOGY,"Jawaharlal Nehru Technological University, Hyderabad",POST GRADUATE,DIGITAL SYSTEMS AND COMPUTER ELECTRONICS,18,1
2392,1-9322645332,JNTUH COLLEGE OF ENGINEERING HYDERABAD,Telangana,RANGAREDDI,Government,ENGINEERING AND TECHNOLOGY,"Jawaharlal Nehru Technological University, Hyderabad",POST GRADUATE,SYSTEMS AND SIGNAL PROCESSING,48,2
2393,1-9322645332,JNTUH COLLEGE OF ENGINEERING HYDERABAD,Telangana,RANGAREDDI,Government,ENGINEERING AND TECHNOLOGY,"Jawaharlal Nehru Technological University, Hyderabad",POST GRADUATE,EMBEDDED SYSTEMS,18,1
2394,1-9322645332,JNTUH COLLEGE OF ENGINEERING HYDERABAD,Telangana,RANGAREDDI,Government,ENGINEERING AND TECHNOLOGY,"Jawaharlal Nehru Technological University, Hyderabad",UNDER GRADUATE,METALLURGICAL ENGINEERING,60,3
2395,1-9322645332,JNTUH COLLEGE OF ENGINEERING HYDERABAD,Telangana,RANGAREDDI,Government,ENGINEERING AND TECHNOLOGY,"Jawaharlal Nehru Technological University, Hyderabad",UNDER GRADUATE,CIVIL ENGINEERING,60,3
2396,1-9322645332,JNTUH COLLEGE OF ENGINEERING HYDERABAD,Telangana,RANGAREDDI,Government,ENGINEERING AND TECHNOLOGY,"Jawaharlal Nehru Technological University, Hyderabad",POST GRADUATE,STRUCTURAL ENGINEERING,48,2
2397,1-9322645332,JNTUH COLLEGE OF ENGINEERING HYDERABAD,Telangana,RANGAREDDI,Government,ENGINEERING AND TECHNOLOGY,"Jawaharlal Nehru Technological University, Hyderabad",POST GRADUATE,GEOTECHNICAL ENGINEERING,18,1
2398,1-9322645332,JNTUH COLLEGE OF ENGINEERING HYDERABAD,Telangana,RANGAREDDI,Government,ENGINEERING AND TECHNOLOGY,"Jawaharlal Nehru Technological University, Hyderabad",POST GRADUATE,TRANSPORTATION ENGINEERING,18,1
2399,1-9322645332,JNTUH COLLEGE OF ENGINEERING HYDERABAD,Telangana,RANGAREDDI,Government,ENGINEERING AND TECHNOLOGY,"Jawaharlal Nehru Technological University, Hyderabad",UNDER GRADUATE,COMPUTER SCIENCE ENGINEERING,60,3
2400,1-9322645332,JNTUH COLLEGE OF ENGINEERING HYDERABAD,Telangana,RANGAREDDI,Government,ENGINEERING AND TECHNOLOGY,"Jawaharlal Nehru Technological University, Hyderabad",POST GRADUATE,COMPUTER SCIENCE,48,2
2401,1-9322645332,JNTUH COLLEGE OF ENGINEERING HYDERABAD,Telangana,RANGAREDDI,Government,ENGINEERING AND TECHNOLOGY,"Jawaharlal Nehru Technological University, Hyderabad",POST GRADUATE,CYBER FORENSICS AND INFORMATION SECURITY,18,1
2402,1-9322645332,JNTUH COLLEGE OF ENGINEERING HYDERABAD,Telangana,RANGAREDDI,Government,ENGINEERING AND TECHNOLOGY,"Jawaharlal Nehru Technological University, Hyderabad",UNDER GRADUATE,MECHANICAL ENGINEERING,60,3
2403,1-9322645332,JNTUH COLLEGE OF ENGINEERING HYDERABAD,Telangana,RANGAREDDI,Government,ENGINEERING AND TECHNOLOGY,"Jawaharlal Nehru Technological University, Hyderabad",POST GRADUATE,ADVANCED MANUFACTURING SYSTEMS,48,2
2404,1-9322645332,JNTUH COLLEGE OF ENGINEERING HYDERABAD,Telangana,RANGAREDDI,Government,ENGINEERING AND TECHNOLOGY,"Jawaharlal Nehru Technological University, Hyderabad",POST GRADUATE,ENERGY SYSTEMS,18,1
2405,1-9322645332,JNTUH COLLEGE OF ENGINEERING HYDERABAD,Telangana,RANGAREDDI,Government,ENGINEERING AND TECHNOLOGY,"Jawaharlal Nehru Technological University, Hyderabad",POST GRADUATE,THERMAL ENGINEERING,18,1
2406,1-9322645332,JNTUH COLLEGE OF ENGINEERING HYDERABAD,Telangana,RANGAREDDI,Government,ENGINEERING AND TECHNOLOGY,"Jawaharlal Nehru Technological University, Hyderabad",POST GRADUATE,ENGINEERING DESIGN,18,1
2407,1-9322645332,JNTUH COLLEGE OF ENGINEERING HYDERABAD,Telangana,RANGAREDDI,Government,ENGINEERING AND TECHNOLOGY,"Jawaharlal Nehru Technological University, Hyderabad",POST GRADUATE,MECHATRONICS,30,2
2408,1-9322645332,JNTUH COLLEGE OF ENGINEERING HYDERABAD,Telangana,RANGAREDDI,Government,ENGINEERING AND TECHNOLOGY,"Jawaharlal Nehru Technological University, Hyderabad",POST GRADUATE,METALLURGY,18,1
2409,1-9322645332,JNTUH COLLEGE OF ENGINEERING HYDERABAD,Telangana,RANGAREDDI,Government,ENGINEERING AND TECHNOLOGY,"Jawaharlal Nehru Technological University, Hyderabad",UNDER GRADUATE,CHEMICAL ENGINEERING,60,3
2410,1-9322075717,KESHAV MEMORIAL INSTITUTE OF TECHNOLOGY,Telangana,HYDERABAD,Private-Self Financing,ENGINEERING AND TECHNOLOGY,"Jawaharlal Nehru Technological University, Hyderabad",UNDER GRADUATE,COMPUTER SCIENCE AND ENGINEERING,420,21
2411,1-9322075717,KESHAV MEMORIAL INSTITUTE OF TECHNOLOGY,Telangana,HYDERABAD,Private-Self Financing,ENGINEERING AND TECHNOLOGY,"Jawaharlal Nehru Technological University, Hyderabad",UNDER GRADUATE,INFORMATION TECHNOLOGY,120,6
2412,1-9322075717,KESHAV MEMORIAL INSTITUTE OF TECHNOLOGY,Telangana,HYDERABAD,Private-Self Financing,ENGINEERING AND TECHNOLOGY,"Jawaharlal Nehru Technological University, Hyderabad",UNDER GRADUATE,COMPUTER SCIENCE AND ENGINEERINGARTIFICIAL INTELLIGENCE AND MACHINE LEARNING,180,9
2413,1-9322075717,KESHAV MEMORIAL INSTITUTE OF TECHNOLOGY,Telangana,HYDERABAD,Private-Self Financing,ENGINEERING AND TECHNOLOGY,"Jawaharlal Nehru Technological University, Hyderabad",UNDER GRADUATE,COMPUTER SCIENCE AND ENGINEERING DATA SCIENCE,60,3
2414,1-9323197798,LORDS INSTITUTE OF ENGINEERING AND TECHNOLOGY,Telangana,HYDERABAD,Private-Self Financing,ENGINEERING AND TECHNOLOGY,"Osmania University, Hyderabad",UNDER GRADUATE,CIVIL ENGINEERING,180,9
2415,1-9323197798,LORDS INSTITUTE OF ENGINEERING AND TECHNOLOGY,Telangana,HYDERABAD,Private-Self Financing,ENGINEERING AND TECHNOLOGY,"Osmania University, Hyderabad",UNDER GRADUATE,ELECTRICAL AND ELECTRONICS ENGINEERING,60,3
2416,1-9323197798,LORDS INSTITUTE OF ENGINEERING AND TECHNOLOGY,Telangana,HYDERABAD,Private-Self Financing,ENGINEERING AND TECHNOLOGY,"Osmania University, Hyderabad",UNDER GRADUATE,MECHANICAL ENGINEERING,120,6
2417,1-9323197798,LORDS INSTITUTE OF ENGINEERING AND TECHNOLOGY,Telangana,HYDERABAD,Private-Self Financing,ENGINEERING AND TECHNOLOGY,"Osmania University, Hyderabad",UNDER GRADUATE,ELECTRONICS AND COMMUNICATIONS ENGINEERING,120,6
2418,1-9323197798,LORDS INSTITUTE OF ENGINEERING AND TECHNOLOGY,Telangana,HYDERABAD,Private-Self Financing,ENGINEERING AND TECHNOLOGY,"Osmania University, Hyderabad",UNDER GRADUATE,COMPUTER SCIENCE AND ENGINEERING,180,9
2419,1-9323197798,LORDS INSTITUTE OF ENGINEERING AND TECHNOLOGY,Telangana,HYDERABAD,Private-Self Financing,ENGINEERING AND TECHNOLOGY,"Osmania University, Hyderabad",UNDER GRADUATE,INFORMATION TECHNOLOGY,180,9
2420,1-9323197798,LORDS INSTITUTE OF ENGINEERING AND TECHNOLOGY,Telangana,HYDERABAD,Private-Self Financing,ENGINEERING AND TECHNOLOGY,"Osmania University, Hyderabad",UNDER GRADUATE,COMPUTER SCIENCE AND ENGINEERINGARTIFICIAL INTELLIGENCE AND MACHINE LEARNING,120,6
2421,1-9323197798,LORDS INSTITUTE OF ENGINEERING AND TECHNOLOGY,Telangana,HYDERABAD,Private-Self Financing,ENGINEERING AND TECHNOLOGY,"Osmania University, Hyderabad",UNDER GRADUATE,COMPUTER SCIENCE AND ENGINEERING DATA SCIENCE,60,3
2422,1-9323197798,LORDS INSTITUTE OF ENGINEERING AND TECHNOLOGY,Telangana,HYDERABAD,Private-Self Financing,ENGINEERING AND TECHNOLOGY,"Osmania University, Hyderabad",UNDER GRADUATE,ARTIFICIAL INTELLIGENCE AND MACHINE LEARNING,60,3
2423,1-9322683383,MAHATMA GANDHI INSTITUTE OF TECHNOLOGY,Telangana,RANGAREDDI,Private-Self Financing,ENGINEERING AND TECHNOLOGY,"Jawaharlal Nehru Technological University, Hyderabad",UNDER GRADUATE,METALLURGICAL AND MATERIALS ENGINEERING,60,3
2424,1-9322683383,MAHATMA GANDHI INSTITUTE OF TECHNOLOGY,Telangana,RANGAREDDI,Private-Self Financing,ENGINEERING AND TECHNOLOGY,"Jawaharlal Nehru Technological University, Hyderabad",UNDER GRADUATE,CIVIL ENGINEERING,60,3
2425,1-9322683383,MAHATMA GANDHI INSTITUTE OF TECHNOLOGY,Telangana,RANGAREDDI,Private-Self Financing,ENGINEERING AND TECHNOLOGY,"Jawaharlal Nehru Technological University, Hyderabad",UNDER GRADUATE,ELECTRICAL AND ELECTRONICS ENGINEERING,60,3
2426,1-9322683383,MAHATMA GANDHI INSTITUTE OF TECHNOLOGY,Telangana,RANGAREDDI,Private-Self Financing,ENGINEERING AND TECHNOLOGY,"Jawaharlal Nehru Technological University, Hyderabad",UNDER GRADUATE,COMPUTER SCIENCE AND ENGINEERING,180,9
2427,1-9322683383,MAHATMA GANDHI INSTITUTE OF TECHNOLOGY,Telangana,RANGAREDDI,Private-Self Financing,ENGINEERING AND TECHNOLOGY,"Jawaharlal Nehru Technological University, Hyderabad",UNDER GRADUATE,ELECTRONICS COMMUNICATION ENGG,180,9
2428,1-9322683383,MAHATMA GANDHI INSTITUTE OF TECHNOLOGY,Telangana,RANGAREDDI,Private-Self Financing,ENGINEERING AND TECHNOLOGY,"Jawaharlal Nehru Technological University, Hyderabad",UNDER GRADUATE,MECHATRONICS,60,3
2429,1-9322683383,MAHATMA GANDHI INSTITUTE OF TECHNOLOGY,Telangana,RANGAREDDI,Private-Self Financing,ENGINEERING AND TECHNOLOGY,"Jawaharlal Nehru Technological University, Hyderabad",UNDER GRADUATE,INFORMATION TECHNOLOGY,60,3
2430,1-9322683383,MAHATMA GANDHI INSTITUTE OF TECHNOLOGY,Telangana,RANGAREDDI,Private-Self Financing,ENGINEERING AND TECHNOLOGY,"Jawaharlal Nehru Technological University, Hyderabad",UNDER GRADUATE,MECHANICAL ENGINEERING,60,3
2431,1-9322683383,MAHATMA GANDHI INSTITUTE OF TECHNOLOGY,Telangana,RANGAREDDI,Private-Self Financing,ENGINEERING AND TECHNOLOGY,"Jawaharlal Nehru Technological University, Hyderabad",UNDER GRADUATE,COMPUTER SCIENCE AND BUSINESS SYSTEM,60,3
2432,1-9322683383,MAHATMA GANDHI INSTITUTE OF TECHNOLOGY,Telangana,RANGAREDDI,Private-Self Financing,ENGINEERING AND TECHNOLOGY,"Jawaharlal Nehru Technological University, Hyderabad",UNDER GRADUATE,COMPUTER SCIENCE AND ENGINEERINGARTIFICIAL INTELLIGENCE AND MACHINE LEARNING,60,3
2433,1-9322683383,MAHATMA GANDHI INSTITUTE OF TECHNOLOGY,Telangana,RANGAREDDI,Private-Self Financing,ENGINEERING AND TECHNOLOGY,"Jawaharlal Nehru Technological University, Hyderabad",UNDER GRADUATE,COMPUTER SCIENCE AND ENGINEERING DATA SCIENCE,60,3
2434,1-9319797908,MARRI LAXMAN REDDY INSTITUTE OF TECHNOLOGY AND MANAGEMENT,Telangana,RANGAREDDI,Private-Self Financing,ENGINEERING AND TECHNOLOGY,"Jawaharlal Nehru Technological University, Hyderabad",UNDER GRADUATE,COMPUTER SCIENCE ENGINEERING,180,9
2435,1-9319797908,MARRI LAXMAN REDDY INSTITUTE OF TECHNOLOGY AND MANAGEMENT,Telangana,RANGAREDDI,Private-Self Financing,ENGINEERING AND TECHNOLOGY,"Jawaharlal Nehru Technological University, Hyderabad",UNDER GRADUATE,ELECTRONICS COMMUNICATION ENGG,180,9
2436,1-9319797908,MARRI LAXMAN REDDY INSTITUTE OF TECHNOLOGY AND MANAGEMENT,Telangana,RANGAREDDI,Private-Self Financing,ENGINEERING AND TECHNOLOGY,"Jawaharlal Nehru Technological University, Hyderabad",UNDER GRADUATE,MECHANICAL ENGINEERING,60,3
2437,1-9319797908,MARRI LAXMAN REDDY INSTITUTE OF TECHNOLOGY AND MANAGEMENT,Telangana,RANGAREDDI,Private-Self Financing,MANAGEMENT,"Jawaharlal Nehru Technological University, Hyderabad",POST GRADUATE,MBA,120,6
2438,1-9319797908,MARRI LAXMAN REDDY INSTITUTE OF TECHNOLOGY AND MANAGEMENT,Telangana,RANGAREDDI,Private-Self Financing,ENGINEERING AND TECHNOLOGY,"Jawaharlal Nehru Technological University, Hyderabad",UNDER GRADUATE,CIVIL ENGINEERING,60,3
2439,1-9319797908,MARRI LAXMAN REDDY INSTITUTE OF TECHNOLOGY AND MANAGEMENT,Telangana,RANGAREDDI,Private-Self Financing,ENGINEERING AND TECHNOLOGY,"Jawaharlal Nehru Technological University, Hyderabad",UNDER GRADUATE,INFORMATION TECHNOLOGY,60,3
2440,1-9319797908,MARRI LAXMAN REDDY INSTITUTE OF TECHNOLOGY AND MANAGEMENT,Telangana,RANGAREDDI,Private-Self Financing,ENGINEERING AND TECHNOLOGY,"Jawaharlal Nehru Technological University, Hyderabad",UNDER GRADUATE,ELECTRICAL AND ELECTRONICS ENGINEERING,60,3
2441,1-9319797908,MARRI LAXMAN REDDY INSTITUTE OF TECHNOLOGY AND MANAGEMENT,Telangana,RANGAREDDI,Private-Self Financing,ENGINEERING AND TECHNOLOGY,"Jawaharlal Nehru Technological University, Hyderabad",UNDER GRADUATE,COMPUTER SCIENCE AND INFORMATION TECHNOLOGY,60,3
2442,1-9319797908,MARRI LAXMAN REDDY INSTITUTE OF TECHNOLOGY AND MANAGEMENT,Telangana,RANGAREDDI,Private-Self Financing,ENGINEERING AND TECHNOLOGY,"Jawaharlal Nehru Technological University, Hyderabad",UNDER GRADUATE,COMPUTER SCIENCE AND ENGINEERING DATA SCIENCE,180,9
2443,1-9319797908,MARRI LAXMAN REDDY INSTITUTE OF TECHNOLOGY AND MANAGEMENT,Telangana,RANGAREDDI,Private-Self Financing,ENGINEERING AND TECHNOLOGY,"Jawaharlal Nehru Technological University, Hyderabad",UNDER GRADUATE,COMPUTER SCIENCE AND ENGINEERINGARTIFICIAL INTELLIGENCE AND MACHINE LEARNING,180,9
2444,1-9319797908,MARRI LAXMAN REDDY INSTITUTE OF TECHNOLOGY AND MANAGEMENT,Telangana,RANGAREDDI,Private-Self Financing,ENGINEERING AND TECHNOLOGY,"Jawaharlal Nehru Technological University, Hyderabad",UNDER GRADUATE,COMPUTER SCIENCE AND ENGINEERING CYBER SECURITY,60,3
2445,1-9322525169,MATRUSRI ENGINEERING COLLEGE,Telangana,HYDERABAD,Private-Self Financing,ENGINEERING AND TECHNOLOGY,"Osmania University, Hyderabad",UNDER GRADUATE,MECHANICAL ENGINEERING,60,3
2446,1-9322525169,MATRUSRI ENGINEERING COLLEGE,Telangana,HYDERABAD,Private-Self Financing,ENGINEERING AND TECHNOLOGY,"Osmania University, Hyderabad",UNDER GRADUATE,ELECTRONICS COMMUNICATION ENGG,120,6
2447,1-9322525169,MATRUSRI ENGINEERING COLLEGE,Telangana,HYDERABAD,Private-Self Financing,ENGINEERING AND TECHNOLOGY,"Osmania University, Hyderabad",UNDER GRADUATE,ELECTRICAL AND ELECTRONICS ENGINEERING,60,3
2448,1-9322525169,MATRUSRI ENGINEERING COLLEGE,Telangana,HYDERABAD,Private-Self Financing,ENGINEERING AND TECHNOLOGY,"Osmania University, Hyderabad",UNDER GRADUATE,COMPUTER SCIENCE AND ENGINEERING,180,9
2449,1-9322525169,MATRUSRI ENGINEERING COLLEGE,Telangana,HYDERABAD,Private-Self Financing,ENGINEERING AND TECHNOLOGY,"Osmania University, Hyderabad",UNDER GRADUATE,CIVIL ENGINEERING,120,6
2450,1-9322525169,MATRUSRI ENGINEERING COLLEGE,Telangana,HYDERABAD,Private-Self Financing,ENGINEERING AND TECHNOLOGY,"Osmania University, Hyderabad",UNDER GRADUATE,INFORMATION TECHNOLOGY,60,3
2451,1-9322129728,MATURI VENKATA SUBBA RAO ENGINEERING COLLEGE,Telangana,RANGAREDDI,Private-Self Financing,ENGINEERING AND TECHNOLOGY,"Osmania University, Hyderabad",UNDER GRADUATE,CIVIL ENGINEERING,120,6
2452,1-9322129728,MATURI VENKATA SUBBA RAO ENGINEERING COLLEGE,Telangana,RANGAREDDI,Private-Self Financing,ENGINEERING AND TECHNOLOGY,"Osmania University, Hyderabad",UNDER GRADUATE,ELECTRONICS COMMUNICATION ENGG,180,9
2453,1-9322129728,MATURI VENKATA SUBBA RAO ENGINEERING COLLEGE,Telangana,RANGAREDDI,Private-Self Financing,ENGINEERING AND TECHNOLOGY,"Osmania University, Hyderabad",UNDER GRADUATE,ELECTRICAL AND ELECTRONICS ENGINEERING,120,6
2454,1-9322129728,MATURI VENKATA SUBBA RAO ENGINEERING COLLEGE,Telangana,RANGAREDDI,Private-Self Financing,ENGINEERING AND TECHNOLOGY,"Osmania University, Hyderabad",UNDER GRADUATE,INFORMATION TECHNOLOGY,180,9
2455,1-9322129728,MATURI VENKATA SUBBA RAO ENGINEERING COLLEGE,Telangana,RANGAREDDI,Private-Self Financing,ENGINEERING AND TECHNOLOGY,"Osmania University, Hyderabad",UNDER GRADUATE,MECHANICAL ENGINEERING,120,6
2456,1-9322129728,MATURI VENKATA SUBBA RAO ENGINEERING COLLEGE,Telangana,RANGAREDDI,Private-Self Financing,ENGINEERING AND TECHNOLOGY,"Osmania University, Hyderabad",UNDER GRADUATE,AUTOMOBILE ENGINEERING,60,3
2457,1-9322129728,MATURI VENKATA SUBBA RAO ENGINEERING COLLEGE,Telangana,RANGAREDDI,Private-Self Financing,ENGINEERING AND TECHNOLOGY,"Osmania University, Hyderabad",UNDER GRADUATE,COMPUTER SCIENCE ENGINEERING,180,9
2458,1-9320498906,METHODIST COLLEGE OF ENGINEERING TECHNOLOGY,Telangana,HYDERABAD,Private-Self Financing,ENGINEERING AND TECHNOLOGY,"Osmania University, Hyderabad",UNDER GRADUATE,ELECTRICAL AND ELECTRONICS ENGINEERING,60,3
2459,1-9320498906,METHODIST COLLEGE OF ENGINEERING TECHNOLOGY,Telangana,HYDERABAD,Private-Self Financing,ENGINEERING AND TECHNOLOGY,"Osmania University, Hyderabad",UNDER GRADUATE,ELECTRONICS COMMUNICATION ENGG,120,6
2460,1-9320498906,METHODIST COLLEGE OF ENGINEERING TECHNOLOGY,Telangana,HYDERABAD,Private-Self Financing,ENGINEERING AND TECHNOLOGY,"Osmania University, Hyderabad",UNDER GRADUATE,COMPUTER SCIENCE AND ENGINEERING,120,6
2461,1-9320498906,METHODIST COLLEGE OF ENGINEERING TECHNOLOGY,Telangana,HYDERABAD,Private-Self Financing,ENGINEERING AND TECHNOLOGY,"Osmania University, Hyderabad",UNDER GRADUATE,MECHANICAL ENGINEERING,60,3
2462,1-9320498906,METHODIST COLLEGE OF ENGINEERING TECHNOLOGY,Telangana,HYDERABAD,Private-Self Financing,ENGINEERING AND TECHNOLOGY,"Osmania University, Hyderabad",UNDER GRADUATE,CIVIL ENGINEERING,60,3
2463,1-9320498906,METHODIST COLLEGE OF ENGINEERING TECHNOLOGY,Telangana,HYDERABAD,Private-Self Financing,ENGINEERING AND TECHNOLOGY,"Osmania University, Hyderabad",UNDER GRADUATE,ARTIFICIAL INTELLIGENCE AND DATA SCIENCE,120,6
2464,1-9323305469,MLR INSTITUTE OF TECHNOLOGY,Telangana,RANGAREDDI,Private-Self Financing,ENGINEERING AND TECHNOLOGY,"Jawaharlal Nehru Technological University, Hyderabad",UNDER GRADUATE,INFORMATION TECHNOLOGY,180,9
2465,1-9323305469,MLR INSTITUTE OF TECHNOLOGY,Telangana,RANGAREDDI,Private-Self Financing,ENGINEERING AND TECHNOLOGY,"Jawaharlal Nehru Technological University, Hyderabad",UNDER GRADUATE,ELECTRONICS AND COMMUNICATIONS ENGINEERING,240,12
2466,1-9323305469,MLR INSTITUTE OF TECHNOLOGY,Telangana,RANGAREDDI,Private-Self Financing,ENGINEERING AND TECHNOLOGY,"Jawaharlal Nehru Technological University, Hyderabad",UNDER GRADUATE,COMPUTER SCIENCE ENGINEERING,240,12
2467,1-9323305469,MLR INSTITUTE OF TECHNOLOGY,Telangana,RANGAREDDI,Private-Self Financing,ENGINEERING AND TECHNOLOGY,"Jawaharlal Nehru Technological University, Hyderabad",UNDER GRADUATE,AERONAUTICAL ENGINEERING,60,3
2468,1-9323305469,MLR INSTITUTE OF TECHNOLOGY,Telangana,RANGAREDDI,Private-Self Financing,ENGINEERING AND TECHNOLOGY,"Jawaharlal Nehru Technological University, Hyderabad",UNDER GRADUATE,MECHANICAL ENGINEERING,60,3
2469,1-9323305469,MLR INSTITUTE OF TECHNOLOGY,Telangana,RANGAREDDI,Private-Self Financing,ENGINEERING AND TECHNOLOGY,"Jawaharlal Nehru Technological University, Hyderabad",UNDER GRADUATE,ELECTRICAL AND ELECTRONICS ENGINEERING,60,3
2470,1-9323305469,MLR INSTITUTE OF TECHNOLOGY,Telangana,RANGAREDDI,Private-Self Financing,ENGINEERING AND TECHNOLOGY,"Jawaharlal Nehru Technological University, Hyderabad",UNDER GRADUATE,COMPUTER SCIENCE ENGINEERING ARTIFICIAL INTELLIGENCE AND MACHINE LEARNING,180,9
2471,1-9323305469,MLR INSTITUTE OF TECHNOLOGY,Telangana,RANGAREDDI,Private-Self Financing,ENGINEERING AND TECHNOLOGY,"Jawaharlal Nehru Technological University, Hyderabad",UNDER GRADUATE,COMPUTER SCIENCE AND ENGINEERING DATA SCIENCE,60,3
2472,1-9323305469,MLR INSTITUTE OF TECHNOLOGY,Telangana,RANGAREDDI,Private-Self Financing,ENGINEERING AND TECHNOLOGY,"Jawaharlal Nehru Technological University, Hyderabad",UNDER GRADUATE,COMPUTER SCIENCE AND ENGINEERING CYBER SECURITY,120,6
2473,1-9323305469,MLR INSTITUTE OF TECHNOLOGY,Telangana,RANGAREDDI,Private-Self Financing,ENGINEERING AND TECHNOLOGY,"Jawaharlal Nehru Technological University, Hyderabad",UNDER GRADUATE,COMPUTER SCIENCE AND INFORMATION TECHNOLOGY,60,3
2474,1-9320528501,MUFFAKHAM JAH COLLEGE OF ENGINEERING AND TECHNOLOGY,Telangana,HYDERABAD,Private-Self Financing,ENGINEERING AND TECHNOLOGY,"Osmania University, Hyderabad",UNDER GRADUATE,COMPUTER SCIENCE AND ENGINEERING,120,6
2475,1-9320528501,MUFFAKHAM JAH COLLEGE OF ENGINEERING AND TECHNOLOGY,Telangana,HYDERABAD,Private-Self Financing,ENGINEERING AND TECHNOLOGY,"Osmania University, Hyderabad",UNDER GRADUATE,CIVIL ENGINEERING,120,6
2476,1-9320528501,MUFFAKHAM JAH COLLEGE OF ENGINEERING AND TECHNOLOGY,Telangana,HYDERABAD,Private-Self Financing,ENGINEERING AND TECHNOLOGY,"Osmania University, Hyderabad",UNDER GRADUATE,ELECTRICAL AND ELECTRONICS ENGINEERING,60,3
2477,1-9320528501,MUFFAKHAM JAH COLLEGE OF ENGINEERING AND TECHNOLOGY,Telangana,HYDERABAD,Private-Self Financing,ENGINEERING AND TECHNOLOGY,"Osmania University, Hyderabad",UNDER GRADUATE,ELECTRONICS COMMUNICATION ENGG,120,6
2478,1-9320528501,MUFFAKHAM JAH COLLEGE OF ENGINEERING AND TECHNOLOGY,Telangana,HYDERABAD,Private-Self Financing,ENGINEERING AND TECHNOLOGY,"Osmania University, Hyderabad",UNDER GRADUATE,INFORMATION TECHNOLOGY,120,6
2479,1-9320528501,MUFFAKHAM JAH COLLEGE OF ENGINEERING AND TECHNOLOGY,Telangana,HYDERABAD,Private-Self Financing,ENGINEERING AND TECHNOLOGY,"Osmania University, Hyderabad",UNDER GRADUATE,MECHANICAL ENGINEERING,120,6
2480,1-9320528501,MUFFAKHAM JAH COLLEGE OF ENGINEERING AND TECHNOLOGY,Telangana,HYDERABAD,Private-Self Financing,ENGINEERING AND TECHNOLOGY,"Osmania University, Hyderabad",POST GRADUATE,STRUCTURAL ENGINEERING,18,1
2481,1-9320528501,MUFFAKHAM JAH COLLEGE OF ENGINEERING AND TECHNOLOGY,Telangana,HYDERABAD,Private-Self Financing,ENGINEERING AND TECHNOLOGY,"Osmania University, Hyderabad",POST GRADUATE,DIGITAL SYSTEMS,24,1
2482,1-9320528501,MUFFAKHAM JAH COLLEGE OF ENGINEERING AND TECHNOLOGY,Telangana,HYDERABAD,Private-Self Financing,ENGINEERING AND TECHNOLOGY,"Osmania University, Hyderabad",POST GRADUATE,CAD CAM,18,1
2483,1-9320528501,MUFFAKHAM JAH COLLEGE OF ENGINEERING AND TECHNOLOGY,Telangana,HYDERABAD,Private-Self Financing,ENGINEERING AND TECHNOLOGY,"Osmania University, Hyderabad",POST GRADUATE,COMPUTER SCIENCE ENGINEERING,24,1
2484,1-9320528501,MUFFAKHAM JAH COLLEGE OF ENGINEERING AND TECHNOLOGY,Telangana,HYDERABAD,Private-Self Financing,ENGINEERING AND TECHNOLOGY,"Osmania University, Hyderabad",POST GRADUATE,POWER ELECTRONICS AND SYSTEMS,18,1
2485,1-9320528501,MUFFAKHAM JAH COLLEGE OF ENGINEERING AND TECHNOLOGY,Telangana,HYDERABAD,Private-Self Financing,ENGINEERING AND TECHNOLOGY,"Osmania University, Hyderabad",UNDER GRADUATE,ARTIFICIAL INTELLIGENCE AND DATA SCIENCE,60,3
2486,1-9320528501,MUFFAKHAM JAH COLLEGE OF ENGINEERING AND TECHNOLOGY,Telangana,HYDERABAD,Private-Self Financing,ENGINEERING AND TECHNOLOGY,"Osmania University, Hyderabad",UNDER GRADUATE,ARTIFICIAL INTELLIGENCE AND MACHINE LEARNING,60,3
2487,1-9317771854,NEIL GOGTE INSTITUTE OF TECHNOLOGY,Telangana,RANGAREDDI,Private-Self Financing,ENGINEERING AND TECHNOLOGY,"Osmania University, Hyderabad",UNDER GRADUATE,COMPUTER SCIENCE ENGINEERING,180,9
2488,1-9317771854,NEIL GOGTE INSTITUTE OF TECHNOLOGY,Telangana,RANGAREDDI,Private-Self Financing,ENGINEERING AND TECHNOLOGY,"Osmania University, Hyderabad",UNDER GRADUATE,COMPUTER SCIENCE AND ENGINEERINGARTIFICIAL INTELLIGENCE AND MACHINE LEARNING,120,6
2489,1-9322740740,SHADAN COLLEGE OF ENGINEERING TECHNOLOGY,Telangana,RANGAREDDI,Private-Self Financing,ENGINEERING AND TECHNOLOGY,"Jawaharlal Nehru Technological University, Hyderabad",UNDER GRADUATE,COMPUTER SCIENCE ENGINEERING,180,9
2490,1-9322740740,SHADAN COLLEGE OF ENGINEERING TECHNOLOGY,Telangana,RANGAREDDI,Private-Self Financing,ENGINEERING AND TECHNOLOGY,"Jawaharlal Nehru Technological University, Hyderabad",POST GRADUATE,COMPUTER SCIENCE ENGINEERING,24,1
2491,1-9322740740,SHADAN COLLEGE OF ENGINEERING TECHNOLOGY,Telangana,RANGAREDDI,Private-Self Financing,ENGINEERING AND TECHNOLOGY,"Jawaharlal Nehru Technological University, Hyderabad",POST GRADUATE,COMPUTER NETWORKS AND INFORMATION SECURITY,18,1
2492,1-9322740740,SHADAN COLLEGE OF ENGINEERING TECHNOLOGY,Telangana,RANGAREDDI,Private-Self Financing,ENGINEERING AND TECHNOLOGY,"Jawaharlal Nehru Technological University, Hyderabad",UNDER GRADUATE,INFORMATION TECHNOLOGY,60,3
2493,1-9322740740,SHADAN COLLEGE OF ENGINEERING TECHNOLOGY,Telangana,RANGAREDDI,Private-Self Financing,ENGINEERING AND TECHNOLOGY,"Jawaharlal Nehru Technological University, Hyderabad",UNDER GRADUATE,MECHANICAL ENGINEERING,60,3
2494,1-9322740740,SHADAN COLLEGE OF ENGINEERING TECHNOLOGY,Telangana,RANGAREDDI,Private-Self Financing,ENGINEERING AND TECHNOLOGY,"Jawaharlal Nehru Technological University, Hyderabad",UNDER GRADUATE,ELECTRICAL AND ELECTRONICS ENGINEERING,60,3
2495,1-9322740740,SHADAN COLLEGE OF ENGINEERING TECHNOLOGY,Telangana,RANGAREDDI,Private-Self Financing,ENGINEERING AND TECHNOLOGY,"Jawaharlal Nehru Technological University, Hyderabad",UNDER GRADUATE,ELECTRONICS COMMUNICATION ENGG,60,3
2496,1-9322740740,SHADAN COLLEGE OF ENGINEERING TECHNOLOGY,Telangana,RANGAREDDI,Private-Self Financing,ENGINEERING AND TECHNOLOGY,"Jawaharlal Nehru Technological University, Hyderabad",POST GRADUATE,VLSI,18,1
2497,1-9322740740,SHADAN COLLEGE OF ENGINEERING TECHNOLOGY,Telangana,RANGAREDDI,Private-Self Financing,ENGINEERING AND TECHNOLOGY,"Jawaharlal Nehru Technological University, Hyderabad",POST GRADUATE,EMBEDDED SYSTEMS,18,1
2498,1-9322740740,SHADAN COLLEGE OF ENGINEERING TECHNOLOGY,Telangana,RANGAREDDI,Private-Self Financing,MANAGEMENT,"Jawaharlal Nehru Technological University, Hyderabad",POST GRADUATE,MBA,60,3
2499,1-9322740740,SHADAN COLLEGE OF ENGINEERING TECHNOLOGY,Telangana,RANGAREDDI,Private-Self Financing,ENGINEERING AND TECHNOLOGY,"Jawaharlal Nehru Technological University, Hyderabad",UNDER GRADUATE,CIVIL ENGINEERING,60,3
2500,1-9322740740,SHADAN COLLEGE OF ENGINEERING TECHNOLOGY,Telangana,RANGAREDDI,Private-Self Financing,ENGINEERING AND TECHNOLOGY,"Jawaharlal Nehru Technological University, Hyderabad",POST GRADUATE,CAD CAM,18,1
2501,1-9322740740,SHADAN COLLEGE OF ENGINEERING TECHNOLOGY,Telangana,RANGAREDDI,Private-Self Financing,ENGINEERING AND TECHNOLOGY,"Jawaharlal Nehru Technological University, Hyderabad",POST GRADUATE,COMPUTER SCIENCE,18,1
2502,1-9322740740,SHADAN COLLEGE OF ENGINEERING TECHNOLOGY,Telangana,RANGAREDDI,Private-Self Financing,ENGINEERING AND TECHNOLOGY,"Jawaharlal Nehru Technological University, Hyderabad",UNDER GRADUATE,ARTIFICIAL INTELLIGENCE AI AND DATA SCIENCE,60,3
2503,1-9322740740,SHADAN COLLEGE OF ENGINEERING TECHNOLOGY,Telangana,RANGAREDDI,Private-Self Financing,ENGINEERING AND TECHNOLOGY,"Jawaharlal Nehru Technological University, Hyderabad",UNDER GRADUATE,ARTIFICIAL INTELLIGENCE AND MACHINE LEARNING,60,3
2504,1-9322740740,SHADAN COLLEGE OF ENGINEERING TECHNOLOGY,Telangana,RANGAREDDI,Private-Self Financing,ENGINEERING AND TECHNOLOGY,"Jawaharlal Nehru Technological University, Hyderabad",POST GRADUATE,ARTIFICIAL INTELLIGENCE AND DATA SCIENCE,18,1
2505,1-9319526464,SHADAN WOMENS COLLEGE OF ENGINEERING TECHNOLOGY,Telangana,HYDERABAD,Private-Self Financing,ENGINEERING AND TECHNOLOGY,"Jawaharlal Nehru Technological University, Hyderabad",UNDER GRADUATE,COMPUTER SCIENCE AND ENGINEERING,180,9
2506,1-9319526464,SHADAN WOMENS COLLEGE OF ENGINEERING TECHNOLOGY,Telangana,HYDERABAD,Private-Self Financing,ENGINEERING AND TECHNOLOGY,"Jawaharlal Nehru Technological University, Hyderabad",UNDER GRADUATE,INFORMATION TECHNOLOGY,120,6
2507,1-9319526464,SHADAN WOMENS COLLEGE OF ENGINEERING TECHNOLOGY,Telangana,HYDERABAD,Private-Self Financing,ENGINEERING AND TECHNOLOGY,"Jawaharlal Nehru Technological University, Hyderabad",UNDER GRADUATE,ELECTRICAL AND ELECTRONICS ENGINEERING,60,3
2508,1-9319526464,SHADAN WOMENS COLLEGE OF ENGINEERING TECHNOLOGY,Telangana,HYDERABAD,Private-Self Financing,ENGINEERING AND TECHNOLOGY,"Jawaharlal Nehru Technological University, Hyderabad",UNDER GRADUATE,ELECTRONICS AND COMMUNICATIONS ENGINEERING,60,3
2509,1-9319526464,SHADAN WOMENS COLLEGE OF ENGINEERING TECHNOLOGY,Telangana,HYDERABAD,Private-Self Financing,MANAGEMENT,"Jawaharlal Nehru Technological University, Hyderabad",POST GRADUATE,MBA,60,3
2510,1-9319526464,SHADAN WOMENS COLLEGE OF ENGINEERING TECHNOLOGY,Telangana,HYDERABAD,Private-Self Financing,ENGINEERING AND TECHNOLOGY,"Jawaharlal Nehru Technological University, Hyderabad",POST GRADUATE,DIGITAL SYSTEMS AND COMPUTER ELECTRONICS,24,1
2511,1-9319526464,SHADAN WOMENS COLLEGE OF ENGINEERING TECHNOLOGY,Telangana,HYDERABAD,Private-Self Financing,ENGINEERING AND TECHNOLOGY,"Jawaharlal Nehru Technological University, Hyderabad",POST GRADUATE,VLSI,18,1
2512,1-9319526464,SHADAN WOMENS COLLEGE OF ENGINEERING TECHNOLOGY,Telangana,HYDERABAD,Private-Self Financing,ENGINEERING AND TECHNOLOGY,"Jawaharlal Nehru Technological University, Hyderabad",POST GRADUATE,COMPUTER SCIENCE AND ENGINEERING,24,1
2513,1-9319526464,SHADAN WOMENS COLLEGE OF ENGINEERING TECHNOLOGY,Telangana,HYDERABAD,Private-Self Financing,ENGINEERING AND TECHNOLOGY,"Jawaharlal Nehru Technological University, Hyderabad",POST GRADUATE,COMPUTER SCIENCE,18,1
2514,1-9319526464,SHADAN WOMENS COLLEGE OF ENGINEERING TECHNOLOGY,Telangana,HYDERABAD,Private-Self Financing,ENGINEERING AND TECHNOLOGY,"Jawaharlal Nehru Technological University, Hyderabad",UNDER GRADUATE,ARTIFICIAL INTELLIGENCE AI AND DATA SCIENCE,60,3
2515,1-9322508400,SREE DATTHA INSTITUTE OF ENGINEERING AND SCIENCE,Telangana,RANGAREDDI,Private-Self Financing,ENGINEERING AND TECHNOLOGY,"Jawaharlal Nehru Technological University, Hyderabad",UNDER GRADUATE,CIVIL ENGINEERING,120,6
2516,1-9322508400,SREE DATTHA INSTITUTE OF ENGINEERING AND SCIENCE,Telangana,RANGAREDDI,Private-Self Financing,ENGINEERING AND TECHNOLOGY,"Jawaharlal Nehru Technological University, Hyderabad",UNDER GRADUATE,COMPUTER SCIENCE AND ENGINEERING,240,12
2517,1-9322508400,SREE DATTHA INSTITUTE OF ENGINEERING AND SCIENCE,Telangana,RANGAREDDI,Private-Self Financing,ENGINEERING AND TECHNOLOGY,"Jawaharlal Nehru Technological University, Hyderabad",UNDER GRADUATE,ELECTRONICS AND COMMUNICATIONS ENGINEERING,120,6
2518,1-9322508400,SREE DATTHA INSTITUTE OF ENGINEERING AND SCIENCE,Telangana,RANGAREDDI,Private-Self Financing,ENGINEERING AND TECHNOLOGY,"Jawaharlal Nehru Technological University, Hyderabad",UNDER GRADUATE,MECHANICAL ENGINEERING,60,3
2519,1-9322508400,SREE DATTHA INSTITUTE OF ENGINEERING AND SCIENCE,Telangana,RANGAREDDI,Private-Self Financing,ENGINEERING AND TECHNOLOGY,"Jawaharlal Nehru Technological University, Hyderabad",UNDER GRADUATE,ELECTRICAL AND ELECTRONICS ENGINEERING,120,6
2520,1-9317654028,SREE DATTHA INSTITUTE OF PHARMACY,Telangana,RANGAREDDI,Private-Self Financing,PHARMACY,"Jawaharlal Nehru Technological University, Hyderabad",UNDER GRADUATE,PHARMACY,100,5
2521,1-9317740091,SREENIDHI INSTITUTE OF SCIENCE TECHNOLOGY,Telangana,RANGAREDDI,Private-Self Financing,ENGINEERING AND TECHNOLOGY,"Jawaharlal Nehru Technological University, Hyderabad",POST GRADUATE,COMPUTER SCIENCE ENGINEERING,18,1
2522,1-9317740091,SREENIDHI INSTITUTE OF SCIENCE TECHNOLOGY,Telangana,RANGAREDDI,Private-Self Financing,ENGINEERING AND TECHNOLOGY,"Jawaharlal Nehru Technological University, Hyderabad",UNDER GRADUATE,MECHANICAL ENGINEERING,180,9
2523,1-9317740091,SREENIDHI INSTITUTE OF SCIENCE TECHNOLOGY,Telangana,RANGAREDDI,Private-Self Financing,ENGINEERING AND TECHNOLOGY,"Jawaharlal Nehru Technological University, Hyderabad",UNDER GRADUATE,ELECTRICAL AND ELECTRONICS ENGINEERING,120,6
2524,1-9317740091,SREENIDHI INSTITUTE OF SCIENCE TECHNOLOGY,Telangana,RANGAREDDI,Private-Self Financing,ENGINEERING AND TECHNOLOGY,"Jawaharlal Nehru Technological University, Hyderabad",UNDER GRADUATE,ELECTRONICS COMMUNICATION ENGG,420,21
2525,1-9317740091,SREENIDHI INSTITUTE OF SCIENCE TECHNOLOGY,Telangana,RANGAREDDI,Private-Self Financing,ENGINEERING AND TECHNOLOGY,"Jawaharlal Nehru Technological University, Hyderabad",UNDER GRADUATE,COMPUTER SCIENCE ENGINEERING,300,15
2526,1-9317740091,SREENIDHI INSTITUTE OF SCIENCE TECHNOLOGY,Telangana,RANGAREDDI,Private-Self Financing,ENGINEERING AND TECHNOLOGY,"Jawaharlal Nehru Technological University, Hyderabad",UNDER GRADUATE,INFORMATION TECHNOLOGY,240,12
2527,1-9317740091,SREENIDHI INSTITUTE OF SCIENCE TECHNOLOGY,Telangana,RANGAREDDI,Private-Self Financing,ENGINEERING AND TECHNOLOGY,"Jawaharlal Nehru Technological University, Hyderabad",UNDER GRADUATE,ELECTRONICS AND COMPUTER ENGINEERING,120,6
2528,1-9317740091,SREENIDHI INSTITUTE OF SCIENCE TECHNOLOGY,Telangana,RANGAREDDI,Private-Self Financing,ENGINEERING AND TECHNOLOGY,"Jawaharlal Nehru Technological University, Hyderabad",POST GRADUATE,ELECTRICAL POWER ENGINEERING,18,1
2529,1-9317740091,SREENIDHI INSTITUTE OF SCIENCE TECHNOLOGY,Telangana,RANGAREDDI,Private-Self Financing,ENGINEERING AND TECHNOLOGY,"Jawaharlal Nehru Technological University, Hyderabad",POST GRADUATE,CADCAM,18,1
2530,1-9317740091,SREENIDHI INSTITUTE OF SCIENCE TECHNOLOGY,Telangana,RANGAREDDI,Private-Self Financing,ENGINEERING AND TECHNOLOGY,"Jawaharlal Nehru Technological University, Hyderabad",POST GRADUATE,DIGITAL SYSTEMS AND COMPUTER ELECTRONICS,18,1
2531,1-9317740091,SREENIDHI INSTITUTE OF SCIENCE TECHNOLOGY,Telangana,RANGAREDDI,Private-Self Financing,MANAGEMENT,"Jawaharlal Nehru Technological University, Hyderabad",POST GRADUATE,MBA,60,3
2532,1-9317740091,SREENIDHI INSTITUTE OF SCIENCE TECHNOLOGY,Telangana,RANGAREDDI,Private-Self Financing,ENGINEERING AND TECHNOLOGY,"Jawaharlal Nehru Technological University, Hyderabad",POST GRADUATE,COMPUTER NETWORKS AND INFORMATION SECURITY,18,1
2533,1-9317740091,SREENIDHI INSTITUTE OF SCIENCE TECHNOLOGY,Telangana,RANGAREDDI,Private-Self Financing,ENGINEERING AND TECHNOLOGY,"Jawaharlal Nehru Technological University, Hyderabad",UNDER GRADUATE,CIVIL ENGINEERING,60,3
2534,1-9317740091,SREENIDHI INSTITUTE OF SCIENCE TECHNOLOGY,Telangana,RANGAREDDI,Private-Self Financing,ENGINEERING AND TECHNOLOGY,"Jawaharlal Nehru Technological University, Hyderabad",POST GRADUATE,THERMAL ENGINEERING,18,1
2535,1-9322426694,SREYAS INSTITUTE OF ENGINEERING AND TECHNOLOGY,Telangana,RANGAREDDI,Private-Self Financing,ENGINEERING AND TECHNOLOGY,"Jawaharlal Nehru Technological University, Hyderabad",UNDER GRADUATE,CIVIL ENGINEERING,60,3
2536,1-9322426694,SREYAS INSTITUTE OF ENGINEERING AND TECHNOLOGY,Telangana,RANGAREDDI,Private-Self Financing,ENGINEERING AND TECHNOLOGY,"Jawaharlal Nehru Technological University, Hyderabad",UNDER GRADUATE,ELECTRONICS COMMUNICATION ENGG,120,6
2537,1-9322426694,SREYAS INSTITUTE OF ENGINEERING AND TECHNOLOGY,Telangana,RANGAREDDI,Private-Self Financing,ENGINEERING AND TECHNOLOGY,"Jawaharlal Nehru Technological University, Hyderabad",UNDER GRADUATE,COMPUTER SCIENCE AND ENGINEERING,240,12
2538,1-9322426694,SREYAS INSTITUTE OF ENGINEERING AND TECHNOLOGY,Telangana,RANGAREDDI,Private-Self Financing,ENGINEERING AND TECHNOLOGY,"Jawaharlal Nehru Technological University, Hyderabad",UNDER GRADUATE,MECHANICAL ENGINEERING,60,3
2539,1-9322426694,SREYAS INSTITUTE OF ENGINEERING AND TECHNOLOGY,Telangana,RANGAREDDI,Private-Self Financing,ENGINEERING AND TECHNOLOGY,"Jawaharlal Nehru Technological University, Hyderabad",UNDER GRADUATE,COMPUTER SCIENCE AND ENGINEERINGARTIFICIAL INTELLIGENCE AND MACHINE LEARNING,120,6
2540,1-9322426694,SREYAS INSTITUTE OF ENGINEERING AND TECHNOLOGY,Telangana,RANGAREDDI,Private-Self Financing,ENGINEERING AND TECHNOLOGY,"Jawaharlal Nehru Technological University, Hyderabad",UNDER GRADUATE,COMPUTER SCIENCE AND ENGINEERING DATA SCIENCE,120,6
2541,1-9317703632,STANLEY COLLEGE OF ENGINEERING TECHNOLOGY FOR WOMEN,Telangana,HYDERABAD,Private-Self Financing,ENGINEERING AND TECHNOLOGY,"Osmania University, Hyderabad",UNDER GRADUATE,ELECTRICAL AND ELECTRONICS ENGINEERING,60,3
2542,1-9317703632,STANLEY COLLEGE OF ENGINEERING TECHNOLOGY FOR WOMEN,Telangana,HYDERABAD,Private-Self Financing,ENGINEERING AND TECHNOLOGY,"Osmania University, Hyderabad",UNDER GRADUATE,ELECTRONICS COMMUNICATION ENGG,120,6
2543,1-9317703632,STANLEY COLLEGE OF ENGINEERING TECHNOLOGY FOR WOMEN,Telangana,HYDERABAD,Private-Self Financing,ENGINEERING AND TECHNOLOGY,"Osmania University, Hyderabad",UNDER GRADUATE,INFORMATION TECHNOLOGY,120,6
2544,1-9317703632,STANLEY COLLEGE OF ENGINEERING TECHNOLOGY FOR WOMEN,Telangana,HYDERABAD,Private-Self Financing,ENGINEERING AND TECHNOLOGY,"Osmania University, Hyderabad",UNDER GRADUATE,COMPUTER SCIENCE AND ENGINEERING,180,9
2545,1-9317703632,STANLEY COLLEGE OF ENGINEERING TECHNOLOGY FOR WOMEN,Telangana,HYDERABAD,Private-Self Financing,ENGINEERING AND TECHNOLOGY,"Osmania University, Hyderabad",UNDER GRADUATE,COMPUTER ENGINEERING,60,3
2546,1-9317703632,STANLEY COLLEGE OF ENGINEERING TECHNOLOGY FOR WOMEN,Telangana,HYDERABAD,Private-Self Financing,ENGINEERING AND TECHNOLOGY,"Osmania University, Hyderabad",UNDER GRADUATE,ARTIFICIAL INTELLIGENCE AND DATA SCIENCE,60,3
2547,1-9317845410,SULTAN-UL-ULOOM COLLEGE OF PHARMACY,Telangana,HYDERABAD,Private-Self Financing,PHARMACY,"Jawaharlal Nehru Technological University, Kukatpally",POST GRADUATE,PHARMACEUTICAL QUALITY ASSURANCE,15,1
2548,1-9317845410,SULTAN-UL-ULOOM COLLEGE OF PHARMACY,Telangana,HYDERABAD,Private-Self Financing,PHARMACY,"Jawaharlal Nehru Technological University, Kukatpally",POST GRADUATE,PHARMACEUTICAL CHEMISTRY,15,1
2549,1-9317845410,SULTAN-UL-ULOOM COLLEGE OF PHARMACY,Telangana,HYDERABAD,Private-Self Financing,PHARMACY,"Jawaharlal Nehru Technological University, Kukatpally",UNDER GRADUATE,PHARMACY,100,5
2550,1-9317845410,SULTAN-UL-ULOOM COLLEGE OF PHARMACY,Telangana,HYDERABAD,Private-Self Financing,PHARMACY,"Jawaharlal Nehru Technological University, Kukatpally",POST GRADUATE,PHARMACOLOGY,15,1
2551,1-9317845410,SULTAN-UL-ULOOM COLLEGE OF PHARMACY,Telangana,HYDERABAD,Private-Self Financing,PHARMACY,"Jawaharlal Nehru Technological University, Kukatpally",POST GRADUATE,PHARMACEUTICS,15,1
2552,1-9317845410,SULTAN-UL-ULOOM COLLEGE OF PHARMACY,Telangana,HYDERABAD,Private-Self Financing,PHARMACY,"Jawaharlal Nehru Technological University, Hyderabad",POST GRADUATE,PHARM.D.,30,2
2553,1-9317845410,SULTAN-UL-ULOOM COLLEGE OF PHARMACY,Telangana,HYDERABAD,Private-Self Financing,PHARMACY,"Jawaharlal Nehru Technological University, Hyderabad",POST GRADUATE,PHARM.D. POST BACCALAUREATE,10,1
2554,1-9321154605,VARDHAMAN COLLEGE OF ENGINEERING,Telangana,RANGAREDDI,Private-Self Financing,ENGINEERING AND TECHNOLOGY,"Jawaharlal Nehru Technological University, Hyderabad",UNDER GRADUATE,MECHANICAL ENGINEERING,60,3
2555,1-9321154605,VARDHAMAN COLLEGE OF ENGINEERING,Telangana,RANGAREDDI,Private-Self Financing,ENGINEERING AND TECHNOLOGY,"Jawaharlal Nehru Technological University, Hyderabad",UNDER GRADUATE,ELECTRICAL AND ELECTRONICS ENGINEERING,60,3
2556,1-9321154605,VARDHAMAN COLLEGE OF ENGINEERING,Telangana,RANGAREDDI,Private-Self Financing,ENGINEERING AND TECHNOLOGY,"Jawaharlal Nehru Technological University, Hyderabad",UNDER GRADUATE,ELECTRONICS AND COMMUNICATIONS ENGINEERING,180,9
2557,1-9321154605,VARDHAMAN COLLEGE OF ENGINEERING,Telangana,RANGAREDDI,Private-Self Financing,ENGINEERING AND TECHNOLOGY,"Jawaharlal Nehru Technological University, Hyderabad",UNDER GRADUATE,INFORMATION TECHNOLOGY,180,9
2558,1-9321154605,VARDHAMAN COLLEGE OF ENGINEERING,Telangana,RANGAREDDI,Private-Self Financing,ENGINEERING AND TECHNOLOGY,"Jawaharlal Nehru Technological University, Hyderabad",UNDER GRADUATE,COMPUTER SCIENCE AND ENGINEERING,240,12
2559,1-9321154605,VARDHAMAN COLLEGE OF ENGINEERING,Telangana,RANGAREDDI,Private-Self Financing,MANAGEMENT,"Jawaharlal Nehru Technological University, Hyderabad",POST GRADUATE,MBA,60,3
2560,1-9321154605,VARDHAMAN COLLEGE OF ENGINEERING,Telangana,RANGAREDDI,Private-Self Financing,ENGINEERING AND TECHNOLOGY,"Jawaharlal Nehru Technological University, Hyderabad",POST GRADUATE,COMPUTER SCIENCE AND ENGINEERING,18,1
2561,1-9321154605,VARDHAMAN COLLEGE OF ENGINEERING,Telangana,RANGAREDDI,Private-Self Financing,ENGINEERING AND TECHNOLOGY,"Jawaharlal Nehru Technological University, Hyderabad",POST GRADUATE,POWER ELECTRONICS AND ELECTRICAL DRIVES,18,1
2562,1-9321154605,VARDHAMAN COLLEGE OF ENGINEERING,Telangana,RANGAREDDI,Private-Self Financing,ENGINEERING AND TECHNOLOGY,"Jawaharlal Nehru Technological University, Hyderabad",POST GRADUATE,DIGITAL ELECTRONICS AND COMMUNICATION SYSTEMS,18,1
2563,1-9321154605,VARDHAMAN COLLEGE OF ENGINEERING,Telangana,RANGAREDDI,Private-Self Financing,ENGINEERING AND TECHNOLOGY,"Jawaharlal Nehru Technological University, Hyderabad",POST GRADUATE,ENGINEERING DESIGN,18,1
2564,1-9321154605,VARDHAMAN COLLEGE OF ENGINEERING,Telangana,RANGAREDDI,Private-Self Financing,ENGINEERING AND TECHNOLOGY,"Jawaharlal Nehru Technological University, Hyderabad",UNDER GRADUATE,CIVIL ENGINEERING,60,3
2565,1-9321154605,VARDHAMAN COLLEGE OF ENGINEERING,Telangana,RANGAREDDI,Private-Self Financing,ENGINEERING AND TECHNOLOGY,"Jawaharlal Nehru Technological University, Hyderabad",POST GRADUATE,STRUCTURAL ENGINEERING,18,1
2566,1-9321154605,VARDHAMAN COLLEGE OF ENGINEERING,Telangana,RANGAREDDI,Private-Self Financing,ENGINEERING AND TECHNOLOGY,"Jawaharlal Nehru Technological University, Hyderabad",UNDER GRADUATE,COMPUTER SCIENCE AND ENGINEERINGARTIFICIAL INTELLIGENCE AND MACHINE LEARNING,180,9
2567,1-9321154605,VARDHAMAN COLLEGE OF ENGINEERING,Telangana,RANGAREDDI,Private-Self Financing,ENGINEERING AND TECHNOLOGY,"Jawaharlal Nehru Technological University, Hyderabad",UNDER GRADUATE,ARTIFICIAL INTELLIGENCE AI AND DATA SCIENCE,60,3
2568,1-9321154605,VARDHAMAN COLLEGE OF ENGINEERING,Telangana,RANGAREDDI,Private-Self Financing,ENGINEERING AND TECHNOLOGY,"Jawaharlal Nehru Technological University, Hyderabad",UNDER GRADUATE,ARTIFICIAL INTELLIGENCE AND MACHINE LEARNING,60,3
2569,1-9323010727,VNR VIGNANA JYOTHI INSTITUTE OF ENGINEERING TECHNOLOGY,Telangana,RANGAREDDI,Private-Self Financing,ENGINEERING AND TECHNOLOGY,"Jawaharlal Nehru Technological University, Hyderabad",UNDER GRADUATE,MECHANICAL ENGINEERING,120,6
2570,1-9323010727,VNR VIGNANA JYOTHI INSTITUTE OF ENGINEERING TECHNOLOGY,Telangana,RANGAREDDI,Private-Self Financing,ENGINEERING AND TECHNOLOGY,"Jawaharlal Nehru Technological University, Hyderabad",UNDER GRADUATE,ELECTRONICS COMMUNICATION ENGG,240,12
2571,1-9323010727,VNR VIGNANA JYOTHI INSTITUTE OF ENGINEERING TECHNOLOGY,Telangana,RANGAREDDI,Private-Self Financing,ENGINEERING AND TECHNOLOGY,"Jawaharlal Nehru Technological University, Hyderabad",UNDER GRADUATE,COMPUTER SCIENCE AND ENGINEERING,240,12
2572,1-9323010727,VNR VIGNANA JYOTHI INSTITUTE OF ENGINEERING TECHNOLOGY,Telangana,RANGAREDDI,Private-Self Financing,ENGINEERING AND TECHNOLOGY,"Jawaharlal Nehru Technological University, Hyderabad",UNDER GRADUATE,ELECTRONICS AND INSTRUMENTATION ENGINEERING,120,6
2573,1-9323010727,VNR VIGNANA JYOTHI INSTITUTE OF ENGINEERING TECHNOLOGY,Telangana,RANGAREDDI,Private-Self Financing,ENGINEERING AND TECHNOLOGY,"Jawaharlal Nehru Technological University, Hyderabad",UNDER GRADUATE,INFORMATION TECHNOLOGY,180,9
2574,1-9323010727,VNR VIGNANA JYOTHI INSTITUTE OF ENGINEERING TECHNOLOGY,Telangana,RANGAREDDI,Private-Self Financing,ENGINEERING AND TECHNOLOGY,"Jawaharlal Nehru Technological University, Hyderabad",UNDER GRADUATE,AUTOMOBILE ENGINEERING,60,3
2575,1-9323010727,VNR VIGNANA JYOTHI INSTITUTE OF ENGINEERING TECHNOLOGY,Telangana,RANGAREDDI,Private-Self Financing,ENGINEERING AND TECHNOLOGY,"Jawaharlal Nehru Technological University, Hyderabad",UNDER GRADUATE,CIVIL ENGINEERING,120,6
2576,1-9323010727,VNR VIGNANA JYOTHI INSTITUTE OF ENGINEERING TECHNOLOGY,Telangana,RANGAREDDI,Private-Self Financing,ENGINEERING AND TECHNOLOGY,"Jawaharlal Nehru Technological University, Hyderabad",UNDER GRADUATE,ELECTRICAL AND ELECTRONICS ENGINEERING,120,6
2577,1-9323010727,VNR VIGNANA JYOTHI INSTITUTE OF ENGINEERING TECHNOLOGY,Telangana,RANGAREDDI,Private-Self Financing,ENGINEERING AND TECHNOLOGY,"Jawaharlal Nehru Technological University, Hyderabad",UNDER GRADUATE,COMPUTER SCIENCE AND BUSINESS SYSTEM,60,3
2578,1-9323010727,VNR VIGNANA JYOTHI INSTITUTE OF ENGINEERING TECHNOLOGY,Telangana,RANGAREDDI,Private-Self Financing,ENGINEERING AND TECHNOLOGY,"Jawaharlal Nehru Technological University, Hyderabad",UNDER GRADUATE,COMPUTER SCIENCE AND ENGINEERING DATA SCIENCE,120,6
2579,1-9323010727,VNR VIGNANA JYOTHI INSTITUTE OF ENGINEERING TECHNOLOGY,Telangana,RANGAREDDI,Private-Self Financing,ENGINEERING AND TECHNOLOGY,"Jawaharlal Nehru Technological University, Hyderabad",UNDER GRADUATE,COMPUTER SCIENCE AND ENGINEERINGARTIFICIAL INTELLIGENCE AND MACHINE LEARNING,180,9
2580,1-9323010727,VNR VIGNANA JYOTHI INSTITUTE OF ENGINEERING TECHNOLOGY,Telangana,RANGAREDDI,Private-Self Financing,ENGINEERING AND TECHNOLOGY,"Jawaharlal Nehru Technological University, Hyderabad",UNDER GRADUATE,COMPUTER SCIENCE AND ENGINEERING CYBER SECURITY,60,3
2581,1-9323010727,VNR VIGNANA JYOTHI INSTITUTE OF ENGINEERING TECHNOLOGY,Telangana,RANGAREDDI,Private-Self Financing,ENGINEERING AND TECHNOLOGY,"Jawaharlal Nehru Technological University, Hyderabad",UNDER GRADUATE,COMPUTER SCIENCE AND ENGINEERING IOT,60,3
2582,1-9323010727,VNR VIGNANA JYOTHI INSTITUTE OF ENGINEERING TECHNOLOGY,Telangana,RANGAREDDI,Private-Self Financing,ENGINEERING AND TECHNOLOGY,"Jawaharlal Nehru Technological University, Hyderabad",UNDER GRADUATE,ARTIFICIAL INTELLIGENCE AI AND DATA SCIENCE,60,3
2583,1-9317479576,INSTITUTE OF ENGINEERING AND TECHNOLOGY,Uttar Pradesh,LUCKNOW,Government,ENGINEERING AND TECHNOLOGY,"Dr. A.P.J. Abdul Kalam Technical University, Uttar Pradesh, Lucknow",UNDER GRADUATE,ELECTRICAL ENGINEERING,60,3
2584,1-9317479576,INSTITUTE OF ENGINEERING AND TECHNOLOGY,Uttar Pradesh,LUCKNOW,Government,ENGINEERING AND TECHNOLOGY,"Dr. A.P.J. Abdul Kalam Technical University, Uttar Pradesh, Lucknow",UNDER GRADUATE,CIVIL ENGINEERING,60,3
2585,1-9317479576,INSTITUTE OF ENGINEERING AND TECHNOLOGY,Uttar Pradesh,LUCKNOW,Government,ENGINEERING AND TECHNOLOGY,"Dr. A.P.J. Abdul Kalam Technical University, Uttar Pradesh, Lucknow",UNDER GRADUATE,CHEMICAL ENGINEERING,60,3
2586,1-9317479576,INSTITUTE OF ENGINEERING AND TECHNOLOGY,Uttar Pradesh,LUCKNOW,Government,ENGINEERING AND TECHNOLOGY,"Dr. A.P.J. Abdul Kalam Technical University, Uttar Pradesh, Lucknow",UNDER GRADUATE,COMPUTER SCIENCE ENGINEERING,120,6
2587,1-9317479576,INSTITUTE OF ENGINEERING AND TECHNOLOGY,Uttar Pradesh,LUCKNOW,Government,ENGINEERING AND TECHNOLOGY,"Dr. A.P.J. Abdul Kalam Technical University, Uttar Pradesh, Lucknow",UNDER GRADUATE,ELECTRONICS COMMUNICATION ENGG,60,3
2588,1-9317479576,INSTITUTE OF ENGINEERING AND TECHNOLOGY,Uttar Pradesh,LUCKNOW,Government,ENGINEERING AND TECHNOLOGY,"Dr. A.P.J. Abdul Kalam Technical University, Uttar Pradesh, Lucknow",UNDER GRADUATE,MECHANICAL ENGINEERING,60,3
2589,1-9317479576,INSTITUTE OF ENGINEERING AND TECHNOLOGY,Uttar Pradesh,LUCKNOW,Government,ENGINEERING AND TECHNOLOGY,"Dr. A.P.J. Abdul Kalam Technical University, Uttar Pradesh, Lucknow",UNDER GRADUATE,COMPUTER SCIENCE ENGINEERING ARTIFICIAL INTELLIGENCE,60,3
2590,1-9317449173,JAIPURIA INSTITUTE OF MANAGEMENT NOIDA,Uttar Pradesh,GAUTAM BUDDHA NAGAR,Private-Self Financing,MANAGEMENT,"Directorate of Training and Technical Education, New Delhi",POST GRADUATE DIPLOMA,PGDM,180,9
2591,1-9317449173,JAIPURIA INSTITUTE OF MANAGEMENT NOIDA,Uttar Pradesh,GAUTAM BUDDHA NAGAR,Private-Self Financing,MANAGEMENT,"Directorate of Training and Technical Education, New Delhi",POST GRADUATE DIPLOMA,PGDMSERVICE MANAGEMENT,60,3
2592,1-9317449173,JAIPURIA INSTITUTE OF MANAGEMENT NOIDA,Uttar Pradesh,GAUTAM BUDDHA NAGAR,Private-Self Financing,MANAGEMENT,"Directorate of Training and Technical Education, New Delhi",POST GRADUATE DIPLOMA,PGDMMARKETING,120,6
2593,1-9320167993,JAYPEE INSTITUTE OF INFORMATION TECHNOLOGY,Uttar Pradesh,GAUTAM BUDDHA NAGAR,Deemed to be University(Pvt),ENGINEERING AND TECHNOLOGY,"Jaypee Institute of Information Technology, Noida",UNDER GRADUATE,COMPUTER SCIENCE ENGINEERING,540,27
2594,1-9320167993,JAYPEE INSTITUTE OF INFORMATION TECHNOLOGY,Uttar Pradesh,GAUTAM BUDDHA NAGAR,Deemed to be University(Pvt),ENGINEERING AND TECHNOLOGY,"Jaypee Institute of Information Technology, Noida",UNDER GRADUATE,INFORMATION TECHNOLOGY,60,3
2595,1-9320167993,JAYPEE INSTITUTE OF INFORMATION TECHNOLOGY,Uttar Pradesh,GAUTAM BUDDHA NAGAR,Deemed to be University(Pvt),ENGINEERING AND TECHNOLOGY,"Jaypee Institute of Information Technology, Noida",UNDER GRADUATE,ELECTRONICS COMMUNICATION ENGINEERING,480,24
2596,1-9320167993,JAYPEE INSTITUTE OF INFORMATION TECHNOLOGY,Uttar Pradesh,GAUTAM BUDDHA NAGAR,Deemed to be University(Pvt),ENGINEERING AND TECHNOLOGY,"Jaypee Institute of Information Technology, Noida",UNDER GRADUATE,BIOTECHNOLOGY,60,3
2597,1-9317419599,MAHARANA PRATAP ENGINEERING COLLEGE,Uttar Pradesh,KANPUR NAGAR,Private-Self Financing,ENGINEERING AND TECHNOLOGY,"Dr. A.P.J. Abdul Kalam Technical University, Uttar Pradesh, Lucknow",UNDER GRADUATE,COMPUTER SCIENCE AND ENGINEERING,120,6
2598,1-9317419599,MAHARANA PRATAP ENGINEERING COLLEGE,Uttar Pradesh,KANPUR NAGAR,Private-Self Financing,ENGINEERING AND TECHNOLOGY,"Dr. A.P.J. Abdul Kalam Technical University, Uttar Pradesh, Lucknow",UNDER GRADUATE,ELECTRICAL ENGINEERING,60,3
2599,1-9317419599,MAHARANA PRATAP ENGINEERING COLLEGE,Uttar Pradesh,KANPUR NAGAR,Private-Self Financing,ENGINEERING AND TECHNOLOGY,"Dr. A.P.J. Abdul Kalam Technical University, Uttar Pradesh, Lucknow",UNDER GRADUATE,MECHANICAL ENGINEERING,120,6
2600,1-9317419599,MAHARANA PRATAP ENGINEERING COLLEGE,Uttar Pradesh,KANPUR NAGAR,Private-Self Financing,ENGINEERING AND TECHNOLOGY,"Dr. A.P.J. Abdul Kalam Technical University, Uttar Pradesh, Lucknow",UNDER GRADUATE,BIOTECHNOLOGY,120,6
2601,1-9317419599,MAHARANA PRATAP ENGINEERING COLLEGE,Uttar Pradesh,KANPUR NAGAR,Private-Self Financing,ENGINEERING AND TECHNOLOGY,"Dr. A.P.J. Abdul Kalam Technical University, Uttar Pradesh, Lucknow",UNDER GRADUATE,COMPUTER SCIENCE AND ENGINEERING DATA SCIENCE,120,6
2602,1-9322352217,ACADEMY OF TECHNOLOGY,West Bengal,HOOGHLY,Private-Self Financing,ENGINEERING AND TECHNOLOGY,"Maulana Abul Kalam Azad University of Technology, West Bengal",UNDER GRADUATE,COMPUTER SCIENCE AND ENGINEERING,180,9
2603,1-9322352217,ACADEMY OF TECHNOLOGY,West Bengal,HOOGHLY,Private-Self Financing,ENGINEERING AND TECHNOLOGY,"Maulana Abul Kalam Azad University of Technology, West Bengal",UNDER GRADUATE,ELECTRONICS AND COMMUNICATIONS ENGINEERING,180,9
2604,1-9322352217,ACADEMY OF TECHNOLOGY,West Bengal,HOOGHLY,Private-Self Financing,ENGINEERING AND TECHNOLOGY,"Maulana Abul Kalam Azad University of Technology, West Bengal",UNDER GRADUATE,ELECTRICAL ENGINEERING,60,3
2605,1-9322352217,ACADEMY OF TECHNOLOGY,West Bengal,HOOGHLY,Private-Self Financing,ENGINEERING AND TECHNOLOGY,"Maulana Abul Kalam Azad University of Technology, West Bengal",UNDER GRADUATE,MECHANICAL ENGINEERING,60,3
2606,1-9322352217,ACADEMY OF TECHNOLOGY,West Bengal,HOOGHLY,Private-Self Financing,ENGINEERING AND TECHNOLOGY,"Maulana Abul Kalam Azad University of Technology, West Bengal",UNDER GRADUATE,COMPUTER SCIENCE AND BUSINESS SYSTEM,60,3
2607,1-9322352217,ACADEMY OF TECHNOLOGY,West Bengal,HOOGHLY,Private-Self Financing,ENGINEERING AND TECHNOLOGY,"Maulana Abul Kalam Azad University of Technology, West Bengal",UNDER GRADUATE,ELECTRICAL AND ELECTRONICS ENGINEERING,60,3
2608,1-9318405117,BUDGE BUDGE INSTITUTE OF TECHNOLOGY,West Bengal,SOUTH 24 PARGANAS,Private-Self Financing,MANAGEMENT,"Maulana Abul Kalam Azad University of Technology, West Bengal",POST GRADUATE,MBA,60,3
2609,1-9318405117,BUDGE BUDGE INSTITUTE OF TECHNOLOGY,West Bengal,SOUTH 24 PARGANAS,Private-Self Financing,ENGINEERING AND TECHNOLOGY,"Maulana Abul Kalam Azad University of Technology, West Bengal",UNDER GRADUATE,CIVIL ENGINEERING,60,3
2610,1-9318405117,BUDGE BUDGE INSTITUTE OF TECHNOLOGY,West Bengal,SOUTH 24 PARGANAS,Private-Self Financing,ENGINEERING AND TECHNOLOGY,"Maulana Abul Kalam Azad University of Technology, West Bengal",UNDER GRADUATE,ELECTRICAL ENGINEERING,60,3
2611,1-9318405117,BUDGE BUDGE INSTITUTE OF TECHNOLOGY,West Bengal,SOUTH 24 PARGANAS,Private-Self Financing,ENGINEERING AND TECHNOLOGY,"Maulana Abul Kalam Azad University of Technology, West Bengal",UNDER GRADUATE,ELECTRONICS AND COMMUNICATIONS ENGINEERING,60,3
2612,1-9318405117,BUDGE BUDGE INSTITUTE OF TECHNOLOGY,West Bengal,SOUTH 24 PARGANAS,Private-Self Financing,ENGINEERING AND TECHNOLOGY,"Maulana Abul Kalam Azad University of Technology, West Bengal",UNDER GRADUATE,MECHANICAL ENGINEERING,60,3
2613,1-9318405117,BUDGE BUDGE INSTITUTE OF TECHNOLOGY,West Bengal,SOUTH 24 PARGANAS,Private-Self Financing,ENGINEERING AND TECHNOLOGY,"Maulana Abul Kalam Azad University of Technology, West Bengal",UNDER GRADUATE,COMPUTER SCIENCE AND ENGINEERING,180,9
2614,1-9318029982,DEPARTMENT OF JUTE FIBRE TECHNOLOGYINSTITUTE OF JUTE TECHNOLOGYUNIVERSITY OF CALCUTTA,West Bengal,KOLKATA,State Government University,ENGINEERING AND TECHNOLOGY,"University of Calcutta, Kolkata",UNDER GRADUATE,JUTE AND FIBRE TECHNOLOGY,60,3
2615,1-9318029982,DEPARTMENT OF JUTE FIBRE TECHNOLOGYINSTITUTE OF JUTE TECHNOLOGYUNIVERSITY OF CALCUTTA,West Bengal,KOLKATA,State Government University,ENGINEERING AND TECHNOLOGY,"University of Calcutta, Kolkata",POST GRADUATE,TEXTILE TECHNOLOGY TECHNICAL TEXTILES,18,1
2616,1-9317985449,INSTITUTE OF ENGINEERING MANAGEMENT,West Bengal,KOLKATA,Private-Self Financing,ENGINEERING AND TECHNOLOGY,"Maulana Abul Kalam Azad University of Technology, West Bengal",UNDER GRADUATE,INFORMATION TECHNOLOGY,60,3
2617,1-9317985449,INSTITUTE OF ENGINEERING MANAGEMENT,West Bengal,KOLKATA,Private-Self Financing,ENGINEERING AND TECHNOLOGY,"Maulana Abul Kalam Azad University of Technology, West Bengal",UNDER GRADUATE,COMPUTER SCIENCE AND BUSINESS SYSTEM,60,3
2618,1-9317985449,INSTITUTE OF ENGINEERING MANAGEMENT,West Bengal,KOLKATA,Private-Self Financing,ENGINEERING AND TECHNOLOGY,"Maulana Abul Kalam Azad University of Technology, West Bengal",UNDER GRADUATE,COMPUTER SCIENCE AND ENGINEERINGARTIFICIAL INTELLIGENCE AND MACHINE LEARNING,60,3
2619,1-9317985449,INSTITUTE OF ENGINEERING MANAGEMENT,West Bengal,KOLKATA,Private-Self Financing,ENGINEERING AND TECHNOLOGY,"Maulana Abul Kalam Azad University of Technology, West Bengal",UNDER GRADUATE,COMPUTER SCIENCE AND ENGINEERING INTERNET OF THINGS AND CYBER SECURITY INCLUDING BLOCK CHAIN TECHNO,60,3